name;short_description;nc_variable_name;alias;column_index;line_index;max_line_index;description;type;unit;default_value;min_value;max_value;access_path;successful_readings;is_in_opc_data
maxCycleTimeNet;Maximum net cycle time;;;3;See description below;100;"Maximum net run time in ms.

Line index:
Selects a specific SW task on the NCK:
Line index 1: SERVO
Line index 2: IPO
Line index 3: VL
Line index 4: PLC
Line index 5: SYNACT
Line index 6: COS
Line index 7: DRIVE (low prior.)
Line index 8: EXCOM (domain services)
Line index 9: Reserved
Line index 10: Reserved
Line index 11: INT (compile cycles in the interpreter)
Line index 100: ALL (all tasks, only for write accesses)
Line index 12: EES (EES - async. - subtask)
Line index 13: PREPJOB (non-cyclic task on an auxiliary core)";TYPE_DOUBLE;Time (ms);;;;/Channel/ChannelDiagnose/maxCycleTimeNet[u<Channel numb>, <Line Index>];"/Channel/ChannelDiagnose/maxCycleTimeNet[u1, 1]
/Channel/ChannelDiagnose/maxCycleTimeNet[u1, 2]
/Channel/ChannelDiagnose/maxCycleTimeNet[u1, 3]
/Channel/ChannelDiagnose/maxCycleTimeNet[u1, 4]
/Channel/ChannelDiagnose/maxCycleTimeNet[u1, 5]
/Channel/ChannelDiagnose/maxCycleTimeNet[u1, 6]
/Channel/ChannelDiagnose/maxCycleTimeNet[u1, 7]
/Channel/ChannelDiagnose/maxCycleTimeNet[u1, 8]
/Channel/ChannelDiagnose/maxCycleTimeNet[u1, 9]
/Channel/ChannelDiagnose/maxCycleTimeNet[u1, 10]
/Channel/ChannelDiagnose/maxCycleTimeNet[u1, 11]
/Channel/ChannelDiagnose/maxCycleTimeNet[u1, 100]";True
actToolRadius;Active tool radius;$P_TOOLR;;27;;;"The variable returns the current total radius of the tool.
The total radius includes all components, such as geometry radius ($TC_DP6), wear radius ($TC_DP15) and online offset values.";TYPE_DOUBLE;Linear position (mm, inch or user defined);;;;/Channel/State/actToolRadius[u<Channel numb>];/Channel/State/actToolRadius[u1];True
actFeedRate;Actual value of axis-specific feedrate;;;3;"Axis
Axis Number";numMachAxes;Actual value of axis-specific feedrate, if the axis is a positioning axis.;TYPE_DOUBLE;Linear or angular velocity, as a function of axis type;;;;/Channel/MachineAxis/actFeedRate[u<Channel numb>, <Line Index>];"/Channel/MachineAxis/actFeedRate[u1, 1]
/Channel/MachineAxis/actFeedRate[u1, 2]
/Channel/MachineAxis/actFeedRate[u1, 3]
/Channel/MachineAxis/actFeedRate[u1, 4]
/Channel/MachineAxis/actFeedRate[u1, 5]
/Channel/MachineAxis/actFeedRate[u1, 6]
/Channel/MachineAxis/actFeedRate[u1, 7]
/Channel/MachineAxis/actFeedRate[u1, 8]
/Channel/MachineAxis/actFeedRate[u1, 9]
/Channel/MachineAxis/actFeedRate[u1, 10]
/Channel/MachineAxis/actFeedRate[u1, 11]
/Channel/MachineAxis/actFeedRate[u1, 12]
/Channel/MachineAxis/actFeedRate[u1, 13]
/Channel/MachineAxis/actFeedRate[u1, 14]
/Channel/MachineAxis/actFeedRate[u1, 15]
/Channel/MachineAxis/actFeedRate[u1, 16]
/Channel/MachineAxis/actFeedRate[u1, 17]
/Channel/MachineAxis/actFeedRate[u1, 18]
/Channel/MachineAxis/actFeedRate[u1, 19]
/Channel/MachineAxis/actFeedRate[u1, 20]";True
feedRateOvr;Feedrate override;;;1;"Axis
Axis Number";numMachAxes;Feedrate override (only if axis is a positioning axis);TYPE_DOUBLE;per cent;;;;/Channel/MachineAxis/feedRateOvr[u<Channel numb>, <Line Index>];"/Channel/MachineAxis/feedRateOvr[u1, 1]
/Channel/MachineAxis/feedRateOvr[u1, 2]
/Channel/MachineAxis/feedRateOvr[u1, 3]
/Channel/MachineAxis/feedRateOvr[u1, 4]
/Channel/MachineAxis/feedRateOvr[u1, 5]
/Channel/MachineAxis/feedRateOvr[u1, 6]
/Channel/MachineAxis/feedRateOvr[u1, 7]
/Channel/MachineAxis/feedRateOvr[u1, 8]
/Channel/MachineAxis/feedRateOvr[u1, 9]
/Channel/MachineAxis/feedRateOvr[u1, 10]
/Channel/MachineAxis/feedRateOvr[u1, 11]
/Channel/MachineAxis/feedRateOvr[u1, 12]
/Channel/MachineAxis/feedRateOvr[u1, 13]
/Channel/MachineAxis/feedRateOvr[u1, 14]
/Channel/MachineAxis/feedRateOvr[u1, 15]
/Channel/MachineAxis/feedRateOvr[u1, 16]
/Channel/MachineAxis/feedRateOvr[u1, 17]
/Channel/MachineAxis/feedRateOvr[u1, 18]
/Channel/MachineAxis/feedRateOvr[u1, 19]
/Channel/MachineAxis/feedRateOvr[u1, 20]";True
ipoCounter;ipoCounter;;;31;;;ipoCounter;TYPE_DWORD;No unit;;;;/Channel/Diagnose/ipoCounter[u<Channel numb>];/Channel/Diagnose/ipoCounter[u1];True
actToolGeoLength;Geometry component of the active tool;;;368;"Component
1";15;"Returns the length components of the geometry component of the active tool, that is the contribution of the components $TC_DP3[..] - $TC_DP5[..] in different coordinate systems.
Both the component and the coordinate system are selected from the line index.
Three indices are required for each coordinate system (lengths L1, L2, L3).
The following assignment applies:
Line indices 1 - 3: Components in the workpiece coordinate system (PCS).
Line indices 4 - 6: Components in the basic coordinate system (BCS).
Line indices 7 - 9: Components in the machine coordinate system (MCS).
Line indices 10 - 12: Components in the tool coordinate system (TCS).
Line indices 13 - 15: Components in the settable zero system (SZS).";TYPE_DOUBLE;Linear position (mm, inch or user defined);;;;/Channel/State/actToolGeoLength[u<Channel numb>, <Line Index>];"/Channel/State/actToolGeoLength[u1, 1]
/Channel/State/actToolGeoLength[u1, 2]
/Channel/State/actToolGeoLength[u1, 3]
/Channel/State/actToolGeoLength[u1, 4]
/Channel/State/actToolGeoLength[u1, 5]
/Channel/State/actToolGeoLength[u1, 6]
/Channel/State/actToolGeoLength[u1, 7]
/Channel/State/actToolGeoLength[u1, 8]
/Channel/State/actToolGeoLength[u1, 9]
/Channel/State/actToolGeoLength[u1, 10]
/Channel/State/actToolGeoLength[u1, 11]
/Channel/State/actToolGeoLength[u1, 12]
/Channel/State/actToolGeoLength[u1, 13]
/Channel/State/actToolGeoLength[u1, 14]
/Channel/State/actToolGeoLength[u1, 15]";True
actToolGeoLengthWear;Wear component of the active tool;;;369;"Component
1";15;"Returns the components of the wear component of the tool length of the active tool, that is the contribution of the components $TC_DP12[..] - $TC_DP14[..] in different coordinate systems.
Both the component and the coordinate system are selected from the line index.
Three indices are required for each coordinate system (lengths L1, L2, L3).
The following assignment applies:
Line indices 1 - 3: Components in the workpiece coordinate system (PCS).
Line indices 4 - 6: Components in the basic coordinate system (BCS).
Line indices 7 - 9: Components in the machine coordinate system (MCS).
Line indices 10 - 12: Components in the tool coordinate system (TCS).
Line indices 13 - 15: Components in the settable zero system (SZS).";TYPE_DOUBLE;Linear position (mm, inch or user defined);;;;/Channel/State/actToolGeoLengthWear[u<Channel numb>, <Line Index>];"/Channel/State/actToolGeoLengthWear[u1, 1]
/Channel/State/actToolGeoLengthWear[u1, 2]
/Channel/State/actToolGeoLengthWear[u1, 3]
/Channel/State/actToolGeoLengthWear[u1, 4]
/Channel/State/actToolGeoLengthWear[u1, 5]
/Channel/State/actToolGeoLengthWear[u1, 6]
/Channel/State/actToolGeoLengthWear[u1, 7]
/Channel/State/actToolGeoLengthWear[u1, 8]
/Channel/State/actToolGeoLengthWear[u1, 9]
/Channel/State/actToolGeoLengthWear[u1, 10]
/Channel/State/actToolGeoLengthWear[u1, 11]
/Channel/State/actToolGeoLengthWear[u1, 12]
/Channel/State/actToolGeoLengthWear[u1, 13]
/Channel/State/actToolGeoLengthWear[u1, 14]
/Channel/State/actToolGeoLengthWear[u1, 15]";True
actToolSumCorrLength;Total offset of the active tool;;;370;"Component
1";15;"Returns the components of the total offset of the active tool, that is the contribution of the components $TC_SCPx3[..] - $TC_SCPx5[..] in different coordinate systems. The letter 'x' in the components $TC_SCPx3[..] etc. stands for the DL number.
Both the component and the coordinate system are selected from the line index.
Three indices are required for each coordinate system (lengths L1, L2, L3).
The following assignment applies:
Line indices 1 - 3: Components in the workpiece coordinate system (PCS).
Line indices 4 - 6: Components in the basic coordinate system (BCS).
Line indices 7 - 9: Components in the machine coordinate system (MCS).
Line indices 10 - 12: Components in the tool coordinate system (TCS).
Line indices 13 - 15: Components in the settable zero system (SZS).";TYPE_DOUBLE;Linear position (mm, inch or user defined);;;;/Channel/State/actToolSumCorrLength[u<Channel numb>, <Line Index>];"/Channel/State/actToolSumCorrLength[u1, 1]
/Channel/State/actToolSumCorrLength[u1, 2]
/Channel/State/actToolSumCorrLength[u1, 3]
/Channel/State/actToolSumCorrLength[u1, 4]
/Channel/State/actToolSumCorrLength[u1, 5]
/Channel/State/actToolSumCorrLength[u1, 6]
/Channel/State/actToolSumCorrLength[u1, 7]
/Channel/State/actToolSumCorrLength[u1, 8]
/Channel/State/actToolSumCorrLength[u1, 9]
/Channel/State/actToolSumCorrLength[u1, 10]
/Channel/State/actToolSumCorrLength[u1, 11]
/Channel/State/actToolSumCorrLength[u1, 12]
/Channel/State/actToolSumCorrLength[u1, 13]
/Channel/State/actToolSumCorrLength[u1, 14]
/Channel/State/actToolSumCorrLength[u1, 15]";True
actToolAdapterBaseLength;Adapter or base dimension of the active tool.;;;371;"Component
1";15;"Returns the components of the adapter or base dimension of the active tool, that is the contribution of the components $TC_ADPT1[..] - $TC_ADPT3[..] or $TC_DP21[..] - $TC_DP233[..] in different coordinate systems.
The adapter and base dimension are mutually exclusive. This means that only one of these two components can contribute a value unequal to zero to the tool length.
Both the component and the coordinate system are selected from the line index.
Three indices are required for each coordinate system (lengths L1, L2, L3).
The following assignment applies:
Line indices 1 - 3: Components in the workpiece coordinate system (PCS).
Line indices 4 - 6: Components in the basic coordinate system (BCS).
Line indices 7 - 9: Components in the machine coordinate system (MCS).
Line indices 10 - 12: Components in the tool coordinate system (TCS).
Line indices 13 - 15: Components in the settable zero system (SZS).";TYPE_DOUBLE;Linear position (mm, inch or user defined);;;;/Channel/State/actToolAdapterBaseLength[u<Channel numb>, <Line Index>];"/Channel/State/actToolAdapterBaseLength[u1, 1]
/Channel/State/actToolAdapterBaseLength[u1, 2]
/Channel/State/actToolAdapterBaseLength[u1, 3]
/Channel/State/actToolAdapterBaseLength[u1, 4]
/Channel/State/actToolAdapterBaseLength[u1, 5]
/Channel/State/actToolAdapterBaseLength[u1, 6]
/Channel/State/actToolAdapterBaseLength[u1, 7]
/Channel/State/actToolAdapterBaseLength[u1, 8]
/Channel/State/actToolAdapterBaseLength[u1, 9]
/Channel/State/actToolAdapterBaseLength[u1, 10]
/Channel/State/actToolAdapterBaseLength[u1, 11]
/Channel/State/actToolAdapterBaseLength[u1, 12]
/Channel/State/actToolAdapterBaseLength[u1, 13]
/Channel/State/actToolAdapterBaseLength[u1, 14]
/Channel/State/actToolAdapterBaseLength[u1, 15]";True
actToolEntryCorrLength;Setup offset of the active tool;;;372;"Component
1";15;"Returns the components of the total offset of the active tool, that is the contribution of the components $TC_ECPx3[..] - $TC_ECPx5[..] in different coordinate systems. The letter 'x' in the components $TC_SCPx3[..] etc. stands for the DL number.
Both the component and the coordinate system are selected from the line index.
Three indices are required for each coordinate system (lengths L1, L2, L3).
The following assignment applies:
Line indices 1 - 3: Components in the workpiece coordinate system (PCS).
Line indices 4 - 6: Components in the basic coordinate system (BCS).
Line indices 7 - 9: Components in the machine coordinate system (MCS).
Line indices 10 - 12: Components in the tool coordinate system (TCS).
Line indices 13 - 15: Components in the settable zero system (SZS).";TYPE_DOUBLE;Linear position (mm, inch or user defined);;;;/Channel/State/actToolEntryCorrLength[u<Channel numb>, <Line Index>];"/Channel/State/actToolEntryCorrLength[u1, 1]
/Channel/State/actToolEntryCorrLength[u1, 2]
/Channel/State/actToolEntryCorrLength[u1, 3]
/Channel/State/actToolEntryCorrLength[u1, 4]
/Channel/State/actToolEntryCorrLength[u1, 5]
/Channel/State/actToolEntryCorrLength[u1, 6]
/Channel/State/actToolEntryCorrLength[u1, 7]
/Channel/State/actToolEntryCorrLength[u1, 8]
/Channel/State/actToolEntryCorrLength[u1, 9]
/Channel/State/actToolEntryCorrLength[u1, 10]
/Channel/State/actToolEntryCorrLength[u1, 11]
/Channel/State/actToolEntryCorrLength[u1, 12]
/Channel/State/actToolEntryCorrLength[u1, 13]
/Channel/State/actToolEntryCorrLength[u1, 14]
/Channel/State/actToolEntryCorrLength[u1, 15]";True
aaAccPercent;Current acceleration value in percent;$AA_ACC_PERCENT[Achse];;200;Axis Number;numMachAxes;Current acceleration value for single-axis interpolation in percent;TYPE_UWORD;No unit;0;0.0;;/Channel/MachineAxis/aaAccPercent[u<Channel numb>, <Line Index>];"/Channel/MachineAxis/aaAccPercent[u1, 1]
/Channel/MachineAxis/aaAccPercent[u1, 2]
/Channel/MachineAxis/aaAccPercent[u1, 3]
/Channel/MachineAxis/aaAccPercent[u1, 4]
/Channel/MachineAxis/aaAccPercent[u1, 5]
/Channel/MachineAxis/aaAccPercent[u1, 6]
/Channel/MachineAxis/aaAccPercent[u1, 7]
/Channel/MachineAxis/aaAccPercent[u1, 8]
/Channel/MachineAxis/aaAccPercent[u1, 9]
/Channel/MachineAxis/aaAccPercent[u1, 10]
/Channel/MachineAxis/aaAccPercent[u1, 11]
/Channel/MachineAxis/aaAccPercent[u1, 12]
/Channel/MachineAxis/aaAccPercent[u1, 13]
/Channel/MachineAxis/aaAccPercent[u1, 14]
/Channel/MachineAxis/aaAccPercent[u1, 15]
/Channel/MachineAxis/aaAccPercent[u1, 16]
/Channel/MachineAxis/aaAccPercent[u1, 17]
/Channel/MachineAxis/aaAccPercent[u1, 18]
/Channel/MachineAxis/aaAccPercent[u1, 19]
/Channel/MachineAxis/aaAccPercent[u1, 20]";True
actToolLength3;Active tool length 3;$P_TOOLL[3];;30;;;"The variable returns the active tool length 3. 
The value corresponds to the value in $TC_DP5 including the active tool offsets, but irrespective of the selected machining plane (G17, G18 or G19) and setting data, such as SD42940 $SC_TOOL_LENGTH_CONST.";TYPE_DOUBLE;Linear position (mm, inch or user defined);;;;/Channel/State/actToolLength3[u<Channel numb>];/Channel/State/actToolLength3[u1];True
actToolToolCarrierLength;Contribution of tool carrier to the tool length;;;373;"Component
1";15;"Returns the components of the contribution of the orientable tool carrier (ToolCarrier) to the length of the active tool in different coordinate systems.
Both the component and the coordinate system are selected from the line index.
Three indices are required for each coordinate system (lengths L1, L2, L3).
The following assignment applies:
Line indices 1 - 3: Components in the workpiece coordinate system (PCS).
Line indices 4 - 6: Components in the basic coordinate system (BCS).
Line indices 7 - 9: Components in the machine coordinate system (MCS).
Line indices 10 - 12: Components in the tool coordinate system (TCS).
Line indices 13 - 15: Components in the settable zero system (SZS).";TYPE_DOUBLE;Linear position (mm, inch or user defined);;;;/Channel/State/actToolToolCarrierLength[u<Channel numb>, <Line Index>];"/Channel/State/actToolToolCarrierLength[u1, 1]
/Channel/State/actToolToolCarrierLength[u1, 2]
/Channel/State/actToolToolCarrierLength[u1, 3]
/Channel/State/actToolToolCarrierLength[u1, 4]
/Channel/State/actToolToolCarrierLength[u1, 5]
/Channel/State/actToolToolCarrierLength[u1, 6]
/Channel/State/actToolToolCarrierLength[u1, 7]
/Channel/State/actToolToolCarrierLength[u1, 8]
/Channel/State/actToolToolCarrierLength[u1, 9]
/Channel/State/actToolToolCarrierLength[u1, 10]
/Channel/State/actToolToolCarrierLength[u1, 11]
/Channel/State/actToolToolCarrierLength[u1, 12]
/Channel/State/actToolToolCarrierLength[u1, 13]
/Channel/State/actToolToolCarrierLength[u1, 14]
/Channel/State/actToolToolCarrierLength[u1, 15]";True
maxCycleTimeBrut;Maximum gross cycle time;;;6;See description below;100;"Maximum gross run time in ms.

Line index:
Selects a specific SW task on the NCK:
Line index 1: SERVO
Line index 2: IPO
Line index 3: VL
Line index 4: PLC
Line index 5: SYNACT
Line index 6: COS
Line index 7: DRIVE (low prior.)
Line index 8: EXCOM (domain services)
Line index 9: Reserved
Line index 10: Reserved
Line index 11: INT (compile cycles in the interpreter)
Line index 100: ALL (all tasks, only for write accesses)
Line index 12: EES (EES - async. - subtask)
Line index 13: PREPJOB (non-cyclic task on an auxiliary core)";TYPE_DOUBLE;Time (ms);;;;/Channel/ChannelDiagnose/maxCycleTimeBrut[u<Channel numb>, <Line Index>];"/Channel/ChannelDiagnose/maxCycleTimeBrut[u1, 1]
/Channel/ChannelDiagnose/maxCycleTimeBrut[u1, 2]
/Channel/ChannelDiagnose/maxCycleTimeBrut[u1, 3]
/Channel/ChannelDiagnose/maxCycleTimeBrut[u1, 4]
/Channel/ChannelDiagnose/maxCycleTimeBrut[u1, 5]
/Channel/ChannelDiagnose/maxCycleTimeBrut[u1, 6]
/Channel/ChannelDiagnose/maxCycleTimeBrut[u1, 7]
/Channel/ChannelDiagnose/maxCycleTimeBrut[u1, 8]
/Channel/ChannelDiagnose/maxCycleTimeBrut[u1, 9]
/Channel/ChannelDiagnose/maxCycleTimeBrut[u1, 10]
/Channel/ChannelDiagnose/maxCycleTimeBrut[u1, 11]
/Channel/ChannelDiagnose/maxCycleTimeBrut[u1, 100]";True
actToolLength2;Active tool length 2;$P_TOOLL[2];;29;;;"The variable returns the active tool length 2. 
The value corresponds to the value in $TC_DP4 including the active tool offsets, but irrespective of the selected machining plane (G17, G18 or G19) and setting data, such as SD42940 $SC_TOOL_LENGTH_CONST.";TYPE_DOUBLE;Linear position (mm, inch or user defined);;;;/Channel/State/actToolLength2[u<Channel numb>];/Channel/State/actToolLength2[u1];True
actCycleTimeBrut;Current gross cycle time;;;4;See description below;13;"Current gross run time in ms.

Line index:
Selects a specific SW task on the NCK:
Line index 1: SERVO
Line index 2: IPO
Line index 3: VL
Line index 4: PLC
Line index 5: SYNACT
Line index 6: COS
Line index 7: DRIVE (low prior.)
Line index 8: EXCOM (domain services)
Line index 9: Reserved
Line index 10: Reserved
Line index 11: INT (compile cycles in the interpreter)
Line index 12: EES (EES async. - subtask)
Line index 13: PREPJOB (non-cyclic task on an auxiliary core)";TYPE_DOUBLE;Time (ms);;;;/Channel/ChannelDiagnose/actCycleTimeBrut[u<Channel numb>, <Line Index>];"/Channel/ChannelDiagnose/actCycleTimeBrut[u1, 1]
/Channel/ChannelDiagnose/actCycleTimeBrut[u1, 2]
/Channel/ChannelDiagnose/actCycleTimeBrut[u1, 3]
/Channel/ChannelDiagnose/actCycleTimeBrut[u1, 4]
/Channel/ChannelDiagnose/actCycleTimeBrut[u1, 5]
/Channel/ChannelDiagnose/actCycleTimeBrut[u1, 6]
/Channel/ChannelDiagnose/actCycleTimeBrut[u1, 7]
/Channel/ChannelDiagnose/actCycleTimeBrut[u1, 8]
/Channel/ChannelDiagnose/actCycleTimeBrut[u1, 9]
/Channel/ChannelDiagnose/actCycleTimeBrut[u1, 10]
/Channel/ChannelDiagnose/actCycleTimeBrut[u1, 11]
/Channel/ChannelDiagnose/actCycleTimeBrut[u1, 100]";True
actTNumber;Active tool number;$P_TOOLNO;;23;;;"The command should not be used if magazine management (TMMG=1) is active.
If magazine management is active, GETTEXET should be used instead.
For $MC_CUTTING_EDGE_DEFAULT=0 or -2, an incorrect T number may be determined.
If the programming is made after programming D > 0, it is also safe.";TYPE_UWORD;No unit;;0.0;32000;/Channel/State/actTNumber[u<Channel numb>];/Channel/State/actTNumber[u1];True
actToolIdent;Identifier of active tool;;;33;;1;Identifier of active tool;TYPE_STRING;No unit;'\0';;;/Channel/State/actToolIdent[u<Channel numb>];/Channel/State/actToolIdent[u1];True
actToolLength1;Active tool length 1;$P_TOOLL[1];;28;;;"The variable returns the active tool length 1. 
The value corresponds to the value in $TC_DP3 including the active tool offsets, but irrespective of the selected machining plane (G17, G18 or G19) and setting data, such as SD42940 $SC_TOOL_LENGTH_CONST.";TYPE_DOUBLE;Linear position (mm, inch or user defined);;;;/Channel/State/actToolLength1[u<Channel numb>];/Channel/State/actToolLength1[u1];True
splitBlock;Identifies splitted blocks;$AC_SPLITBLOCK;;223;1;1;"Identifier of internally splitted blocks

Value Range:
0: A BLOCK programmed unchanged
(a BLOCK generated by the compressor is regarded as programmed BLOCK):
<>0: BLOCK was shortened or is an internally generated BLOCK; the following values are possible:
1: It is an internally generated BLOCK or a shortened original BLOCK
3: It is the last block in a chain of internally generated
blocks or shortened original blocks.";TYPE_DWORD;No unit;0;0.0;2;/Channel/State/splitBlock[u<Channel numb>, <Line Index>];/Channel/State/splitBlock[u1, 1];False
specParts;Number of special workpieces (user-defined);$AC_SPECIAL_PARTS;;122;;;"Number of current workpieces as defined by user:
This counter enables the user to define his own
workpiece count. The counter is reset to zero automatically
only when the control system boots on defaults.";TYPE_DOUBLE;No unit;0;;;/Channel/State/specParts[u<Channel numb>];/Channel/State/specParts[u1];False
remainDwellTime;Remaining dwell time;;;167;1;1;"Remaining dwell time

Value Range:
See timeOrRevolDwell";TYPE_DOUBLE;Time (s or user defined);0;0.0;;/Channel/State/remainDwellTime[u<Channel numb>, <Line Index>];/Channel/State/remainDwellTime[u1, 1];False
startLockState;Status of the global start disable;;;236;1;1;"Status of the global start disable.
Also see PI _N_STRTLK and _N_STRTUL.

Value Range:
0: No start disable
1: Start disable is switched on and program is not running
2: Start disable is switched on and program is running nevertheless
The NCK changes from 2->1 as soon as the program is stopped.";TYPE_UWORD;No unit;0;0.0;2;/Channel/State/startLockState[u<Channel numb>, <Line Index>];/Channel/State/startLockState[u1, 1];False
simulationSupportS;Support of the JobShop simulation during search;;;227;;1;"Block information for the support of the JobShop simulation during search

Value Range:
Bit0: -
Bit1: -
Bit2: -
Bit3: -
Bit4: Curr. block has PTP active";TYPE_UWORD;No unit;0;0.0;;/Channel/State/simulationSupportS[u<Channel numb>];/Channel/State/simulationSupportS[u1];False
simulationSupport;simulationSupport;;;219;;1;"Block information for the support of the JobShop simulation

Value Range:
Bit0: Change of the transformation in the curr. block
Bit1: Change of the frame in the curr. block
Bit2: Curr. block in an action block
Bit3: Curr. block in the last action block
Bit4: Curr. block has PTP active (as of 510600)";TYPE_UWORD;No unit;0;0.0;;/Channel/State/simulationSupport[u<Channel numb>];/Channel/State/simulationSupport[u1];False
seruproMasterNcuNo;Partner channel NCU, block search waits;;;160;1;1;"The search type SERUPRO (search via program testing) may be
started simultaneously in several channels in order to start a channel grouping
correctly. A search target must be specified in one channel (master channel) in the grouping.
The other channels do not need a search target, they wait until they have reached a 
stop condition and the master channel has reached the search target. These channels generally
stop at WAIT marks. The variable seruproMasterChanNo defines the master channel.
seruproMasterNcuNo specifies the master channel in more detail if it is not on the active NCU.";TYPE_UWORD;No unit;0;0.0;$MN_MM_LINK_NUM_OF_MODULES;/Channel/State/seruproMasterNcuNo[u<Channel numb>, <Line Index>];/Channel/State/seruproMasterNcuNo[u1, 1];False
seruproMasterChanNo;Block search waits for partner channel;;;159;1;1;"The search type SERUPRO (search via program testing) may be
started simultaneously in several channels in order to start a channel grouping
correctly. A search target must be specified in one channel (master channel) in the grouping.
The other channels do not need a search target, they wait until they have reached a 
stop condition and the master channel has reached the search target. These channels generally
stop at WAIT marks. The variable seruproMasterChanNo defines the master channel.";TYPE_UWORD;No unit;0;0.0;numChannels;/Channel/State/seruproMasterChanNo[u<Channel numb>, <Line Index>];/Channel/State/seruproMasterChanNo[u1, 1];False
rotSys;Orientation reference system;$AC_ROT_SYS;;176;1;1;"Reference system for orientation movements with cartesian manual traversal

Value Range:
0: Axis-specific manual traversal active
1: Cartesian manual traversal in basic coordinate system active
2: Cartesian manual traversal in workpiece coordinate system active
3: Cartesian manual traversal in tool coordinate system active";TYPE_UWORD;No unit;0;0.0;3;/Channel/State/rotSys[u<Channel numb>, <Line Index>];/Channel/State/rotSys[u1, 1];False
reqParts;Setpoint number of workpieces;$AC_REQUIRED_PARTS;;119;;;"The variable returns the number of workpieces to be machined (setpoint workpiece count).
The number of workpieces can be defined in this counter, when this number is reached the actual workpiece count ($AC_ACTUAL_PARTS) is reset to '0'.

Value Range:
o Bit 0 = 1: Counter $AC_REQUIRED_PARTS is active
Further meaning of bit 1 only if bit 0 = 1:
o Bit 1 = 0: Alarm/VDI output if $AC_ACTUAL_PARTS equals $AC_REQUIRED_PARTS
o Bit 1 = 1: Alarm/VDI output if $AC_SPECIAL_PARTS equals $AC_REQUIRED_PARTS";TYPE_DOUBLE;No unit;0;;;/Channel/State/reqParts[u<Channel numb>];/Channel/State/reqParts[u1];False
progTNumberLong;No. progr. tool for flat D-no. with max. 8 digits;;;67;1;1;Number of the programmed tool using flat D-numbers with up to 8 digits;TYPE_DWORD;No unit;0;;;/Channel/State/progTNumberLong[u<Channel numb>, <Line Index>];/Channel/State/progTNumberLong[u1, 1];False
rapFeedRateOvr;Rapid traverse override;;;4;;;Rapid traverse override;TYPE_DOUBLE;per cent;;;;/Channel/State/rapFeedRateOvr[u<Channel numb>];/Channel/State/rapFeedRateOvr[u1];False
protocUserActive;Logging: Active users;$MM_PROTOC_USER_ACTIVE;;171;User No. (1-10);10;"Logging: Displays active users

Value Range:
0: User inactive
1: User active";TYPE_UWORD;No unit;0;0.0;1;/Channel/State/protocUserActive[u<Channel numb>, <Line Index>];"/Channel/State/protocUserActive[u1, 1]
/Channel/State/protocUserActive[u1, 2]
/Channel/State/protocUserActive[u1, 3]
/Channel/State/protocUserActive[u1, 4]
/Channel/State/protocUserActive[u1, 5]
/Channel/State/protocUserActive[u1, 6]
/Channel/State/protocUserActive[u1, 7]
/Channel/State/protocUserActive[u1, 8]
/Channel/State/protocUserActive[u1, 9]
/Channel/State/protocUserActive[u1, 10]";False
protocHmiEvent;Activate event in preprocessing;;;276;1;1;"Logging: When writing, the defined event is activated during preprocessing.

Value Range:
49: HMI_TRIG_1
50: HMI_TRIG_2
51: HMI_TRIG_3";TYPE_UWORD;No unit;;0.0;;/Channel/State/protocHmiEvent[u<Channel numb>, <Line Index>];"/Channel/State/protocHmiEvent[u1, 1]
/Channel/State/protocHmiEvent[u1, 2]
/Channel/State/protocHmiEvent[u1, 3]
/Channel/State/protocHmiEvent[u1, 4]
/Channel/State/protocHmiEvent[u1, 5]
/Channel/State/protocHmiEvent[u1, 6]
/Channel/State/protocHmiEvent[u1, 7]
/Channel/State/protocHmiEvent[u1, 8]
/Channel/State/protocHmiEvent[u1, 9]
/Channel/State/protocHmiEvent[u1, 10]";False
protAreaCounter;Protection zone modification counter;;;91;1;1;"Counter is incremented by 1 every time a 
protection zone (block PA) is modified";TYPE_UWORD;No unit;;;;/Channel/State/protAreaCounter[u<Channel numb>, <Line Index>];/Channel/State/protAreaCounter[u1, 1];False
progWaitForEditUnlock;NCK is waiting for the release of an NC program;;;235;1;1;"The variable is used for two possible applications:
1. Notification to HMI that an NC program is to be processed for which a program execution delay was activated by means of the
PI service _N_F_MODE. This is only possible for files of the passive file system of the NCK.

2. Notification to HMI that an NC program is to be processed for which a WRITE lock was set.
This is only possible for files that are available on the CF, network drive or USB device and are processed in EES mode.

The variable contains the complete path name in both cases.";TYPE_STRING;No unit;0;;;/Channel/State/progWaitForEditUnlock[u<Channel numb>, <Line Index>];/Channel/State/progWaitForEditUnlock[u1, 1];False
progToolIdent;Identifier programmed tool;;;35;;1;Identifier of programmed tool (does not yet have to be active);TYPE_STRING;No unit;'\0';;;/Channel/State/progToolIdent[u<Channel numb>];/Channel/State/progToolIdent[u1];False
stopCond;Replaced by stopCondNew;;;7;1;1;Replaced by stopCondNew;TYPE_UWORD;No unit;0;0.0;;/Channel/State/stopCond[u<Channel numb>, <Line Index>];/Channel/State/stopCond[u1, 1];False
progTNumber;Number of programmed tool;;;25;;;Number of programmed tool;TYPE_UWORD;No unit;;;;/Channel/State/progTNumber[u<Channel numb>];/Channel/State/progTNumber[u1];False
progStatus;Program status DB21-30, DBX35.0 - DBX35.4;;;13;;;"Program status

Value Range:
1 = interrupted
2 = stopped
3 = in progress
4 = waiting
5 = aborted";TYPE_UWORD;No unit;;;;/Channel/State/progStatus[u<Channel numb>];/Channel/State/progStatus[u1];False
progNetTimeTrigger;Trigger for time measurement;$AC_PROG_NET_TIME_TRIGGER;;299;1;1;"progNetTimeTrigger is used to selectively measure program sections. This means that writing progNetTimeTrigger enables the program to switch time measurement on and off.

In order to exploit all trigger possibilities, certain values for progNetTimeTrigger are assigned a special function:
0 = Neutral: The trigger is not active, the value is taken from Reset with the Start key.
1 = Exit: Exits the measurement and copies actProgNetTime to oldProgNetTime. actProgNetTime is set to zero, and then starts running again.
2 = Start: Starts the measurement and sets actProgNetTime to zero. oldProgNetTime is not changed.
3 = Stop: Stops the measurement, does not change oldProgNetTime, and holds actProgNetTime constant until continue.
4 = Continue: Continuation of the measurement. This means that a measurement that has been stopped is resumed. actProgNetTime continues to run. oldProgNetTime is not changed.";TYPE_UWORD;No unit;0;0.0;4;/Channel/State/progNetTimeTrigger[u<Channel numb>, <Line Index>];/Channel/State/progNetTimeTrigger[u1, 1];False
progDuploNumber;Duplo number of programmed tool);;;36;;1;Duplo number of programmed tool (does not yet have to be active);TYPE_UWORD;No unit;0;;;/Channel/State/progDuploNumber[u<Channel numb>];/Channel/State/progDuploNumber[u1];False
actDLNumberS;Active total offset for block search;;progDLNumberS;95;1;;"Corresponds to actDLNumber for block search with calculation
Caution: This variable is not available for the Variable Service,
but only for logging in the case of block search events!.";TYPE_UWORD;No unit;;;;/Channel/State/actDLNumberS[u<Channel numb>, <Line Index>];/Channel/State/actDLNumberS[u1, 1];False
paVeloLimA;Axial velocity override: run in;$PA_VELOLIMA[a];;185;(Axis index );numMachAxes;"Axial velocity override in run in

Value Range:
1-200";TYPE_UWORD;No unit;100;1.0;200;/Channel/State/paVeloLimA[u<Channel numb>, <Line Index>];"/Channel/State/paVeloLimA[u1, 1]
/Channel/State/paVeloLimA[u1, 2]
/Channel/State/paVeloLimA[u1, 3]
/Channel/State/paVeloLimA[u1, 4]
/Channel/State/paVeloLimA[u1, 5]
/Channel/State/paVeloLimA[u1, 6]
/Channel/State/paVeloLimA[u1, 7]
/Channel/State/paVeloLimA[u1, 8]
/Channel/State/paVeloLimA[u1, 9]
/Channel/State/paVeloLimA[u1, 10]
/Channel/State/paVeloLimA[u1, 11]
/Channel/State/paVeloLimA[u1, 12]";False
startRejectCounter;Counter for rejected NC starts;;;237;1;1;"Counter that is incremented
as soon as an NC start is rejected due to a global start disable (see _N_STRTLK),
program-specific start disable (see _N_F_STLO), or channel-specific
start disable (see _N_STRTLK).";TYPE_UWORD;No unit;0;0.0;;/Channel/State/startRejectCounter[u<Channel numb>, <Line Index>];/Channel/State/startRejectCounter[u1, 1];False
valueLo;Long value of the auxiliary function;$AC_AUXFU_M_VALUE[groupIndex];;4;Group of auxiliary functions/view;3128;"Value of the auxiliary function.
This value will be supplied, if 'status' Bit14 = 1";TYPE_DWORD;No unit;0;0.0;;/Channel/AuxiliaryFunctions/valueLo[u<Channel numb>, <Line Index>];"/Channel/AuxiliaryFunctions/valueLo[u1, 1]
/Channel/AuxiliaryFunctions/valueLo[u1, 2]
/Channel/AuxiliaryFunctions/valueLo[u1, 3]
/Channel/AuxiliaryFunctions/valueLo[u1, 4]
/Channel/AuxiliaryFunctions/valueLo[u1, 5]
/Channel/AuxiliaryFunctions/valueLo[u1, 6]
/Channel/AuxiliaryFunctions/valueLo[u1, 7]
/Channel/AuxiliaryFunctions/valueLo[u1, 8]
/Channel/AuxiliaryFunctions/valueLo[u1, 9]
/Channel/AuxiliaryFunctions/valueLo[u1, 10]
/Channel/AuxiliaryFunctions/valueLo[u1, 11]
/Channel/AuxiliaryFunctions/valueLo[u1, 12]
/Channel/AuxiliaryFunctions/valueLo[u1, 13]
/Channel/AuxiliaryFunctions/valueLo[u1, 14]
/Channel/AuxiliaryFunctions/valueLo[u1, 15]
/Channel/AuxiliaryFunctions/valueLo[u1, 16]
/Channel/AuxiliaryFunctions/valueLo[u1, 17]
/Channel/AuxiliaryFunctions/valueLo[u1, 18]
/Channel/AuxiliaryFunctions/valueLo[u1, 19]
/Channel/AuxiliaryFunctions/valueLo[u1, 20]
/Channel/AuxiliaryFunctions/valueLo[u1, 21]
/Channel/AuxiliaryFunctions/valueLo[u1, 22]
/Channel/AuxiliaryFunctions/valueLo[u1, 23]
/Channel/AuxiliaryFunctions/valueLo[u1, 24]
/Channel/AuxiliaryFunctions/valueLo[u1, 25]
/Channel/AuxiliaryFunctions/valueLo[u1, 26]
/Channel/AuxiliaryFunctions/valueLo[u1, 27]
/Channel/AuxiliaryFunctions/valueLo[u1, 28]
/Channel/AuxiliaryFunctions/valueLo[u1, 29]
/Channel/AuxiliaryFunctions/valueLo[u1, 30]
/Channel/AuxiliaryFunctions/valueLo[u1, 31]
/Channel/AuxiliaryFunctions/valueLo[u1, 32]
/Channel/AuxiliaryFunctions/valueLo[u1, 33]
/Channel/AuxiliaryFunctions/valueLo[u1, 34]
/Channel/AuxiliaryFunctions/valueLo[u1, 35]
/Channel/AuxiliaryFunctions/valueLo[u1, 36]
/Channel/AuxiliaryFunctions/valueLo[u1, 37]
/Channel/AuxiliaryFunctions/valueLo[u1, 38]
/Channel/AuxiliaryFunctions/valueLo[u1, 39]
/Channel/AuxiliaryFunctions/valueLo[u1, 40]
/Channel/AuxiliaryFunctions/valueLo[u1, 41]
/Channel/AuxiliaryFunctions/valueLo[u1, 42]
/Channel/AuxiliaryFunctions/valueLo[u1, 43]
/Channel/AuxiliaryFunctions/valueLo[u1, 44]
/Channel/AuxiliaryFunctions/valueLo[u1, 45]
/Channel/AuxiliaryFunctions/valueLo[u1, 46]
/Channel/AuxiliaryFunctions/valueLo[u1, 47]
/Channel/AuxiliaryFunctions/valueLo[u1, 48]
/Channel/AuxiliaryFunctions/valueLo[u1, 49]
/Channel/AuxiliaryFunctions/valueLo[u1, 50]
/Channel/AuxiliaryFunctions/valueLo[u1, 51]
/Channel/AuxiliaryFunctions/valueLo[u1, 52]
/Channel/AuxiliaryFunctions/valueLo[u1, 53]
/Channel/AuxiliaryFunctions/valueLo[u1, 54]
/Channel/AuxiliaryFunctions/valueLo[u1, 55]
/Channel/AuxiliaryFunctions/valueLo[u1, 56]
/Channel/AuxiliaryFunctions/valueLo[u1, 57]
/Channel/AuxiliaryFunctions/valueLo[u1, 58]
/Channel/AuxiliaryFunctions/valueLo[u1, 59]
/Channel/AuxiliaryFunctions/valueLo[u1, 60]
/Channel/AuxiliaryFunctions/valueLo[u1, 61]
/Channel/AuxiliaryFunctions/valueLo[u1, 62]
/Channel/AuxiliaryFunctions/valueLo[u1, 63]
/Channel/AuxiliaryFunctions/valueLo[u1, 64]
/Channel/AuxiliaryFunctions/valueLo[u1, 65]
/Channel/AuxiliaryFunctions/valueLo[u1, 66]
/Channel/AuxiliaryFunctions/valueLo[u1, 67]
/Channel/AuxiliaryFunctions/valueLo[u1, 68]
/Channel/AuxiliaryFunctions/valueLo[u1, 69]
/Channel/AuxiliaryFunctions/valueLo[u1, 70]
/Channel/AuxiliaryFunctions/valueLo[u1, 71]
/Channel/AuxiliaryFunctions/valueLo[u1, 72]
/Channel/AuxiliaryFunctions/valueLo[u1, 73]
/Channel/AuxiliaryFunctions/valueLo[u1, 74]
/Channel/AuxiliaryFunctions/valueLo[u1, 75]
/Channel/AuxiliaryFunctions/valueLo[u1, 76]
/Channel/AuxiliaryFunctions/valueLo[u1, 77]
/Channel/AuxiliaryFunctions/valueLo[u1, 78]
/Channel/AuxiliaryFunctions/valueLo[u1, 79]
/Channel/AuxiliaryFunctions/valueLo[u1, 80]
/Channel/AuxiliaryFunctions/valueLo[u1, 81]
/Channel/AuxiliaryFunctions/valueLo[u1, 82]
/Channel/AuxiliaryFunctions/valueLo[u1, 83]
/Channel/AuxiliaryFunctions/valueLo[u1, 84]
/Channel/AuxiliaryFunctions/valueLo[u1, 85]
/Channel/AuxiliaryFunctions/valueLo[u1, 86]
/Channel/AuxiliaryFunctions/valueLo[u1, 87]
/Channel/AuxiliaryFunctions/valueLo[u1, 88]
/Channel/AuxiliaryFunctions/valueLo[u1, 89]
/Channel/AuxiliaryFunctions/valueLo[u1, 90]
/Channel/AuxiliaryFunctions/valueLo[u1, 91]
/Channel/AuxiliaryFunctions/valueLo[u1, 92]
/Channel/AuxiliaryFunctions/valueLo[u1, 93]
/Channel/AuxiliaryFunctions/valueLo[u1, 94]
/Channel/AuxiliaryFunctions/valueLo[u1, 95]
/Channel/AuxiliaryFunctions/valueLo[u1, 96]
/Channel/AuxiliaryFunctions/valueLo[u1, 97]
/Channel/AuxiliaryFunctions/valueLo[u1, 98]
/Channel/AuxiliaryFunctions/valueLo[u1, 99]
/Channel/AuxiliaryFunctions/valueLo[u1, 100]";False
stopCondPar;Replaced by stopCondParNew;;;32;1;;Replaced by stopCondParNew;TYPE_UWORD;No unit;;;;/Channel/State/stopCondPar[u<Channel numb>, <Line Index>];"/Channel/State/stopCondPar[u1, 1]
/Channel/State/stopCondPar[u1, 2]
/Channel/State/stopCondPar[u1, 3]
/Channel/State/stopCondPar[u1, 4]
/Channel/State/stopCondPar[u1, 5]
/Channel/State/stopCondPar[u1, 6]
/Channel/State/stopCondPar[u1, 7]
/Channel/State/stopCondPar[u1, 8]
/Channel/State/stopCondPar[u1, 9]
/Channel/State/stopCondPar[u1, 10]
/Channel/State/stopCondPar[u1, 11]
/Channel/State/stopCondPar[u1, 12]
/Channel/State/stopCondPar[u1, 13]
/Channel/State/stopCondPar[u1, 14]
/Channel/State/stopCondPar[u1, 15]
/Channel/State/stopCondPar[u1, 16]
/Channel/State/stopCondPar[u1, 17]
/Channel/State/stopCondPar[u1, 18]
/Channel/State/stopCondPar[u1, 19]
/Channel/State/stopCondPar[u1, 20]
/Channel/State/stopCondPar[u1, 21]
/Channel/State/stopCondPar[u1, 22]
/Channel/State/stopCondPar[u1, 23]
/Channel/State/stopCondPar[u1, 24]
/Channel/State/stopCondPar[u1, 25]
/Channel/State/stopCondPar[u1, 26]
/Channel/State/stopCondPar[u1, 27]
/Channel/State/stopCondPar[u1, 28]
/Channel/State/stopCondPar[u1, 29]
/Channel/State/stopCondPar[u1, 30]
/Channel/State/stopCondPar[u1, 31]
/Channel/State/stopCondPar[u1, 32]
/Channel/State/stopCondPar[u1, 33]
/Channel/State/stopCondPar[u1, 34]
/Channel/State/stopCondPar[u1, 35]
/Channel/State/stopCondPar[u1, 36]
/Channel/State/stopCondPar[u1, 37]
/Channel/State/stopCondPar[u1, 38]
/Channel/State/stopCondPar[u1, 39]
/Channel/State/stopCondPar[u1, 40]
/Channel/State/stopCondPar[u1, 41]
/Channel/State/stopCondPar[u1, 42]
/Channel/State/stopCondPar[u1, 43]
/Channel/State/stopCondPar[u1, 44]
/Channel/State/stopCondPar[u1, 45]
/Channel/State/stopCondPar[u1, 46]
/Channel/State/stopCondPar[u1, 47]
/Channel/State/stopCondPar[u1, 48]
/Channel/State/stopCondPar[u1, 49]
/Channel/State/stopCondPar[u1, 50]
/Channel/State/stopCondPar[u1, 51]
/Channel/State/stopCondPar[u1, 52]
/Channel/State/stopCondPar[u1, 53]
/Channel/State/stopCondPar[u1, 54]
/Channel/State/stopCondPar[u1, 55]
/Channel/State/stopCondPar[u1, 56]
/Channel/State/stopCondPar[u1, 57]
/Channel/State/stopCondPar[u1, 58]
/Channel/State/stopCondPar[u1, 59]
/Channel/State/stopCondPar[u1, 60]
/Channel/State/stopCondPar[u1, 61]
/Channel/State/stopCondPar[u1, 62]
/Channel/State/stopCondPar[u1, 63]
/Channel/State/stopCondPar[u1, 64]
/Channel/State/stopCondPar[u1, 65]
/Channel/State/stopCondPar[u1, 66]
/Channel/State/stopCondPar[u1, 67]
/Channel/State/stopCondPar[u1, 68]
/Channel/State/stopCondPar[u1, 69]
/Channel/State/stopCondPar[u1, 70]
/Channel/State/stopCondPar[u1, 71]
/Channel/State/stopCondPar[u1, 72]
/Channel/State/stopCondPar[u1, 73]
/Channel/State/stopCondPar[u1, 74]
/Channel/State/stopCondPar[u1, 75]
/Channel/State/stopCondPar[u1, 76]
/Channel/State/stopCondPar[u1, 77]
/Channel/State/stopCondPar[u1, 78]
/Channel/State/stopCondPar[u1, 79]
/Channel/State/stopCondPar[u1, 80]
/Channel/State/stopCondPar[u1, 81]
/Channel/State/stopCondPar[u1, 82]
/Channel/State/stopCondPar[u1, 83]
/Channel/State/stopCondPar[u1, 84]
/Channel/State/stopCondPar[u1, 85]
/Channel/State/stopCondPar[u1, 86]
/Channel/State/stopCondPar[u1, 87]
/Channel/State/stopCondPar[u1, 88]
/Channel/State/stopCondPar[u1, 89]
/Channel/State/stopCondPar[u1, 90]
/Channel/State/stopCondPar[u1, 91]
/Channel/State/stopCondPar[u1, 92]
/Channel/State/stopCondPar[u1, 93]
/Channel/State/stopCondPar[u1, 94]
/Channel/State/stopCondPar[u1, 95]
/Channel/State/stopCondPar[u1, 96]
/Channel/State/stopCondPar[u1, 97]
/Channel/State/stopCondPar[u1, 98]
/Channel/State/stopCondPar[u1, 99]
/Channel/State/stopCondPar[u1, 100]";False
transfActive;Transformation active DB21-30, DBX33.6;;;19;;;"Transformation active

Value Range:
0 = inactive
1 = active";TYPE_UWORD;No unit;;;;/Channel/State/transfActive[u<Channel numb>];/Channel/State/transfActive[u1];False
toolCounter;Change counter of the tool data in a channel;;;65;1;1;"Counter of the changes of the tool data assigned to a channel.
The counter is incremented each time a tool data is changed. 
All changes of tool data made by BTSS, part programs, INI files and by the Tool Management software are considered. 
Tool data are tool compensations, grinding-specific tool parameters, OEM tool parameters and Tool Managment data including magazine data.
There is one exception: the present tool-in-use-time, since it is changed in each IPO cycle.";TYPE_UWORD;No unit;;;;/Channel/State/toolCounter[u<Channel numb>, <Line Index>];/Channel/State/toolCounter[u1, 1];False
toolCounterC;Modification counter for tool offsets;;;72;1;1;"Counter for modifications to tool offset data assigned to the channel
(analog toolCounter).";TYPE_UWORD;No unit;;;;/Channel/State/toolCounterC[u<Channel numb>, <Line Index>];/Channel/State/toolCounterC[u1, 1];False
toolCounterM;Modification counter for magazine data;;;73;1;1;"Counter for modifications to magazine data assigned to the channel
(analog toolCounter).";TYPE_UWORD;No unit;;;;/Channel/State/toolCounterM[u<Channel numb>, <Line Index>];/Channel/State/toolCounterM[u1, 1];False
toolHolderData;Current tool holder data GETSELT;;;211;See description below;numToolHolderParams * numToolHolders;"Data for each tool holder/spindle from the magazine configuration of the TOA which is assigned to the channel.

There is a set of numToolHolderParams parameters for each tool holder.
Currently there are the 3 parameters P1, P2 and P3.
There are numToolHolders tool holders. The number of tool holders in this list is solely a function of the
magazine configuration, and it does not change while an NC program runs.
- P1: THNo ToolHolderNumber / SpindleNumber
(In the language commands of the NC program, corresponds 
to the address extension <n> from T<n>=... or M<n>=6 with explicit
notation; in the magazine configuration, corresponds to the
location type index of the associated buffer location of the
location type = spindle.)
- P2: SelTno T number of the selected tool with
reference to the tool holder / spindle with the number of THNo
(The same TNo would also return the language command GETSELT.) 
The value 0 indicates that no tool is selected with 
reference to the tool holder. For further behavior see the description of GETSELT.
- P3: ExeTno TNumber of the tool to be loaded / loaded with
reference to the tool holder / the spindle with the number THNo from
the point of view of the NC program.
When working without M6, the same TNumber is in SelTno and ExeTno. 
(The same TNumber would also return the language command GETEXET.) 
The value 0 indicates that no tool is to be loaded / is loaded
with reference to the tool holder. For further behavior see the description of GETEXET.
- P4: SelTNoBeforeSearchRun 
During the search: TNummer of the selected tool with reference to the tool holder / spindle before the search, 
after reaching the search target and a T programming for this tool holder: the same value from P2.
- P5: ExeTNoBeforeSearchRun 
During the search: TNummer of the tool loaded with reference to the tool holder / spindle before the search, 
after reaching the search target and a tool change for this tool holder: the same value from P3.

An array access is possible to toolHolderData, with which the data of all numToolHolders tool holders can be read at one time.

If the flat D number is active, the value =0 is returned for all parameters.


Line index:
The line index addresses the parameters of the tool holder and the tool holder itself:
Line index = (ElementNo - 1) * numToolHolderParams + PNo

With: ElementNo 1 to numToolHolders; 
The ElementNo is the list element no of the tool holder in this list.

PNo: Parameter number from 1 to numToolHolderParams
numToolHolderParams from range N, block Y, global system data";TYPE_DOUBLE;No unit;0;0.0;;/Channel/State/toolHolderData[u<Channel numb>, <Line Index>];"/Channel/State/toolHolderData[u1, 1]
/Channel/State/toolHolderData[u1, 2]
/Channel/State/toolHolderData[u1, 3]";False
totalParts;Total of all machined workpieces;$AC_TOTAL_PARTS;;120;;;"Total number of all machined workpieces:
This counter specifies the number of workpieces machined
since it was started. The counter is automatically
set to zero only if the control system boots on defaults.";TYPE_DOUBLE;No unit;0;;;/Channel/State/totalParts[u<Channel numb>];/Channel/State/totalParts[u1];False
transSys;Translation reference system;$AC_TRANS_SYS;;175;1;1;"Reference system for translation with cartesian manual traversal

Value Range:
0: Axis-specific manual traversal active
1: Cartesian manual traversal in basic coordinate system active
2: Cartesian manual traversal in workpiece coordinate system active
3: Cartesian manual traversal in tool coordinate system active";TYPE_UWORD;No unit;0;0.0;3;/Channel/State/transSys[u<Channel numb>, <Line Index>];/Channel/State/transSys[u1, 1];False
vaEgSyncDiff;EG synchronism deviation;$VA_EG_SYNCDIFF[a];;103;(Axis index of slave axis + 1);numMachAxes;"Electronic gear:
Synchronism deviation (actual values). The comparison between this value
and $MA_COUPLE_POS_TOL_... determines whether the appropriate
'Synchronism' VDI signal is set.";TYPE_DOUBLE;Linear or angular position, as a function of axis type (MD: linear/rotary axis);0;;;/Channel/State/vaEgSyncDiff[u<Channel numb>, <Line Index>];"/Channel/State/vaEgSyncDiff[u1, 1]
/Channel/State/vaEgSyncDiff[u1, 2]
/Channel/State/vaEgSyncDiff[u1, 3]
/Channel/State/vaEgSyncDiff[u1, 4]
/Channel/State/vaEgSyncDiff[u1, 5]
/Channel/State/vaEgSyncDiff[u1, 6]
/Channel/State/vaEgSyncDiff[u1, 7]
/Channel/State/vaEgSyncDiff[u1, 8]
/Channel/State/vaEgSyncDiff[u1, 9]
/Channel/State/vaEgSyncDiff[u1, 10]
/Channel/State/vaEgSyncDiff[u1, 11]
/Channel/State/vaEgSyncDiff[u1, 12]";False
stopCondNew;Number of the stop state of the NC;;;320;Number of the active stop state;stopCondNum;"Number of the NC stop state
More than one stop state can be active simultaneously.
The highest priority stop state appears below the first line, this is followed by those with lower priorities.
The documentation explains the meanings of the individual stop states.";TYPE_UWORD;No unit;0;0.0;;/Channel/State/stopCondNew[u<Channel numb>, <Line Index>];"/Channel/State/stopCondNew[u1, 1]
/Channel/State/stopCondNew[u1, 2]
/Channel/State/stopCondNew[u1, 3]
/Channel/State/stopCondNew[u1, 4]
/Channel/State/stopCondNew[u1, 5]
/Channel/State/stopCondNew[u1, 6]
/Channel/State/stopCondNew[u1, 7]
/Channel/State/stopCondNew[u1, 8]
/Channel/State/stopCondNew[u1, 9]
/Channel/State/stopCondNew[u1, 10]";False
vaEgSyncDiffS;Synchronous run difference with sign;$VA_EG_SYNCDIFF_S[a];;183;(Axis index of the following axis);numMachAxes;"Electronic gear:
Synchronous run difference (actual values) with sign.
Whether the corresponding VDI signal 'synchronous run' is set depends upon the comparison of this value with $MA_COUPLE_POS_TOL_....";TYPE_DOUBLE;Linear or angular position, as a function of axis type (MD: linear/rotary axis);0;;;/Channel/State/vaEgSyncDiffS[u<Channel numb>, <Line Index>];"/Channel/State/vaEgSyncDiffS[u1, 1]
/Channel/State/vaEgSyncDiffS[u1, 2]
/Channel/State/vaEgSyncDiffS[u1, 3]
/Channel/State/vaEgSyncDiffS[u1, 4]
/Channel/State/vaEgSyncDiffS[u1, 5]
/Channel/State/vaEgSyncDiffS[u1, 6]
/Channel/State/vaEgSyncDiffS[u1, 7]
/Channel/State/vaEgSyncDiffS[u1, 8]
/Channel/State/vaEgSyncDiffS[u1, 9]
/Channel/State/vaEgSyncDiffS[u1, 10]
/Channel/State/vaEgSyncDiffS[u1, 11]
/Channel/State/vaEgSyncDiffS[u1, 12]";False
workPnameSubstitution;External path for selected program;;;296;;;"Path name defined by HMI on selection of a program or workpiece in /_N_EXT_DIR.
It is only used for execute from external, and then denotes the data source of the download.
HMI uses this path name in order to restore the program selection for execute from external after PowerOff.
The string must be terminated with '\0'.
NCK does not use this path name. workPnameSubstitution is deleted on program selection in the passive file system
or on an EES drive.
Handling: workPnameSubstitution is written by the HMI on program selection for
execute from external. NCK stores this information persistently.
After PowerOff, the NCK deletes the reload buffer for execute from external, and selects _N_MPF0.
HMI restores on the basis of the information:
- _N_MPF0 is selected
- workPnameSubstitution is set
the selection for execute from external. With this program selection, the NCK
does not remove the SPARPI interrupt pointer.";TYPE_STRING;No unit;0;0.0;;/Channel/State/workPnameSubstitution[u<Channel numb>];/Channel/State/workPnameSubstitution[u1];False
progUsekt;Programmed value of the command;$P_USEKT;;131;;;"Programmed value of the command $P_USEKT.
Bit-coded data for the programmed tool subgroup
available for the tool change.";TYPE_DWORD;No unit;0;0.0;0xF;/Channel/State/progUsekt[u<Channel numb>];/Channel/State/progUsekt[u1];False
acToolOAct;Setpoint of the tool orientation;$AC_TOOL_O_ACT;;204;;9;"Supplies the setpoint of the current tool orientation
in various coordinate systems.

Possible values of the line index:
1, 2, 3: Components of the vector in BCS
4, 5, 6: Components of the vector in PCS/WCS
7, 8, 9: Components of the vector in ENS

The orientation vector is normalized, i.e. it has the value 1.";TYPE_DOUBLE;No unit;0;-1.0;1;/Channel/State/acToolOAct[u<Channel numb>];/Channel/State/acToolOAct[u1];False
acToolOEnd;End orientation;$AC_TOOL_O_END;;205;1: X component;9;"Supplies the end orientation of the current block
in various coordinate systems:

Possible values of the line index:
1, 2, 3: Components of the vector in BCS
4, 5, 6: Components of the vector in PCS/WCS
7, 8, 9: Components of the vector in ENS

The orientation vector is normalized, i.e. it has the value 1.";TYPE_DOUBLE;No unit;0;-1.0;1;/Channel/State/acToolOEnd[u<Channel numb>, <Line Index>];"/Channel/State/acToolOEnd[u1, 1]
/Channel/State/acToolOEnd[u1, 2]
/Channel/State/acToolOEnd[u1, 3]";False
acToolODiff;Remaining tool orientation angle;$AC_TOOL_O_DIFF;;206;1;3;"Supplies the remaining angle between the current vector and end vectors of the tool orientation block
in various coordinate systems:

Possible values of the line index:
1: Angle in BCS
2: Angle in PCS/WCS
3: Angle in ENS";TYPE_DOUBLE;No unit;0;0.0;180;/Channel/State/acToolODiff[u<Channel numb>, <Line Index>];/Channel/State/acToolODiff[u1, 1];False
timeSC;Time after a block change in IPO cycles;$AC_TIMESC;;225;1;1;"Time after a block change between programmed blocks in IPO cycles

Value Range:
Each programmed block can be divided up into a chain of part blocks that are
processed one after the other.
Only (!) with the 1st cycle of the 1st block of the chain, timeSC is set to zero and
then counted up in seconds. Therefore, the variable enables time measurements
throughout the entire block chain.";TYPE_DOUBLE;No unit;0;0.0;;/Channel/State/timeSC[u<Channel numb>, <Line Index>];/Channel/State/timeSC[u1, 1];False
timeS;Time after a block change in seconds;$AC_TIMES;;224;1;1;"Time after a block change between programmed blocks in seconds

Value Range:
Each programmed block can be divided up into a chain of part blocks that are
processed one after the other.
O n l y with the 1st cycle of the 1st block of the chain, timeS is set to zero and
then counted up in seconds. Therefore, the variable enables time measurements
throughout the entire block chain.";TYPE_DOUBLE;Time (s or user defined);0;0.0;;/Channel/State/timeS[u<Channel numb>, <Line Index>];/Channel/State/timeS[u1, 1];False
threadPitchS;Current lead during search run;;;214;1;1;Current lead during search run;TYPE_DOUBLE;No unit;0;0.0;;/Channel/State/threadPitchS[u<Channel numb>, <Line Index>];/Channel/State/threadPitchS[u1, 1];False
threadPitch;Current lead;;;213;1;1;Current lead;TYPE_DOUBLE;No unit;0;0.0;;/Channel/State/threadPitch[u<Channel numb>, <Line Index>];/Channel/State/threadPitch[u1, 1];False
syntaxCheckStatus;Status of the 'Syntax check' function;;;277;1;1;"Status of the 'Syntax check' function

Value Range:
0: Syntax check not active (initialization status)
1: Syntax check selected
2: Syntax check active
3: Syntax check stopped with alarm on account of system error
4: Syntax check terminated
5: Syntax check canceled
6: Syntax check canceled on account of errors";TYPE_UWORD;No unit;0;0.0;6;/Channel/State/syntaxCheckStatus[u<Channel numb>, <Line Index>];/Channel/State/syntaxCheckStatus[u1, 1];False
syntaxCheckSeek;Faulty line in the syntax check;;;278;1;1;Line number of the faulty line in the syntax check;TYPE_DWORD;No unit;0;0.0;;/Channel/State/syntaxCheckSeek[u<Channel numb>, <Line Index>];/Channel/State/syntaxCheckSeek[u1, 1];False
syntaxCheckAlarmPara4;Parameter 4 for an alarm during the syntax check;;;283;1;1;Parameter 4 for an alarm in the case of a syntax error during the syntax check;TYPE_STRING;No unit;0;0.0;;/Channel/State/syntaxCheckAlarmPara4[u<Channel numb>, <Line Index>];/Channel/State/syntaxCheckAlarmPara4[u1, 1];False
syntaxCheckAlarmPara3;Parameter 3 for an alarm during the syntax check;;;282;1;1;Parameter 3 for an alarm in the case of a syntax error during the syntax check;TYPE_STRING;No unit;0;0.0;;/Channel/State/syntaxCheckAlarmPara3[u<Channel numb>, <Line Index>];/Channel/State/syntaxCheckAlarmPara3[u1, 1];False
syntaxCheckAlarmPara2;Parameter 2 for an alarm during the syntax check;;;281;1;1;Parameter 2 for an alarm in the case of a syntax error during the syntax check;TYPE_STRING;No unit;0;0.0;;/Channel/State/syntaxCheckAlarmPara2[u<Channel numb>, <Line Index>];/Channel/State/syntaxCheckAlarmPara2[u1, 1];False
syntaxCheckAlarmPara1;Parameter 1 for an alarm during the syntax check;;;280;1;1;Parameter 1 for an alarm in the case of a syntax error during the syntax check;TYPE_STRING;No unit;0;0.0;;/Channel/State/syntaxCheckAlarmPara1[u<Channel numb>, <Line Index>];/Channel/State/syntaxCheckAlarmPara1[u1, 1];False
syntaxCheckAlarmNo;Alarm number during the syntax check;;;279;1;1;Alarm number in the case of a syntax error during the syntax check;TYPE_DWORD;No unit;0;0.0;;/Channel/State/syntaxCheckAlarmNo[u<Channel numb>, <Line Index>];/Channel/State/syntaxCheckAlarmNo[u1, 1];False
suppProgFunc;Suppression of language commands;;;75;1;1;"Disabling of language commands

Value Range:
Bit0 = 0: SBLOF command is active
Bit0 = 1: SBLOF command is disabled";TYPE_UWORD;No unit;Bit0 = 0;;;/Channel/State/suppProgFunc[u<Channel numb>, <Line Index>];/Channel/State/suppProgFunc[u1, 1];False
stopRunCounter;Modification counter for stop run;;;191;1;1;"Modification counter for stop run.
This is always incremented when the NCK has stopped at a stop block.";TYPE_UWORD;No unit;0;0.0;;/Channel/State/stopRunCounter[u<Channel numb>, <Line Index>];/Channel/State/stopRunCounter[u1, 1];False
stopRunActive;Stop run active;;;190;1;1;"Stop run active

Value Range:
0 = inactive
1 = active";TYPE_UWORD;No unit;0;0.0;1;/Channel/State/stopRunActive[u<Channel numb>, <Line Index>];/Channel/State/stopRunActive[u1, 1];False
stopCondParA;ASCII stop state parameter(s);;;304;See description below;;"Stop state parameter(s).
More than one stop state can be active simultaneously. The highest priority 
stop state appears below the first line, this is followed by those with lower priorities.

Line index:
High byte: No. of the active stop state
Low byte: No. of the parameter";TYPE_STRING;No unit;;;;/Channel/State/stopCondParA[u<Channel numb>, <Line Index>];"/Channel/State/stopCondParA[u1, 1]
/Channel/State/stopCondParA[u1, 2]
/Channel/State/stopCondParA[u1, 3]
/Channel/State/stopCondParA[u1, 4]
/Channel/State/stopCondParA[u1, 5]
/Channel/State/stopCondParA[u1, 6]
/Channel/State/stopCondParA[u1, 7]
/Channel/State/stopCondParA[u1, 8]
/Channel/State/stopCondParA[u1, 9]
/Channel/State/stopCondParA[u1, 10]
/Channel/State/stopCondParA[u1, 11]
/Channel/State/stopCondParA[u1, 12]
/Channel/State/stopCondParA[u1, 13]
/Channel/State/stopCondParA[u1, 14]
/Channel/State/stopCondParA[u1, 15]
/Channel/State/stopCondParA[u1, 16]
/Channel/State/stopCondParA[u1, 17]
/Channel/State/stopCondParA[u1, 18]
/Channel/State/stopCondParA[u1, 19]
/Channel/State/stopCondParA[u1, 20]
/Channel/State/stopCondParA[u1, 21]
/Channel/State/stopCondParA[u1, 22]
/Channel/State/stopCondParA[u1, 23]
/Channel/State/stopCondParA[u1, 24]
/Channel/State/stopCondParA[u1, 25]
/Channel/State/stopCondParA[u1, 26]
/Channel/State/stopCondParA[u1, 27]
/Channel/State/stopCondParA[u1, 28]
/Channel/State/stopCondParA[u1, 29]
/Channel/State/stopCondParA[u1, 30]
/Channel/State/stopCondParA[u1, 31]
/Channel/State/stopCondParA[u1, 32]
/Channel/State/stopCondParA[u1, 33]
/Channel/State/stopCondParA[u1, 34]
/Channel/State/stopCondParA[u1, 35]
/Channel/State/stopCondParA[u1, 36]
/Channel/State/stopCondParA[u1, 37]
/Channel/State/stopCondParA[u1, 38]
/Channel/State/stopCondParA[u1, 39]
/Channel/State/stopCondParA[u1, 40]
/Channel/State/stopCondParA[u1, 41]
/Channel/State/stopCondParA[u1, 42]
/Channel/State/stopCondParA[u1, 43]
/Channel/State/stopCondParA[u1, 44]
/Channel/State/stopCondParA[u1, 45]
/Channel/State/stopCondParA[u1, 46]
/Channel/State/stopCondParA[u1, 47]
/Channel/State/stopCondParA[u1, 48]
/Channel/State/stopCondParA[u1, 49]
/Channel/State/stopCondParA[u1, 50]
/Channel/State/stopCondParA[u1, 51]
/Channel/State/stopCondParA[u1, 52]
/Channel/State/stopCondParA[u1, 53]
/Channel/State/stopCondParA[u1, 54]
/Channel/State/stopCondParA[u1, 55]
/Channel/State/stopCondParA[u1, 56]
/Channel/State/stopCondParA[u1, 57]
/Channel/State/stopCondParA[u1, 58]
/Channel/State/stopCondParA[u1, 59]
/Channel/State/stopCondParA[u1, 60]
/Channel/State/stopCondParA[u1, 61]
/Channel/State/stopCondParA[u1, 62]
/Channel/State/stopCondParA[u1, 63]
/Channel/State/stopCondParA[u1, 64]
/Channel/State/stopCondParA[u1, 65]
/Channel/State/stopCondParA[u1, 66]
/Channel/State/stopCondParA[u1, 67]
/Channel/State/stopCondParA[u1, 68]
/Channel/State/stopCondParA[u1, 69]
/Channel/State/stopCondParA[u1, 70]
/Channel/State/stopCondParA[u1, 71]
/Channel/State/stopCondParA[u1, 72]
/Channel/State/stopCondParA[u1, 73]
/Channel/State/stopCondParA[u1, 74]
/Channel/State/stopCondParA[u1, 75]
/Channel/State/stopCondParA[u1, 76]
/Channel/State/stopCondParA[u1, 77]
/Channel/State/stopCondParA[u1, 78]
/Channel/State/stopCondParA[u1, 79]
/Channel/State/stopCondParA[u1, 80]
/Channel/State/stopCondParA[u1, 81]
/Channel/State/stopCondParA[u1, 82]
/Channel/State/stopCondParA[u1, 83]
/Channel/State/stopCondParA[u1, 84]
/Channel/State/stopCondParA[u1, 85]
/Channel/State/stopCondParA[u1, 86]
/Channel/State/stopCondParA[u1, 87]
/Channel/State/stopCondParA[u1, 88]
/Channel/State/stopCondParA[u1, 89]
/Channel/State/stopCondParA[u1, 90]
/Channel/State/stopCondParA[u1, 91]
/Channel/State/stopCondParA[u1, 92]
/Channel/State/stopCondParA[u1, 93]
/Channel/State/stopCondParA[u1, 94]
/Channel/State/stopCondParA[u1, 95]
/Channel/State/stopCondParA[u1, 96]
/Channel/State/stopCondParA[u1, 97]
/Channel/State/stopCondParA[u1, 98]
/Channel/State/stopCondParA[u1, 99]
/Channel/State/stopCondParA[u1, 100]";False
paAccLimA;Axial acceleration override: run in;$PA_ACCLIMA[a];;184;(Axis index );numMachAxes;"Axial acceleration override in run in

Value Range:
1-200";TYPE_UWORD;No unit;100;1.0;200;/Channel/State/paAccLimA[u<Channel numb>, <Line Index>];"/Channel/State/paAccLimA[u1, 1]
/Channel/State/paAccLimA[u1, 2]
/Channel/State/paAccLimA[u1, 3]
/Channel/State/paAccLimA[u1, 4]
/Channel/State/paAccLimA[u1, 5]
/Channel/State/paAccLimA[u1, 6]
/Channel/State/paAccLimA[u1, 7]
/Channel/State/paAccLimA[u1, 8]
/Channel/State/paAccLimA[u1, 9]
/Channel/State/paAccLimA[u1, 10]
/Channel/State/paAccLimA[u1, 11]
/Channel/State/paAccLimA[u1, 12]";False
stopCondChangeCounter;Modification counter for stop states.;;;302;1;1;"Modification counter for stop states.
Is incremented as soon as one of the stop states has changed.";TYPE_UWORD;No unit;;;;/Channel/State/stopCondChangeCounter[u<Channel numb>, <Line Index>];/Channel/State/stopCondChangeCounter[u1, 1];False
paJerkLimA;Axial jerk override: run in;$PA_JERKLIMA[a];;186;(Axis index );numMachAxes;"Axial jerk override in run in 

Value Range:
1-200";TYPE_UWORD;No unit;100;1.0;200;/Channel/State/paJerkLimA[u<Channel numb>, <Line Index>];"/Channel/State/paJerkLimA[u1, 1]
/Channel/State/paJerkLimA[u1, 2]
/Channel/State/paJerkLimA[u1, 3]
/Channel/State/paJerkLimA[u1, 4]
/Channel/State/paJerkLimA[u1, 5]
/Channel/State/paJerkLimA[u1, 6]
/Channel/State/paJerkLimA[u1, 7]
/Channel/State/paJerkLimA[u1, 8]
/Channel/State/paJerkLimA[u1, 9]
/Channel/State/paJerkLimA[u1, 10]
/Channel/State/paJerkLimA[u1, 11]
/Channel/State/paJerkLimA[u1, 12]";False
pTc;Active tool carrier with orientation capability;$P_TC;;96;1;1;The active orientatable toolholder;TYPE_UWORD;No unit;0;0.0;;/Channel/State/pTc[u<Channel numb>, <Line Index>];/Channel/State/pTc[u1, 1];False
pToolO;Tool orientation;$P_TOOL_O;;165;1: X component;9;"Supplies the current tool orientation
in various coordinate systems:

Possible values of the line index:
1, 2, 3: Components of the vector in BCS
4, 5, 6: Components of the vector in PCS/WCS
7, 8, 9: Components of the vector in ENS

The orientation vector is normalized, i.e. it has the value 1.";TYPE_DOUBLE;No unit;0;-1.0;1;/Channel/State/pToolO[u<Channel numb>, <Line Index>];"/Channel/State/pToolO[u1, 1]
/Channel/State/pToolO[u1, 2]
/Channel/State/pToolO[u1, 3]";False
direction;Traversing direction;;;10;;;"Traversing direction

Value Range:
0 = normal travel
1 = forward travel
2 = reverse travel
3 = reference point cycle
4 = stop state";TYPE_UWORD;No unit;;;;/Channel/State/direction[u<Channel numb>];/Channel/State/direction[u1];False
delObjState;Error status of PI _N_DELOBJ;;;360;1;1;"Using PI _N_DELOBJ protection areas are deleted analogous to the language command DELOBJ(...).
This OPI variable shows the status of the PI .
0 = PI successfully executed.
-2 = Name of the object to be deleted not known.
-3 = Index -1 not permitted
-4 = Start index too large
-5 = Illegal index when deleting a group (only -1 permitted)
-6 = Start index smaller than end index
-7 = End index too large";TYPE_DWORD;No unit;0;;;/Channel/State/delObjState[u<Channel numb>, <Line Index>];/Channel/State/delObjState[u1, 1];False
cycServRestricted;Restricted cyclic variable service;;;22;;;"Identifier, whether there is restricted, cyclic variable service.

This is a privileged variable: cyclic result acknowledgments of this variable are also returned when the cyclic services are no longer served by the NCK because of block change time problems. 
Notice: The privileged variables lose his property if they are mixed with non-privileged variables in one order. -> Do not integrate the variable cycServRestricted in a cluster with other variables!

Value Range:
0 = normal cycl. service
1 = no cyclic service (but acknowledgment)";TYPE_UWORD;No unit;;;;/Channel/State/cycServRestricted[u<Channel numb>];/Channel/State/cycServRestricted[u1];False
corrBlActive;Incorrect block occurred;;;15;;;"Incorrect block has occurred (correction block)

Value Range:
0 = no incorrect block
1 = incorrect block";TYPE_UWORD;No unit;;;;/Channel/State/corrBlActive[u<Channel numb>];/Channel/State/corrBlActive[u1];False
cmdTrafoS;Prog. transformation block search;$P_TRAFO;;161;1;1;"Code number of programmed transformation for block search

Value Range:
Coding as for variable $AC_TRAFO";TYPE_UWORD;No unit;0;;;/Channel/State/cmdTrafoS[u<Channel numb>, <Line Index>];/Channel/State/cmdTrafoS[u1, 1];False
cmdTrafoParSetS;No. prog. transformation data record block search;$P_TRAFO_PARSET;;170;1;1;"The variable is '0' if no transformation is active.
If a conventionally defined (i.e. not by kinematic chains) transformation is active, the variable contains the number of the current transformation data record during block search.
If a transformation defined by kinematic chains is active, the variable contains the number of the $NT data record with an offset of 1000, i.e. the first transformation returns the value 1001 (during block search).";TYPE_UWORD;No unit;0;;;/Channel/State/cmdTrafoParSetS[u<Channel numb>, <Line Index>];/Channel/State/cmdTrafoParSetS[u1, 1];False
cmdFeedRateIpoS;Interpolation feed during search;;;273;1;1;"Interpolation feed during search.
The physical unit is in the variable feedRateIpoUnitS";TYPE_DOUBLE;Linear or angular velocity, as a function of axis type;0;0.0;;/Channel/State/cmdFeedRateIpoS[u<Channel numb>, <Line Index>];/Channel/State/cmdFeedRateIpoS[u1, 1];False
cmdFeedRateIpo;Desired value of the interpolation feedrate;$AC_F;;2;;;Desired feedrate of the interpolation feedrate. The physical unit is defined in the variable 'feedRateIpoUnit';TYPE_DOUBLE;Linear velocity (mm/min, inch/min or user defined);;;;/Channel/State/cmdFeedRateIpo[u<Channel numb>];/Channel/State/cmdFeedRateIpo[u1];False
cmdDwellTime;Programmed dwell time;;;166;1;1;"Programmed dwell time

Value Range:
See timeOrRevolDwell";TYPE_DOUBLE;Time (s or user defined);0;0.0;;/Channel/State/cmdDwellTime[u<Channel numb>, <Line Index>];/Channel/State/cmdDwellTime[u1, 1];False
changeAxConfCounter;Counter indicating changes of axes configuration;;;37;1;1;A counter which is incremented if the axes configuration has changed. This is the case, if e.g. geometry axes are switched or axes have been changed between channels. The counter is set to 0 at PowerOn and it might overflow. You cannot be sure, that the axes configuration actually has changed when the counter is incremented.;TYPE_UWORD;No unit;;;;/Channel/State/changeAxConfCounter[u<Channel numb>, <Line Index>];/Channel/State/changeAxConfCounter[u1, 1];False
chanStatus;Channel status (1=active) DB21-30, DBX35.5 - DBX35.7;;;11;;;"Channel status

Value Range:
0 = RESET
1 = active
2 = interrupted";TYPE_UWORD;No unit;;;;/Channel/State/chanStatus[u<Channel numb>];/Channel/State/chanStatus[u1];False
chanAxisNoGap;Display of existing axes.;;axisActivInChan;92;1;1;"Display of existing axes, i.e. no axis gap in channel.

Value Range:
Bits 0-31 represent the axes of the channel.
Bitn = 0: Axis does not exist.
Bitn = 1: Axis does exist.";TYPE_DWORD;No unit;;0.0;;/Channel/State/chanAxisNoGap[u<Channel numb>, <Line Index>];/Channel/State/chanAxisNoGap[u1, 1];False
chanAlarm;NCK alarm pending DB21-30, DBX36.6 und DBX36.7;;;14;;;"Code whether NCK alarm pending.

Value Range:
0 = no alarm in this channel
1 = alarm without stop
2 = alarm with stop";TYPE_UWORD;No unit;;;;/Channel/State/chanAlarm[u<Channel numb>];/Channel/State/chanAlarm[u1];False
cOut;Signal from cycle to PLC;$C_OUT[n];;129;No. of output signal;16;"Signal from cycle to PLC (reserved for
SIEMENS application, e.g. ShopMill/ManualTurn)";TYPE_UWORD;No unit;;;;/Channel/State/cOut[u<Channel numb>, <Line Index>];"/Channel/State/cOut[u1, 1]
/Channel/State/cOut[u1, 2]
/Channel/State/cOut[u1, 3]
/Channel/State/cOut[u1, 4]
/Channel/State/cOut[u1, 5]
/Channel/State/cOut[u1, 6]
/Channel/State/cOut[u1, 7]
/Channel/State/cOut[u1, 8]
/Channel/State/cOut[u1, 9]
/Channel/State/cOut[u1, 10]
/Channel/State/cOut[u1, 11]
/Channel/State/cOut[u1, 12]
/Channel/State/cOut[u1, 13]
/Channel/State/cOut[u1, 14]
/Channel/State/cOut[u1, 15]
/Channel/State/cOut[u1, 16]";False
cIn;Signal from PLC to cycle;$C_IN[n];;128;No. of input signal;16;"Signal from PLC to cycle (reserved for
SIEMENS application, e.g. ShopMill/ManualTurn)";TYPE_UWORD;No unit;;;;/Channel/State/cIn[u<Channel numb>, <Line Index>];"/Channel/State/cIn[u1, 1]
/Channel/State/cIn[u1, 2]
/Channel/State/cIn[u1, 3]
/Channel/State/cIn[u1, 4]
/Channel/State/cIn[u1, 5]
/Channel/State/cIn[u1, 6]
/Channel/State/cIn[u1, 7]
/Channel/State/cIn[u1, 8]
/Channel/State/cIn[u1, 9]
/Channel/State/cIn[u1, 10]
/Channel/State/cIn[u1, 11]
/Channel/State/cIn[u1, 12]
/Channel/State/cIn[u1, 13]
/Channel/State/cIn[u1, 14]
/Channel/State/cIn[u1, 15]
/Channel/State/cIn[u1, 16]";False
blockTypeInfo;Information on block type;$AC_BLOCKTYPEINFO;;222;1;1;"Detailed information on block type

Value Range:
The value range and the meaning of this variable depend on the current
value of system variable blockType

System variable blockTypeInfo can be used to request additional
information on variable blockType.

Depending on the value of system variable blockType, various values are then possible:


1. General internally generated block: blockType = 1
blockTypeInfo = 1000 and does not include any additional information.

2. Chamfer/round: blockType = 2
2001: straight
2002: circle

3. SAR: blockType = 3
3001: Approach with straight
3002: Approach with quadrant
3003: Approach with semicircle

4. Tool offset: blockType = 4
4001: Approach block after STOPRE
4002: Link blocks if intersection not found
4003: Point circle on inside corners (only with TRACYL)
4004: Bypass circle (or conic) on outside corners
4005: Approach blocks for offset suppression
4006: Approach blocks for reactivation of TRC
4007: Blocks are split because curvature is too high
4008: Compensation blocks for 3D front milling (tool vector || plane vector)

5. Corner rounding: blockType = 5
5001: Rounding contour through G641
5002: Rounding contour through G642
5003: Rounding contour through G643
5004: Rounding contour through G644

6. TLIFT: blockType = 6
6001: TLIFT block with linear movement of the tangential axis but without retraction movement.
6002: TLIFT block with non-linear movement of the tangential axis (polynomial) 
but without retraction movement.
6003: TLIFT block with retraction movement.
Tangential axis movement and retraction movement start simultaneously.
6004: TLIFT block with retraction movement.
Tangential axis does not start until a specific retraction position is reached.

7. Path segmentation: blockType = 7
7001: Programmed path segmentation without punching or nibbling active.
7002: Programmed path segmentation with punching or nibbling active.
7003: Automatically generated path segmentation.

8. Compile cycles: blockType = 8
In this case, system variable $AC_BLOCKTYPEINFO includes the
ID of the compile cycles application that generated the block.";TYPE_DWORD;No unit;0;0.0;;/Channel/State/blockTypeInfo[u<Channel numb>, <Line Index>];/Channel/State/blockTypeInfo[u1, 1];False
blockType;Type of the active block in the interpolator;$AC_BLOCKTYPE;;221;1;1;"Identifies the type of a block (programmed or generated internally)

Value Range:
0: No internally generated block
1: Internally generated block, but cannot be specified in detail
2: Block was generated on chamfering/rounding
3: Smooth approach and retraction (SAR)
4: Block was generated during tool offset
5: Block was generated on smoothing
6: Block was generated by TLIFT (tangential correction)
7: Block was generated during path segmentation
8: Block was generated by compile cycles";TYPE_DWORD;No unit;0;0.0;8;/Channel/State/blockType[u<Channel numb>, <Line Index>];/Channel/State/blockType[u1, 1];False
basisFrameMask;Active channel-specific basic frames;$P_CHBFRMASK;;90;1;1;"Display indicating which channel-specific basic frames are active

Value Range:
Every bit in the mask indicates whether the appropriate basic frame
is active. Bit0 = 1st basic frame, Bit1 = 2nd basic frame, etc.";TYPE_UWORD;No unit;;;;/Channel/State/basisFrameMask[u<Channel numb>, <Line Index>];/Channel/State/basisFrameMask[u1, 1];False
allAxesStopped;Axes in exact stop;;;21;;;"Code specifying whether axes are in exact stop

Value Range:
0 = at least one axis is not in exact stop
1 = All axes in exact stop";TYPE_UWORD;No unit;;;;/Channel/State/allAxesStopped[u<Channel numb>];/Channel/State/allAxesStopped[u1];False
allAxesRefActive;All axes referenced DB21-30, DBX36.2;;;18;;;"Code specifying whether all axes are referenced

Value Range:
1 = all axes referenced
0 = at least 1 axis not referenced";TYPE_UWORD;No unit;;;;/Channel/State/allAxesRefActive[u<Channel numb>];/Channel/State/allAxesRefActive[u1];False
actWaCSPlusEnable;Coord.-spec. work. area limitation, positive valid;$AC_WORKAREA_CS_PLUS_ENABLE;;287;Channel axis index;numMachAxes;"The coordinate system-specific working area limitation in the positive direction of actWaCSLimitPlus is valid.

Value Range:
TRUE: The value in the variable actWaCSLimitPlus is valid for the axis.
FALSE: There is no limitation for this axis in the positive direction in the coordinate-specific working area.";TYPE_UWORD;No unit;0;;;/Channel/State/actWaCSPlusEnable[u<Channel numb>, <Line Index>];"/Channel/State/actWaCSPlusEnable[u1, 1]
/Channel/State/actWaCSPlusEnable[u1, 2]
/Channel/State/actWaCSPlusEnable[u1, 3]
/Channel/State/actWaCSPlusEnable[u1, 4]
/Channel/State/actWaCSPlusEnable[u1, 5]
/Channel/State/actWaCSPlusEnable[u1, 6]
/Channel/State/actWaCSPlusEnable[u1, 7]
/Channel/State/actWaCSPlusEnable[u1, 8]
/Channel/State/actWaCSPlusEnable[u1, 9]
/Channel/State/actWaCSPlusEnable[u1, 10]
/Channel/State/actWaCSPlusEnable[u1, 11]
/Channel/State/actWaCSPlusEnable[u1, 12]";False
actWaCSMinusEnable;Coord.-spec. work. area limitation, negative valid;$AC_WORKAREA_CS_MINUS_ENABLE;;288;Channel axis index;numMachAxes;"The coordinate-specific working area limitation in the negative direction of actWaCSLimitMinus is valid.

Value Range:
TRUE: The value in the variable actWaCSLimitMinus is valid for the axis.
FALSE: There is no limitation in the coordinate-specific working area in the negative direction for this axis.";TYPE_UWORD;No unit;0;;;/Channel/State/actWaCSMinusEnable[u<Channel numb>, <Line Index>];"/Channel/State/actWaCSMinusEnable[u1, 1]
/Channel/State/actWaCSMinusEnable[u1, 2]
/Channel/State/actWaCSMinusEnable[u1, 3]
/Channel/State/actWaCSMinusEnable[u1, 4]
/Channel/State/actWaCSMinusEnable[u1, 5]
/Channel/State/actWaCSMinusEnable[u1, 6]
/Channel/State/actWaCSMinusEnable[u1, 7]
/Channel/State/actWaCSMinusEnable[u1, 8]
/Channel/State/actWaCSMinusEnable[u1, 9]
/Channel/State/actWaCSMinusEnable[u1, 10]
/Channel/State/actWaCSMinusEnable[u1, 11]
/Channel/State/actWaCSMinusEnable[u1, 12]";False
actWaCSLimitPlus;Coord.-specific working area limitation positive;$AC_WORKAREA_CS_LIMIT_PLUS;;289;Channel axis index;numMachAxes;"Position of the coordinate system-specific working area limitation in the positive direction for the addressed axis and working area group

Value Range:
Position of the working area limitation in the positive direction";TYPE_DOUBLE;Linear or angular position, as a function of axis type (MD: linear/rotary axis);0;;;/Channel/State/actWaCSLimitPlus[u<Channel numb>, <Line Index>];"/Channel/State/actWaCSLimitPlus[u1, 1]
/Channel/State/actWaCSLimitPlus[u1, 2]
/Channel/State/actWaCSLimitPlus[u1, 3]
/Channel/State/actWaCSLimitPlus[u1, 4]
/Channel/State/actWaCSLimitPlus[u1, 5]
/Channel/State/actWaCSLimitPlus[u1, 6]
/Channel/State/actWaCSLimitPlus[u1, 7]
/Channel/State/actWaCSLimitPlus[u1, 8]
/Channel/State/actWaCSLimitPlus[u1, 9]
/Channel/State/actWaCSLimitPlus[u1, 10]
/Channel/State/actWaCSLimitPlus[u1, 11]
/Channel/State/actWaCSLimitPlus[u1, 12]";False
actWaCSLimitMinus;Coord.-specific working area limitation, negative;$AC_WORKAREA_CS_LIMIT_MINUS;;290;Channel axis index;numMachAxes;"Position of the coordinate system-specific working area limitation in the negative direction for the addressed axis and working area group.

Value Range:
Position of the working area limitation in the negative direction";TYPE_DOUBLE;Linear or angular position, as a function of axis type (MD: linear/rotary axis);0;;;/Channel/State/actWaCSLimitMinus[u<Channel numb>, <Line Index>];"/Channel/State/actWaCSLimitMinus[u1, 1]
/Channel/State/actWaCSLimitMinus[u1, 2]
/Channel/State/actWaCSLimitMinus[u1, 3]
/Channel/State/actWaCSLimitMinus[u1, 4]
/Channel/State/actWaCSLimitMinus[u1, 5]
/Channel/State/actWaCSLimitMinus[u1, 6]
/Channel/State/actWaCSLimitMinus[u1, 7]
/Channel/State/actWaCSLimitMinus[u1, 8]
/Channel/State/actWaCSLimitMinus[u1, 9]
/Channel/State/actWaCSLimitMinus[u1, 10]
/Channel/State/actWaCSLimitMinus[u1, 11]
/Channel/State/actWaCSLimitMinus[u1, 12]";False
actWaCSCoordSys;Coordinate system for working area limitation;$AC_WORKAREA_CS_COORD_SYSTEM;;286;1;1;"Coordinate system of the active coordinate system-specific working area limitation

Value Range:
Identifier for the coordinate system in which the working area limitation is to apply.
The following are valid:
0: Working area limitation in the WCS
3: Working area limitation in the SZS";TYPE_UWORD;No unit;0;;;/Channel/State/actWaCSCoordSys[u<Channel numb>, <Line Index>];/Channel/State/actWaCSCoordSys[u1, 1];False
actTransform;Active transformation;;;38;1;1;Active transformation;TYPE_STRING;No unit;\0;;;/Channel/State/actTransform[u<Channel numb>, <Line Index>];/Channel/State/actTransform[u1, 1];False
actTNumberS;corr. to actTNumber for block search without calc.;;;70;1;1;"Corresponds to actTNumber for block search with calculation.
Attention: This variable is available for protocolling the block search events only, not for the Variable Service!";TYPE_UWORD;No unit;;;;/Channel/State/actTNumberS[u<Channel numb>, <Line Index>];/Channel/State/actTNumberS[u1, 1];False
actTNumberLong;No. of active tool for flat D-no. max 8 digits;;;66;1;1;Number of the active tool using flat D-numbers with up to 8 digits;TYPE_DWORD;No unit;;;;/Channel/State/actTNumberLong[u<Channel numb>, <Line Index>];/Channel/State/actTNumberLong[u1, 1];False
actMTPlaceNumber;Number of the MT place with active tool;$AC_TC_;;351;1;1;Number of the multitool place in which the active tool is contained. The value is zero if the active tool is not contained in a multitool.;TYPE_UWORD;No unit;;;;/Channel/State/actMTPlaceNumber[u<Channel numb>, <Line Index>];/Channel/State/actMTPlaceNumber[u1, 1];False
actMTNumber;Number of the multitool with active tool -;;;350;1;1;Number of the multitool in which the active tool is contained. The value is zero if the active tool is not contained in a multitool.;TYPE_UWORD;No unit;;;;/Channel/State/actMTNumber[u<Channel numb>, <Line Index>];/Channel/State/actMTNumber[u1, 1];False
delayFSt;Stop in curr.progr.area is effect.after a delay;;;220;1;1;"Delay Feed Stop, Stop is delayed in the current program area

Value Range:
0: Stop in the current program area is effective immediately
1: Stop in the current program area is effective after a delay
2: Stop in the current program area is effective immediately (same as 0), although
a stop delay area was programmed in the parts program.
(This means that the NCK could not switch on the stop delay area.)";TYPE_UWORD;No unit;0;0.0;2;/Channel/State/delayFSt[u<Channel numb>, <Line Index>];/Channel/State/delayFSt[u1, 1];False
extProgActive;Program execution from external active DB21-30, DBX32.0;;;9;;;"Flag indicating whether program execution from external is active.

Value Range:
0 = inactive
1 = active";TYPE_UWORD;No unit;;;;/Channel/State/extProgActive[u<Channel numb>];/Channel/State/extProgActive[u1];False
pTcStat;Tool carrier status;$P_TCSTAT;;182;1;1;"Specifies the status of an orientable tool carrier.

Value Range:
The variable is bit-coded with the following meanings:
0x0001 The first rotary axis is available
0x0002 The second rotary axis is available
0x0004 The angles used for the calculation come from an orientation in the frame direction
0x0008 The angles used for the calculation have been absolutely defined
0x0010 The polar axis angle is not defined in the case of orientation in the frame direction

0x1000 Only the tool can be rotated (kinematic type T)
0x2000 Only the workpiece can be rotated (kinematic type P)
0x4000 Tool and workpiece can be rotated (kinematic type M)

The bits stated here are not currently assigned.";TYPE_DWORD;No unit;0;0.0;;/Channel/State/pTcStat[u<Channel numb>, <Line Index>];/Channel/State/pTcStat[u1, 1];False
feedRateIpoOvr;Interpolation feedrate, override;;;3;;;Interpolation feedrate, override;TYPE_DOUBLE;per cent;;;;/Channel/State/feedRateIpoOvr[u<Channel numb>];/Channel/State/feedRateIpoOvr[u1];False
pTcSol;Toolholder number of solutions;$P_TCSOL;;162;1;1;"Number of solutions (configuration options for rotary
axes) on selection of an orientatable toolholder. The variable
value can be between 0 and 2, where 0 to 2 means either none,
1 solution or 2 solutions.";TYPE_UWORD;No unit;0;0.0;;/Channel/State/pTcSol[u<Channel numb>, <Line Index>];/Channel/State/pTcSol[u1, 1];False
pTcNum;Number of available tool carriers;$P_TCNUM;;215;1;1;Number of available orientable tool carriers in the channel;TYPE_UWORD;No unit;0;0.0;;/Channel/State/pTcNum[u<Channel numb>, <Line Index>];/Channel/State/pTcNum[u1, 1];False
pTcDiff;Angular difference between toolholder axes;$P_TCDIFF[n];;125;Axis no. of toolholder;2;"The difference between the exact and the actually used 
angles of the two axes of
an orientation-capable toolholder";TYPE_DOUBLE;Angle (degree);0;;;/Channel/State/pTcDiff[u<Channel numb>, <Line Index>];"/Channel/State/pTcDiff[u1, 1]
/Channel/State/pTcDiff[u1, 2]";False
pTcAng;Angles of axes for toolholders;$P_TCANG[n];;123;Axis no. of toolholder;2;The current angles of the two axes of an orientation-capable toolholder;TYPE_DOUBLE;Angle (degree);0;;;/Channel/State/pTcAng[u<Channel numb>, <Line Index>];"/Channel/State/pTcAng[u1, 1]
/Channel/State/pTcAng[u1, 2]
/Channel/State/pTcAng[u1, 3]
/Channel/State/pTcAng[u1, 4]";False
vcToolODiff;Angle between setpoint and actual orientation;$VC_TOOL_O_DIFF;;208;1;3;"Supplies the angle between the setpoint vector and actual vector of the tool orientation in various coordinate systems:

Possible values of the line index:
1: Angle in BCS
2: Angle in PCS/WCS
3: Angle in ENS";TYPE_DOUBLE;No unit;0;0.0;180;/Channel/State/vcToolODiff[u<Channel numb>, <Line Index>];/Channel/State/vcToolODiff[u1, 1];False
pTCutModS;Angle of rotation for block search edge position;;;229;1;1;"Angle of rotation for edge position and
cutting direction for block search

Value Range:
Angle between 0 and 360 degrees";TYPE_DOUBLE;Angle (degree);0;0.0;360;/Channel/State/pTCutModS[u<Channel numb>, <Line Index>];/Channel/State/pTCutModS[u1, 1];False
pTCutMod;Angle of rotation for edge position;$P_AD[2];;226;1;1;"Angle of rotation for modification of edge position and cutting direction

Value Range:
Angle between 0 and 360 degrees";TYPE_DOUBLE;Angle (degree);0;0.0;360;/Channel/State/pTCutMod[u<Channel numb>, <Line Index>];/Channel/State/pTCutMod[u1, 1];False
pOffn;Offset normal;$P_OFFN;;112;;;Last programmed offset normal;TYPE_DOUBLE;No unit;0;;;/Channel/State/pOffn[u<Channel numb>];/Channel/State/pOffn[u1];False
pMthSDC;Master tool holder for cutting edge selection;$P_MTHSDC;;212;;1;"Master tool holder no. or master spindle no. is determined with reference to the active tool for the next D offset selection. This is important if the master spindle changes after the last tool change.

Value Range:
>0 Successful read access
0 No master tool holder or no master spindle available.
The next D offset works with T0.
-1 TMMG not available";TYPE_DWORD;No unit;0;0.0;numMachAxes;/Channel/State/pMthSDC[u<Channel numb>];/Channel/State/pMthSDC[u1];False
pEgBc;EG block change criterion;$P_EG_BC[a];;105;(Axis index of slave axis + 1);numMachAxes;"Electronic gear:
Block change criterion. Important for EGON, EGONSYN

Value Range:
0: NOC Block change is performed immediately
1: IPOSTOP Block change is performed with setpoint side
synchronism
2: COARSE Block change is performed with 'Synchronism coarse'
3: FINE Block change is performed with 'Synchronism fine'";TYPE_UWORD;No unit;3;0.0;3;/Channel/State/pEgBc[u<Channel numb>, <Line Index>];"/Channel/State/pEgBc[u1, 1]
/Channel/State/pEgBc[u1, 2]
/Channel/State/pEgBc[u1, 3]
/Channel/State/pEgBc[u1, 4]
/Channel/State/pEgBc[u1, 5]
/Channel/State/pEgBc[u1, 6]
/Channel/State/pEgBc[u1, 7]
/Channel/State/pEgBc[u1, 8]
/Channel/State/pEgBc[u1, 9]
/Channel/State/pEgBc[u1, 10]
/Channel/State/pEgBc[u1, 11]
/Channel/State/pEgBc[u1, 12]";False
pCutModS;Last programmed value of CUTMOD (block search);;;294;1;1;"Reads the current valid value that was last programmed with the language command CUTMOD 
(number of the tool carrier for which the cutting edge data modification is to be activated).
If the last programmed value was CUTMOD = -2 (activation with the currently active tool carrier with orientation capability),
the value -2 is not returned but the number of the active tool carrier with orientation capability at the time of programming.
For block search

Value Range:
-2, 999999";TYPE_DWORD;No unit;0;0.0;1;/Channel/State/pCutModS[u<Channel numb>, <Line Index>];/Channel/State/pCutModS[u1, 1];False
pCutMod;Last programmed value of CUTMOD;$AC_CUTMOD;;293;1;1;"Reads the current valid value that was last programmed with the language command CUTMOD 
(number of the tool carrier for which the cutting edge data modification is to be activated).
If the last programmed value was CUTMOD = -2 (activation with the currently active tool carrier with orientation capability),
the value -2 is not returned but the number of the active tool carrier with orientation capability at the time of programming.

Value Range:
-2, 999999";TYPE_DWORD;No unit;0;0.0;1;/Channel/State/pCutMod[u<Channel numb>, <Line Index>];/Channel/State/pCutMod[u1, 1];False
pCutInvS;Invert dir. of spindle rot. tool (block search);;;292;1;1;"States that a turning tool is rotated against the machining plane 
(typically through 180 degrees around the C axis with G18) such that the
direction of spindle rotation has to be inverted.
For block search.

Value Range:
FALSE, TRUE";TYPE_UWORD;No unit;0;0.0;1;/Channel/State/pCutInvS[u<Channel numb>, <Line Index>];/Channel/State/pCutInvS[u1, 1];False
pCutInv;Invert direction of spindle rotation tool;$AC_CUT_INV;;291;1;1;"States that a turning tool is rotated against the machining plane 
(typically through 180 degrees around the C axis with G18) such that the
direction of spindle rotation has to be inverted.

Value Range:
FALSE, TRUE";TYPE_UWORD;No unit;0;0.0;1;/Channel/State/pCutInv[u<Channel numb>, <Line Index>];/Channel/State/pCutInv[u1, 1];False
oldProgNetTimeCounter;Modification counter for oldProgNetTime;$AC_OLD_PROG_NET_TIME_COUNT;;300;1;1;"oldProgNetTimeCounter is zero in the Power ON status. oldProgNetTimeCounter is always increased when oldProgNetTime has been newly written. This enables the user to ensure that oldProgNetTime has been written. This means that, if the user cancels the current program with reset, oldProgNetTime and ldProgNetTimeCounter remain unchanged.
Note: Two programs running consecutively can have identical runtimes and be correctly terminated. The user can then only detect this by the changed oldProgNetTimeCounter.

Value Range:
Modification counter";TYPE_UWORD;No unit;0;0.0;;/Channel/State/oldProgNetTimeCounter[u<Channel numb>, <Line Index>];/Channel/State/oldProgNetTimeCounter[u1, 1];False
oldProgNetTime;Net runtime of last NC program;$AC_OLD_PROG_NET_TIME;;298;1;1;"The variable returns the net runtime of the program that has just finished correctly in seconds.
'Finished correctly' means that the program was not canceled with RESET, but ended normally with M30. 
If a new program is started, $AC_OLD_PROG_NET_TIME remains unaffected until M30 is reached again.
Further properties:
o $AC_OLD_PROG_NET_TIME is set to '0' if the currently selected program is edited.
o At the end of an ASUB or an event-controlled program (PROG_EVENT), $AC_OLD_PROG_NET_TIME is not changed.

Value Range:
Seconds";TYPE_DOUBLE;Time (s or user defined);0;0.0;;/Channel/State/oldProgNetTime[u<Channel numb>, <Line Index>];/Channel/State/oldProgNetTime[u1, 1];False
numTraceProtocOemEventType;Logging: OEM event types;$MM_PROTOC_NUM_ETP_OEM_TYP;;133;User No. (1-10);10;Logging: Number of OEM event types;TYPE_UWORD;No unit;;0.0;;/Channel/State/numTraceProtocOemEventType[u<Channel numb>, <Line Index>];"/Channel/State/numTraceProtocOemEventType[u1, 1]
/Channel/State/numTraceProtocOemEventType[u1, 2]
/Channel/State/numTraceProtocOemEventType[u1, 3]
/Channel/State/numTraceProtocOemEventType[u1, 4]
/Channel/State/numTraceProtocOemEventType[u1, 5]
/Channel/State/numTraceProtocOemEventType[u1, 6]
/Channel/State/numTraceProtocOemEventType[u1, 7]
/Channel/State/numTraceProtocOemEventType[u1, 8]
/Channel/State/numTraceProtocOemEventType[u1, 9]
/Channel/State/numTraceProtocOemEventType[u1, 10]";False
numTraceProtocEventType;Logging: Standard event types;;;132;User No. (1-10);10;Logging: Number of standard event types;TYPE_UWORD;No unit;;0.0;;/Channel/State/numTraceProtocEventType[u<Channel numb>, <Line Index>];"/Channel/State/numTraceProtocEventType[u1, 1]
/Channel/State/numTraceProtocEventType[u1, 2]
/Channel/State/numTraceProtocEventType[u1, 3]
/Channel/State/numTraceProtocEventType[u1, 4]
/Channel/State/numTraceProtocEventType[u1, 5]
/Channel/State/numTraceProtocEventType[u1, 6]
/Channel/State/numTraceProtocEventType[u1, 7]
/Channel/State/numTraceProtocEventType[u1, 8]
/Channel/State/numTraceProtocEventType[u1, 9]
/Channel/State/numTraceProtocEventType[u1, 10]";False
numToolHolders;Number of tool holders in the TOA of the channel;$P_MAGNS;;210;;1;"Number of tool holders/ spindles (buffer locations of the location type = spindle) from the magazine configuration of the TOA which are allocated to the channel. The number of tool holders / spindles is solely a function of the magazine configuration and does not change during an NC program execution.
Value = 0, if there is no magazine configuration or the TMMG (tool management magazines) is not present in the NC.";TYPE_UWORD;No unit;0;0.0;numMachAxes;/Channel/State/numToolHolders[u<Channel numb>];/Channel/State/numToolHolders[u1];False
ncStartSignalCounter;Counter for NC start signal;;;248;1;1;"Counter that is incremented
as soon as the channel-specific NC start signal has been activated in the VDI interface.";TYPE_UWORD;No unit;0;0.0;;/Channel/State/ncStartSignalCounter[u<Channel numb>, <Line Index>];/Channel/State/ncStartSignalCounter[u1, 1];False
ncStartCounter;Counter for NC-start key;;;20;;;Counter for the NC-start key. Pressing this key increments the variable 'ncStartCounter'. The value of the variable can be ignored, the HMI must just inquire the change of the variable to see whether the start-key has been pressed.;TYPE_UWORD;No unit;;;;/Channel/State/ncStartCounter[u<Channel numb>];/Channel/State/ncStartCounter[u1];False
ncResetCounter;Counter for Reset key;;;252;1;1;"Counter which is incremented with each 0->edge of
the Reset key";TYPE_UWORD;No unit;0;0.0;;/Channel/State/ncResetCounter[u<Channel numb>, <Line Index>];/Channel/State/ncResetCounter[u1, 1];False
ncProgEndCounter;Counter for end of program;;;251;1;1;"Counter which is incremented
as soon as the NCK has processed an end of program.";TYPE_UWORD;No unit;0;0.0;;/Channel/State/ncProgEndCounter[u<Channel numb>, <Line Index>];/Channel/State/ncProgEndCounter[u1, 1];False
nameIndex;Index of the found string;;;359;1;1;"Using PI _N_NAMINT (NAMETOINT) string is searched in a 1-dimensional string field. 
In this OPI variable, the index of the found strings is returned to the string field.
If the string is not found, the OPI variable is -1.";TYPE_DWORD;No unit;0;;;/Channel/State/nameIndex[u<Channel numb>, <Line Index>];/Channel/State/nameIndex[u1, 1];False
markActiveList;Status array for the wait marker;;;228;See description below;2;"Status array for the active marker in channel m.
The first element (markActiveList[1] ) of the array specifies the currently active marker number of this channel (channel m).
The second element ( markActiveList[2] ) specifies bit-coded whether channel m is still waiting for the mark to
be reached in the other channels (channel n), in short 'waiting status'.

markActiveList[2] Bit-n == 1 Channel m is waiting for mark markActiveList[1] in channel n
markActiveList[2] Bit-n == 0 Channel n has already reached mark markActiveList[1], or channel m is not
waiting for mark markActiveList[1] at all

Value Range:
markActiveList[1] == 0 Current channel m does not edit any wait marker
markActiveList[1] == 1..99 Current channel m is positioned on the wait marker with markActiveList[1]

markActiveList[2] Bit-n == 1 Channel m is waiting for mark markActiveList[1] in channel n
markActiveList[2] Bit-n == 0 Channel n has already reached mark markActiveList[1], or channel m is not
waiting for mark markActiveList[1] at all

Line index:
1: Wait marker number
2: Bit-coded wait status for all channels";TYPE_UWORD;No unit;0;0.0;99;/Channel/State/markActiveList[u<Channel numb>, <Line Index>];"/Channel/State/markActiveList[u1, 1]
/Channel/State/markActiveList[u1, 2]";False
machFunc;Active channel machine function DB11, DBXn.0 - DBXn.2 (n=7,27,47,67, ...);;;12;;;"Active channel machine function

Value Range:
0 = none
1 = REPOS
2 = TEACH IN
3 = REF
4 = TEACH-REPOS
5 = TEACH-REF";TYPE_UWORD;No unit;;;;/Channel/State/machFunc[u<Channel numb>];/Channel/State/machFunc[u1];False
ludAccCounter;Counter indicating that a new LUD ACC is available;;;31;;;Counter indicating that a new LUD ACC is available. If subprograms are called during an automatic program execution, a new set of LUDs becomes valid. In order to indicate to the HMI that it has to modify the display of the LUDs, respectively that the validity of the LUDs has changed, the variable 'ludAccCounter' is incremented. It is only necessary for the HMI to inquire a change of the variable's value, the value itself is of no importance.;TYPE_UWORD;No unit;;;;/Channel/State/ludAccCounter[u<Channel numb>];/Channel/State/ludAccCounter[u1];False
findBlActive;Block search active DB21-30, DBX33.4;;;8;;;"Code whether block search is active.

Value Range:
0 = not active
1 = active";TYPE_UWORD;No unit;;;;/Channel/State/findBlActive[u<Channel numb>];/Channel/State/findBlActive[u1];False
feedRateIpoUnit;Interpolation feedrate, units;;;6;;;"Interpolation feedrate, units

Value Range:
0 = mm/min
1 = mm/rev
2 = inch/min
3 = inch/rev";TYPE_UWORD;No unit;;;;/Channel/State/feedRateIpoUnit[u<Channel numb>];/Channel/State/feedRateIpoUnit[u1];False
vcToolO;Actual value of the tool orientation;$VC_TOOL_O;;207;1: X component;9;"Supplies the actual value of the current tool orientation
in various coordinate systems:

Possible values of the line index:
1, 2, 3: Components of the vector in BCS
4, 5, 6: Components of the vector in PCS/WCS
7, 8, 9: Components of the vector in ENS

The orientation vector is normalized, i.e. it has the value 1.";TYPE_DOUBLE;No unit;0;-1.0;1;/Channel/State/vcToolO[u<Channel numb>, <Line Index>];"/Channel/State/vcToolO[u1, 1]
/Channel/State/vcToolO[u1, 2]
/Channel/State/vcToolO[u1, 3]";False
acToolREnd;End rotation vector of the current block;$AC_TOOL_R_END;;242;1: X component;9;"End rotation vector of the current block
in various coordinate systems:

Possible values of the line index:
1, 2, 3: Components of the vector in BCS
4, 5, 6: Components of the vector in PCS/WCS
7, 8, 9: Components of the vector in ENS

The orientation vector is normalized, i.e. it has the absolute value 1.";TYPE_DOUBLE;No unit;0;-1.0;1;/Channel/State/acToolREnd[u<Channel numb>, <Line Index>];"/Channel/State/acToolREnd[u1, 1]
/Channel/State/acToolREnd[u1, 2]
/Channel/State/acToolREnd[u1, 3]";False
vcToolOStat;Status of the actual orientation;$VC_TOOLO_STAT;;209;;;Supplies the status of the computation of the actual orientation;TYPE_DWORD;No unit;0;-1.0;0;/Channel/State/vcToolOStat[u<Channel numb>];/Channel/State/vcToolOStat[u1];False
index;Absolute axis index;;;19;"Axis
Axis Number";numMachAxes;Absolute axis index referred to MD;TYPE_UWORD;No unit;;;;/Channel/MachineAxis/index[u<Channel numb>, <Line Index>];"/Channel/MachineAxis/index[u1, 1]
/Channel/MachineAxis/index[u1, 2]
/Channel/MachineAxis/index[u1, 3]
/Channel/MachineAxis/index[u1, 4]
/Channel/MachineAxis/index[u1, 5]
/Channel/MachineAxis/index[u1, 6]
/Channel/MachineAxis/index[u1, 7]
/Channel/MachineAxis/index[u1, 8]
/Channel/MachineAxis/index[u1, 9]
/Channel/MachineAxis/index[u1, 10]
/Channel/MachineAxis/index[u1, 11]
/Channel/MachineAxis/index[u1, 12]
/Channel/MachineAxis/index[u1, 13]
/Channel/MachineAxis/index[u1, 14]
/Channel/MachineAxis/index[u1, 15]
/Channel/MachineAxis/index[u1, 16]
/Channel/MachineAxis/index[u1, 17]
/Channel/MachineAxis/index[u1, 18]
/Channel/MachineAxis/index[u1, 19]
/Channel/MachineAxis/index[u1, 20]";False
geoAxisNr;Number of the geometry axis;;;13;"Axis
Axis index";numMachAxes;"Number of the geometry axis

Value Range:
If the axis is a geometry axis: 1-3
If the axis is not a geometry axis: 0";TYPE_UWORD;No unit;;;;/Channel/GeometricAxis/geoAxisNr[u<Channel numb>, <Line Index>];"/Channel/GeometricAxis/geoAxisNr[u1, 1]
/Channel/GeometricAxis/geoAxisNr[u1, 2]
/Channel/GeometricAxis/geoAxisNr[u1, 3]
/Channel/GeometricAxis/geoAxisNr[u1, 4]
/Channel/GeometricAxis/geoAxisNr[u1, 5]
/Channel/GeometricAxis/geoAxisNr[u1, 6]
/Channel/GeometricAxis/geoAxisNr[u1, 7]
/Channel/GeometricAxis/geoAxisNr[u1, 8]
/Channel/GeometricAxis/geoAxisNr[u1, 9]
/Channel/GeometricAxis/geoAxisNr[u1, 10]
/Channel/GeometricAxis/geoAxisNr[u1, 11]
/Channel/GeometricAxis/geoAxisNr[u1, 12]
/Channel/GeometricAxis/geoAxisNr[u1, 13]
/Channel/GeometricAxis/geoAxisNr[u1, 14]
/Channel/GeometricAxis/geoAxisNr[u1, 15]
/Channel/GeometricAxis/geoAxisNr[u1, 16]
/Channel/GeometricAxis/geoAxisNr[u1, 17]
/Channel/GeometricAxis/geoAxisNr[u1, 18]
/Channel/GeometricAxis/geoAxisNr[u1, 19]
/Channel/GeometricAxis/geoAxisNr[u1, 20]";False
drfVal;DRF value;"$AC_DRF[x]
x
=
Axis";;4;"Axis
Axis index";numMachAxes;DRF value. The physical unit is defined in /C/SGA/extUnit (in module SGA).;TYPE_DOUBLE;Linear or angular position, as a function of axis type (MD: linear/rotary axis);;;;/Channel/GeometricAxis/drfVal[u<Channel numb>, <Line Index>];"/Channel/GeometricAxis/drfVal[u1, 1]
/Channel/GeometricAxis/drfVal[u1, 2]
/Channel/GeometricAxis/drfVal[u1, 3]
/Channel/GeometricAxis/drfVal[u1, 4]
/Channel/GeometricAxis/drfVal[u1, 5]
/Channel/GeometricAxis/drfVal[u1, 6]
/Channel/GeometricAxis/drfVal[u1, 7]
/Channel/GeometricAxis/drfVal[u1, 8]
/Channel/GeometricAxis/drfVal[u1, 9]
/Channel/GeometricAxis/drfVal[u1, 10]
/Channel/GeometricAxis/drfVal[u1, 11]
/Channel/GeometricAxis/drfVal[u1, 12]
/Channel/GeometricAxis/drfVal[u1, 13]
/Channel/GeometricAxis/drfVal[u1, 14]
/Channel/GeometricAxis/drfVal[u1, 15]
/Channel/GeometricAxis/drfVal[u1, 16]
/Channel/GeometricAxis/drfVal[u1, 17]
/Channel/GeometricAxis/drfVal[u1, 18]
/Channel/GeometricAxis/drfVal[u1, 19]
/Channel/GeometricAxis/drfVal[u1, 20]";False
displayAxis;Identifier for geometry/auxiliary axis;"$MC_DISPLAY_AXIS
Bit0-15";;30;"Axis
Axis index";numMachAxes;"Identifier indicating whether the axis is displayed by the HMI as a geometry or auxiliary axis.

Value Range:
0 = Do not display at all
0xFFFF = Always display everything
bit 0 = Display in actual-value window
bit 1 = Display in reference point window
bit 2 = Display in Preset / Basic offset / Scratching
bit 3 = Display in handwheel selection";TYPE_UWORD;No unit;0xFFFF;0.0;0xFFFF;/Channel/GeometricAxis/displayAxis[u<Channel numb>, <Line Index>];"/Channel/GeometricAxis/displayAxis[u1, 1]
/Channel/GeometricAxis/displayAxis[u1, 2]
/Channel/GeometricAxis/displayAxis[u1, 3]
/Channel/GeometricAxis/displayAxis[u1, 4]
/Channel/GeometricAxis/displayAxis[u1, 5]
/Channel/GeometricAxis/displayAxis[u1, 6]
/Channel/GeometricAxis/displayAxis[u1, 7]
/Channel/GeometricAxis/displayAxis[u1, 8]
/Channel/GeometricAxis/displayAxis[u1, 9]
/Channel/GeometricAxis/displayAxis[u1, 10]
/Channel/GeometricAxis/displayAxis[u1, 11]
/Channel/GeometricAxis/displayAxis[u1, 12]
/Channel/GeometricAxis/displayAxis[u1, 13]
/Channel/GeometricAxis/displayAxis[u1, 14]
/Channel/GeometricAxis/displayAxis[u1, 15]
/Channel/GeometricAxis/displayAxis[u1, 16]
/Channel/GeometricAxis/displayAxis[u1, 17]
/Channel/GeometricAxis/displayAxis[u1, 18]
/Channel/GeometricAxis/displayAxis[u1, 19]
/Channel/GeometricAxis/displayAxis[u1, 20]";False
diamonInfo;Position as diameter or radius;;;37;Axis index;numMachAxes;"Information whether position values are shown as diameter or radius values.
This information is relevant for the following variables of the blocks SGA/SEGA:

- /C/SGA/cmdToolBasePos
- /C/SGA/toolBaseDistToGo
- /C/SGA/toolBaseREPOS
- cmdToolEdgeCenterPos
- actToolEdgeCenterPos
- toolEdgeCenterDistToGo
- toolEdgeCenterREPOS
- cmdProgPos
- actProgPos
- progDistToGo
- progREPOS
- actToolBasPosEN
- cmdToolEdgeCenterPosEnsS
- /C/SEGA/actToolEdgeCenterPosEns
- actToolBasPosBN
- cmdToolBasPosENS
- actProgPosBKS
- actToolBasePosDiam
- actToolBasePosBasicDiam
- actToolBasPosBNDiam

Value Range:
0: Diameter programming inactive
1: Diameter programming active";TYPE_UWORD;No unit;0;0.0;1;/Channel/GeometricAxis/diamonInfo[u<Channel numb>, <Line Index>];"/Channel/GeometricAxis/diamonInfo[u1, 1]
/Channel/GeometricAxis/diamonInfo[u1, 2]
/Channel/GeometricAxis/diamonInfo[u1, 3]
/Channel/GeometricAxis/diamonInfo[u1, 4]
/Channel/GeometricAxis/diamonInfo[u1, 5]
/Channel/GeometricAxis/diamonInfo[u1, 6]
/Channel/GeometricAxis/diamonInfo[u1, 7]
/Channel/GeometricAxis/diamonInfo[u1, 8]
/Channel/GeometricAxis/diamonInfo[u1, 9]
/Channel/GeometricAxis/diamonInfo[u1, 10]
/Channel/GeometricAxis/diamonInfo[u1, 11]
/Channel/GeometricAxis/diamonInfo[u1, 12]
/Channel/GeometricAxis/diamonInfo[u1, 13]
/Channel/GeometricAxis/diamonInfo[u1, 14]
/Channel/GeometricAxis/diamonInfo[u1, 15]
/Channel/GeometricAxis/diamonInfo[u1, 16]
/Channel/GeometricAxis/diamonInfo[u1, 17]
/Channel/GeometricAxis/diamonInfo[u1, 18]
/Channel/GeometricAxis/diamonInfo[u1, 19]
/Channel/GeometricAxis/diamonInfo[u1, 20]";False
cmdToolEdgeCenterPosEns;Programmed SZS position;;;67;"Axis
Axis index";numMachAxes;"Programmed SZS position
in relation to the WOS frame as center-point path, i.e. with tool length 
but without tool radius";TYPE_DOUBLE;Linear or angular position, as a function of axis type (MD: linear/rotary axis);;;;/Channel/GeometricAxis/cmdToolEdgeCenterPosEns[u<Channel numb>, <Line Index>];"/Channel/GeometricAxis/cmdToolEdgeCenterPosEns[u1, 1]
/Channel/GeometricAxis/cmdToolEdgeCenterPosEns[u1, 2]
/Channel/GeometricAxis/cmdToolEdgeCenterPosEns[u1, 3]
/Channel/GeometricAxis/cmdToolEdgeCenterPosEns[u1, 4]
/Channel/GeometricAxis/cmdToolEdgeCenterPosEns[u1, 5]
/Channel/GeometricAxis/cmdToolEdgeCenterPosEns[u1, 6]
/Channel/GeometricAxis/cmdToolEdgeCenterPosEns[u1, 7]
/Channel/GeometricAxis/cmdToolEdgeCenterPosEns[u1, 8]
/Channel/GeometricAxis/cmdToolEdgeCenterPosEns[u1, 9]
/Channel/GeometricAxis/cmdToolEdgeCenterPosEns[u1, 10]
/Channel/GeometricAxis/cmdToolEdgeCenterPosEns[u1, 11]
/Channel/GeometricAxis/cmdToolEdgeCenterPosEns[u1, 12]
/Channel/GeometricAxis/cmdToolEdgeCenterPosEns[u1, 13]
/Channel/GeometricAxis/cmdToolEdgeCenterPosEns[u1, 14]
/Channel/GeometricAxis/cmdToolEdgeCenterPosEns[u1, 15]
/Channel/GeometricAxis/cmdToolEdgeCenterPosEns[u1, 16]
/Channel/GeometricAxis/cmdToolEdgeCenterPosEns[u1, 17]
/Channel/GeometricAxis/cmdToolEdgeCenterPosEns[u1, 18]
/Channel/GeometricAxis/cmdToolEdgeCenterPosEns[u1, 19]
/Channel/GeometricAxis/cmdToolEdgeCenterPosEns[u1, 20]";False
cmdToolEdgeCenterPosEnsS;Programmed SZS position for block search;;;26;"Axis
Axis index";numMachAxes;"Programmed SZS position for block search with calculation
in relation to the WOS frame as center-point path, i.e. with tool length 
but without tool radius
Notice! This variable is not available for the variable service,
but only for logging in connection with block search events!";TYPE_DOUBLE;Linear or angular position, as a function of axis type (MD: linear/rotary axis);;;;/Channel/GeometricAxis/cmdToolEdgeCenterPosEnsS[u<Channel numb>, <Line Index>];"/Channel/GeometricAxis/cmdToolEdgeCenterPosEnsS[u1, 1]
/Channel/GeometricAxis/cmdToolEdgeCenterPosEnsS[u1, 2]
/Channel/GeometricAxis/cmdToolEdgeCenterPosEnsS[u1, 3]
/Channel/GeometricAxis/cmdToolEdgeCenterPosEnsS[u1, 4]
/Channel/GeometricAxis/cmdToolEdgeCenterPosEnsS[u1, 5]
/Channel/GeometricAxis/cmdToolEdgeCenterPosEnsS[u1, 6]
/Channel/GeometricAxis/cmdToolEdgeCenterPosEnsS[u1, 7]
/Channel/GeometricAxis/cmdToolEdgeCenterPosEnsS[u1, 8]
/Channel/GeometricAxis/cmdToolEdgeCenterPosEnsS[u1, 9]
/Channel/GeometricAxis/cmdToolEdgeCenterPosEnsS[u1, 10]
/Channel/GeometricAxis/cmdToolEdgeCenterPosEnsS[u1, 11]
/Channel/GeometricAxis/cmdToolEdgeCenterPosEnsS[u1, 12]
/Channel/GeometricAxis/cmdToolEdgeCenterPosEnsS[u1, 13]
/Channel/GeometricAxis/cmdToolEdgeCenterPosEnsS[u1, 14]
/Channel/GeometricAxis/cmdToolEdgeCenterPosEnsS[u1, 15]
/Channel/GeometricAxis/cmdToolEdgeCenterPosEnsS[u1, 16]
/Channel/GeometricAxis/cmdToolEdgeCenterPosEnsS[u1, 17]
/Channel/GeometricAxis/cmdToolEdgeCenterPosEnsS[u1, 18]
/Channel/GeometricAxis/cmdToolEdgeCenterPosEnsS[u1, 19]
/Channel/GeometricAxis/cmdToolEdgeCenterPosEnsS[u1, 20]";False
cmdFeedRate;Desired value of axis-specific feedrate;;;2;"Axis
Axis Number";numMachAxes;Desired value of axis-specific feedrate for a positioning axis.;TYPE_DOUBLE;Linear or angular velocity, as a function of axis type;;;;/Channel/MachineAxis/cmdFeedRate[u<Channel numb>, <Line Index>];"/Channel/MachineAxis/cmdFeedRate[u1, 1]
/Channel/MachineAxis/cmdFeedRate[u1, 2]
/Channel/MachineAxis/cmdFeedRate[u1, 3]
/Channel/MachineAxis/cmdFeedRate[u1, 4]
/Channel/MachineAxis/cmdFeedRate[u1, 5]
/Channel/MachineAxis/cmdFeedRate[u1, 6]
/Channel/MachineAxis/cmdFeedRate[u1, 7]
/Channel/MachineAxis/cmdFeedRate[u1, 8]
/Channel/MachineAxis/cmdFeedRate[u1, 9]
/Channel/MachineAxis/cmdFeedRate[u1, 10]
/Channel/MachineAxis/cmdFeedRate[u1, 11]
/Channel/MachineAxis/cmdFeedRate[u1, 12]
/Channel/MachineAxis/cmdFeedRate[u1, 13]
/Channel/MachineAxis/cmdFeedRate[u1, 14]
/Channel/MachineAxis/cmdFeedRate[u1, 15]
/Channel/MachineAxis/cmdFeedRate[u1, 16]
/Channel/MachineAxis/cmdFeedRate[u1, 17]
/Channel/MachineAxis/cmdFeedRate[u1, 18]
/Channel/MachineAxis/cmdFeedRate[u1, 19]
/Channel/MachineAxis/cmdFeedRate[u1, 20]";False
axisFeedRateUnit;Unit of axial feedrate;;;12;"Axis
Axis index";numMachAxes;"Unit of axial feedrate

Value Range:
0 = mm/min
1 = inch/min
2 = degree/min";TYPE_UWORD;No unit;;;;/Channel/GeometricAxis/axisFeedRateUnit[u<Channel numb>, <Line Index>];"/Channel/GeometricAxis/axisFeedRateUnit[u1, 1]
/Channel/GeometricAxis/axisFeedRateUnit[u1, 2]
/Channel/GeometricAxis/axisFeedRateUnit[u1, 3]
/Channel/GeometricAxis/axisFeedRateUnit[u1, 4]
/Channel/GeometricAxis/axisFeedRateUnit[u1, 5]
/Channel/GeometricAxis/axisFeedRateUnit[u1, 6]
/Channel/GeometricAxis/axisFeedRateUnit[u1, 7]
/Channel/GeometricAxis/axisFeedRateUnit[u1, 8]
/Channel/GeometricAxis/axisFeedRateUnit[u1, 9]
/Channel/GeometricAxis/axisFeedRateUnit[u1, 10]
/Channel/GeometricAxis/axisFeedRateUnit[u1, 11]
/Channel/GeometricAxis/axisFeedRateUnit[u1, 12]
/Channel/GeometricAxis/axisFeedRateUnit[u1, 13]
/Channel/GeometricAxis/axisFeedRateUnit[u1, 14]
/Channel/GeometricAxis/axisFeedRateUnit[u1, 15]
/Channel/GeometricAxis/axisFeedRateUnit[u1, 16]
/Channel/GeometricAxis/axisFeedRateUnit[u1, 17]
/Channel/GeometricAxis/axisFeedRateUnit[u1, 18]
/Channel/GeometricAxis/axisFeedRateUnit[u1, 19]
/Channel/GeometricAxis/axisFeedRateUnit[u1, 20]";False
actFeedRateIpo;/C/SEGA/actFeedRate with revolutional feedrate;;;53;Axis index;numMachAxes;"Corresponds to /C/SEGA/actFeedRate taking into account the 
revolutional feedrate.
For geometry axes the value is reported in the MCS, i.e. related to the geometry axis and not to the machine axis.
Associated unit see: axisFeedRateIpoUnit";TYPE_DOUBLE;Linear or angular velocity, as a function of axis type;;;;/Channel/GeometricAxis/actFeedRateIpo[u<Channel numb>, <Line Index>];"/Channel/GeometricAxis/actFeedRateIpo[u1, 1]
/Channel/GeometricAxis/actFeedRateIpo[u1, 2]
/Channel/GeometricAxis/actFeedRateIpo[u1, 3]
/Channel/GeometricAxis/actFeedRateIpo[u1, 4]
/Channel/GeometricAxis/actFeedRateIpo[u1, 5]
/Channel/GeometricAxis/actFeedRateIpo[u1, 6]
/Channel/GeometricAxis/actFeedRateIpo[u1, 7]
/Channel/GeometricAxis/actFeedRateIpo[u1, 8]
/Channel/GeometricAxis/actFeedRateIpo[u1, 9]
/Channel/GeometricAxis/actFeedRateIpo[u1, 10]
/Channel/GeometricAxis/actFeedRateIpo[u1, 11]
/Channel/GeometricAxis/actFeedRateIpo[u1, 12]
/Channel/GeometricAxis/actFeedRateIpo[u1, 13]
/Channel/GeometricAxis/actFeedRateIpo[u1, 14]
/Channel/GeometricAxis/actFeedRateIpo[u1, 15]
/Channel/GeometricAxis/actFeedRateIpo[u1, 16]
/Channel/GeometricAxis/actFeedRateIpo[u1, 17]
/Channel/GeometricAxis/actFeedRateIpo[u1, 18]
/Channel/GeometricAxis/actFeedRateIpo[u1, 19]
/Channel/GeometricAxis/actFeedRateIpo[u1, 20]";False
axisActiveInChan;Axis active;;;73;"Axis
Axis Number";numMachAxes;"Flag indicating whether axis is active in this channel

Value Range:
0 = inactive
1 = active";TYPE_UWORD;No unit;;;;/Channel/MachineAxis/axisActiveInChan[u<Channel numb>, <Line Index>];"/Channel/MachineAxis/axisActiveInChan[u1, 1]
/Channel/MachineAxis/axisActiveInChan[u1, 2]
/Channel/MachineAxis/axisActiveInChan[u1, 3]
/Channel/MachineAxis/axisActiveInChan[u1, 4]
/Channel/MachineAxis/axisActiveInChan[u1, 5]
/Channel/MachineAxis/axisActiveInChan[u1, 6]
/Channel/MachineAxis/axisActiveInChan[u1, 7]
/Channel/MachineAxis/axisActiveInChan[u1, 8]
/Channel/MachineAxis/axisActiveInChan[u1, 9]
/Channel/MachineAxis/axisActiveInChan[u1, 10]
/Channel/MachineAxis/axisActiveInChan[u1, 11]
/Channel/MachineAxis/axisActiveInChan[u1, 12]
/Channel/MachineAxis/axisActiveInChan[u1, 13]
/Channel/MachineAxis/axisActiveInChan[u1, 14]
/Channel/MachineAxis/axisActiveInChan[u1, 15]
/Channel/MachineAxis/axisActiveInChan[u1, 16]
/Channel/MachineAxis/axisActiveInChan[u1, 17]
/Channel/MachineAxis/axisActiveInChan[u1, 18]
/Channel/MachineAxis/axisActiveInChan[u1, 19]
/Channel/MachineAxis/axisActiveInChan[u1, 20]";False
actToolEdgeCenterPosEns;Actual position value in relation to WOS frame;;;27;"Axis
Axis index";numMachAxes;Actual position value in relation to the WOS frame as center-point path, i.e. with tool length but without tool radius;TYPE_DOUBLE;Linear or angular position, as a function of axis type (MD: linear/rotary axis);;;;/Channel/GeometricAxis/actToolEdgeCenterPosEns[u<Channel numb>, <Line Index>];"/Channel/GeometricAxis/actToolEdgeCenterPosEns[u1, 1]
/Channel/GeometricAxis/actToolEdgeCenterPosEns[u1, 2]
/Channel/GeometricAxis/actToolEdgeCenterPosEns[u1, 3]
/Channel/GeometricAxis/actToolEdgeCenterPosEns[u1, 4]
/Channel/GeometricAxis/actToolEdgeCenterPosEns[u1, 5]
/Channel/GeometricAxis/actToolEdgeCenterPosEns[u1, 6]
/Channel/GeometricAxis/actToolEdgeCenterPosEns[u1, 7]
/Channel/GeometricAxis/actToolEdgeCenterPosEns[u1, 8]
/Channel/GeometricAxis/actToolEdgeCenterPosEns[u1, 9]
/Channel/GeometricAxis/actToolEdgeCenterPosEns[u1, 10]
/Channel/GeometricAxis/actToolEdgeCenterPosEns[u1, 11]
/Channel/GeometricAxis/actToolEdgeCenterPosEns[u1, 12]
/Channel/GeometricAxis/actToolEdgeCenterPosEns[u1, 13]
/Channel/GeometricAxis/actToolEdgeCenterPosEns[u1, 14]
/Channel/GeometricAxis/actToolEdgeCenterPosEns[u1, 15]
/Channel/GeometricAxis/actToolEdgeCenterPosEns[u1, 16]
/Channel/GeometricAxis/actToolEdgeCenterPosEns[u1, 17]
/Channel/GeometricAxis/actToolEdgeCenterPosEns[u1, 18]
/Channel/GeometricAxis/actToolEdgeCenterPosEns[u1, 19]
/Channel/GeometricAxis/actToolEdgeCenterPosEns[u1, 20]";False
actToolBasePosDiam;/C/SGA/actToolBasePos with diameter conv.;;;34;Axis index;numMachAxes;Corresponds to /C/SGA/actToolBasePos with diameter conversion;TYPE_DOUBLE;Linear or angular position, as a function of axis type (MD: linear/rotary axis);;;;/Channel/GeometricAxis/actToolBasePosDiam[u<Channel numb>, <Line Index>];"/Channel/GeometricAxis/actToolBasePosDiam[u1, 1]
/Channel/GeometricAxis/actToolBasePosDiam[u1, 2]
/Channel/GeometricAxis/actToolBasePosDiam[u1, 3]
/Channel/GeometricAxis/actToolBasePosDiam[u1, 4]
/Channel/GeometricAxis/actToolBasePosDiam[u1, 5]
/Channel/GeometricAxis/actToolBasePosDiam[u1, 6]
/Channel/GeometricAxis/actToolBasePosDiam[u1, 7]
/Channel/GeometricAxis/actToolBasePosDiam[u1, 8]
/Channel/GeometricAxis/actToolBasePosDiam[u1, 9]
/Channel/GeometricAxis/actToolBasePosDiam[u1, 10]
/Channel/GeometricAxis/actToolBasePosDiam[u1, 11]
/Channel/GeometricAxis/actToolBasePosDiam[u1, 12]
/Channel/GeometricAxis/actToolBasePosDiam[u1, 13]
/Channel/GeometricAxis/actToolBasePosDiam[u1, 14]
/Channel/GeometricAxis/actToolBasePosDiam[u1, 15]
/Channel/GeometricAxis/actToolBasePosDiam[u1, 16]
/Channel/GeometricAxis/actToolBasePosDiam[u1, 17]
/Channel/GeometricAxis/actToolBasePosDiam[u1, 18]
/Channel/GeometricAxis/actToolBasePosDiam[u1, 19]
/Channel/GeometricAxis/actToolBasePosDiam[u1, 20]";False
actToolBasePosBasicDiam;actToolBasePosBasic with diameter conv.;;;35;Axis index;numMachAxes;Corresponds to actToolBasePosBasic with diameter conversion;TYPE_DOUBLE;Linear or angular position, as a function of axis type (MD: linear/rotary axis);;;;/Channel/GeometricAxis/actToolBasePosBasicDiam[u<Channel numb>, <Line Index>];"/Channel/GeometricAxis/actToolBasePosBasicDiam[u1, 1]
/Channel/GeometricAxis/actToolBasePosBasicDiam[u1, 2]
/Channel/GeometricAxis/actToolBasePosBasicDiam[u1, 3]
/Channel/GeometricAxis/actToolBasePosBasicDiam[u1, 4]
/Channel/GeometricAxis/actToolBasePosBasicDiam[u1, 5]
/Channel/GeometricAxis/actToolBasePosBasicDiam[u1, 6]
/Channel/GeometricAxis/actToolBasePosBasicDiam[u1, 7]
/Channel/GeometricAxis/actToolBasePosBasicDiam[u1, 8]
/Channel/GeometricAxis/actToolBasePosBasicDiam[u1, 9]
/Channel/GeometricAxis/actToolBasePosBasicDiam[u1, 10]
/Channel/GeometricAxis/actToolBasePosBasicDiam[u1, 11]
/Channel/GeometricAxis/actToolBasePosBasicDiam[u1, 12]
/Channel/GeometricAxis/actToolBasePosBasicDiam[u1, 13]
/Channel/GeometricAxis/actToolBasePosBasicDiam[u1, 14]
/Channel/GeometricAxis/actToolBasePosBasicDiam[u1, 15]
/Channel/GeometricAxis/actToolBasePosBasicDiam[u1, 16]
/Channel/GeometricAxis/actToolBasePosBasicDiam[u1, 17]
/Channel/GeometricAxis/actToolBasePosBasicDiam[u1, 18]
/Channel/GeometricAxis/actToolBasePosBasicDiam[u1, 19]
/Channel/GeometricAxis/actToolBasePosBasicDiam[u1, 20]";False
actToolBasePosBasic;Base position of the active tool;;;14;"Axis
Axis index";numMachAxes;Base position of the active tool in the base system (inch/metrical);TYPE_DOUBLE;Linear or angular position, as a function of axis type (MD: linear/rotary axis);0.0;;;/Channel/GeometricAxis/actToolBasePosBasic[u<Channel numb>, <Line Index>];"/Channel/GeometricAxis/actToolBasePosBasic[u1, 1]
/Channel/GeometricAxis/actToolBasePosBasic[u1, 2]
/Channel/GeometricAxis/actToolBasePosBasic[u1, 3]
/Channel/GeometricAxis/actToolBasePosBasic[u1, 4]
/Channel/GeometricAxis/actToolBasePosBasic[u1, 5]
/Channel/GeometricAxis/actToolBasePosBasic[u1, 6]
/Channel/GeometricAxis/actToolBasePosBasic[u1, 7]
/Channel/GeometricAxis/actToolBasePosBasic[u1, 8]
/Channel/GeometricAxis/actToolBasePosBasic[u1, 9]
/Channel/GeometricAxis/actToolBasePosBasic[u1, 10]
/Channel/GeometricAxis/actToolBasePosBasic[u1, 11]
/Channel/GeometricAxis/actToolBasePosBasic[u1, 12]
/Channel/GeometricAxis/actToolBasePosBasic[u1, 13]
/Channel/GeometricAxis/actToolBasePosBasic[u1, 14]
/Channel/GeometricAxis/actToolBasePosBasic[u1, 15]
/Channel/GeometricAxis/actToolBasePosBasic[u1, 16]
/Channel/GeometricAxis/actToolBasePosBasic[u1, 17]
/Channel/GeometricAxis/actToolBasePosBasic[u1, 18]
/Channel/GeometricAxis/actToolBasePosBasic[u1, 19]
/Channel/GeometricAxis/actToolBasePosBasic[u1, 20]";False
actToolBasPosENjmp;corresponds to actToolBasPosEN Mode=0;;;42;Axis index;numMachAxes;corresponds to actToolBasPosEN with $DISPLAY_MODE_POSITION=0;TYPE_DOUBLE;Linear or angular position, as a function of axis type (MD: linear/rotary axis);;;;/Channel/GeometricAxis/actToolBasPosENjmp[u<Channel numb>, <Line Index>];"/Channel/GeometricAxis/actToolBasPosENjmp[u1, 1]
/Channel/GeometricAxis/actToolBasPosENjmp[u1, 2]
/Channel/GeometricAxis/actToolBasPosENjmp[u1, 3]
/Channel/GeometricAxis/actToolBasPosENjmp[u1, 4]
/Channel/GeometricAxis/actToolBasPosENjmp[u1, 5]
/Channel/GeometricAxis/actToolBasPosENjmp[u1, 6]
/Channel/GeometricAxis/actToolBasPosENjmp[u1, 7]
/Channel/GeometricAxis/actToolBasPosENjmp[u1, 8]
/Channel/GeometricAxis/actToolBasPosENjmp[u1, 9]
/Channel/GeometricAxis/actToolBasPosENjmp[u1, 10]
/Channel/GeometricAxis/actToolBasPosENjmp[u1, 11]
/Channel/GeometricAxis/actToolBasPosENjmp[u1, 12]
/Channel/GeometricAxis/actToolBasPosENjmp[u1, 13]
/Channel/GeometricAxis/actToolBasPosENjmp[u1, 14]
/Channel/GeometricAxis/actToolBasPosENjmp[u1, 15]
/Channel/GeometricAxis/actToolBasPosENjmp[u1, 16]
/Channel/GeometricAxis/actToolBasPosENjmp[u1, 17]
/Channel/GeometricAxis/actToolBasPosENjmp[u1, 18]
/Channel/GeometricAxis/actToolBasPosENjmp[u1, 19]
/Channel/GeometricAxis/actToolBasPosENjmp[u1, 20]";False
actToolBasPosENitc;corresponds to actToolBasPosEN Mode=1;;;43;Axis index;numMachAxes;corresponds to actToolBasPosEN with $DISPLAY_MODE_POSITION=1;TYPE_DOUBLE;Linear or angular position, as a function of axis type (MD: linear/rotary axis);;;;/Channel/GeometricAxis/actToolBasPosENitc[u<Channel numb>, <Line Index>];"/Channel/GeometricAxis/actToolBasPosENitc[u1, 1]
/Channel/GeometricAxis/actToolBasPosENitc[u1, 2]
/Channel/GeometricAxis/actToolBasPosENitc[u1, 3]
/Channel/GeometricAxis/actToolBasPosENitc[u1, 4]
/Channel/GeometricAxis/actToolBasPosENitc[u1, 5]
/Channel/GeometricAxis/actToolBasPosENitc[u1, 6]
/Channel/GeometricAxis/actToolBasPosENitc[u1, 7]
/Channel/GeometricAxis/actToolBasPosENitc[u1, 8]
/Channel/GeometricAxis/actToolBasPosENitc[u1, 9]
/Channel/GeometricAxis/actToolBasPosENitc[u1, 10]
/Channel/GeometricAxis/actToolBasPosENitc[u1, 11]
/Channel/GeometricAxis/actToolBasPosENitc[u1, 12]
/Channel/GeometricAxis/actToolBasPosENitc[u1, 13]
/Channel/GeometricAxis/actToolBasPosENitc[u1, 14]
/Channel/GeometricAxis/actToolBasPosENitc[u1, 15]
/Channel/GeometricAxis/actToolBasPosENitc[u1, 16]
/Channel/GeometricAxis/actToolBasPosENitc[u1, 17]
/Channel/GeometricAxis/actToolBasPosENitc[u1, 18]
/Channel/GeometricAxis/actToolBasPosENitc[u1, 19]
/Channel/GeometricAxis/actToolBasPosENitc[u1, 20]";False
actToolBasPosEN;Current setpoint in the SZS coordinate system;"$AA_IEN[x]
x
=
Axis";;25;"Axis
Axis index";numMachAxes;"Determines the current setpoint of the 'x' axis in the settable zero point coordinate system (SZS) for the corresponding axis.
The SZS value does not contain any axial override components (DRF, AA_OFF, ext. work offset etc.).";TYPE_DOUBLE;Linear or angular position, as a function of axis type (MD: linear/rotary axis);;;;/Channel/GeometricAxis/actToolBasPosEN[u<Channel numb>, <Line Index>];"/Channel/GeometricAxis/actToolBasPosEN[u1, 1]
/Channel/GeometricAxis/actToolBasPosEN[u1, 2]
/Channel/GeometricAxis/actToolBasPosEN[u1, 3]
/Channel/GeometricAxis/actToolBasPosEN[u1, 4]
/Channel/GeometricAxis/actToolBasPosEN[u1, 5]
/Channel/GeometricAxis/actToolBasPosEN[u1, 6]
/Channel/GeometricAxis/actToolBasPosEN[u1, 7]
/Channel/GeometricAxis/actToolBasPosEN[u1, 8]
/Channel/GeometricAxis/actToolBasPosEN[u1, 9]
/Channel/GeometricAxis/actToolBasPosEN[u1, 10]
/Channel/GeometricAxis/actToolBasPosEN[u1, 11]
/Channel/GeometricAxis/actToolBasPosEN[u1, 12]
/Channel/GeometricAxis/actToolBasPosEN[u1, 13]
/Channel/GeometricAxis/actToolBasPosEN[u1, 14]
/Channel/GeometricAxis/actToolBasPosEN[u1, 15]
/Channel/GeometricAxis/actToolBasPosEN[u1, 16]
/Channel/GeometricAxis/actToolBasPosEN[u1, 17]
/Channel/GeometricAxis/actToolBasPosEN[u1, 18]
/Channel/GeometricAxis/actToolBasPosEN[u1, 19]
/Channel/GeometricAxis/actToolBasPosEN[u1, 20]";False
actToolBasPosBNDiam;actToolBasPosBN with diameter conv.;;;36;Axis index;numMachAxes;Corresponds to actToolBasPosBN with diameter conversion;TYPE_DOUBLE;Linear or angular position, as a function of axis type (MD: linear/rotary axis);;;;/Channel/GeometricAxis/actToolBasPosBNDiam[u<Channel numb>, <Line Index>];"/Channel/GeometricAxis/actToolBasPosBNDiam[u1, 1]
/Channel/GeometricAxis/actToolBasPosBNDiam[u1, 2]
/Channel/GeometricAxis/actToolBasPosBNDiam[u1, 3]
/Channel/GeometricAxis/actToolBasPosBNDiam[u1, 4]
/Channel/GeometricAxis/actToolBasPosBNDiam[u1, 5]
/Channel/GeometricAxis/actToolBasPosBNDiam[u1, 6]
/Channel/GeometricAxis/actToolBasPosBNDiam[u1, 7]
/Channel/GeometricAxis/actToolBasPosBNDiam[u1, 8]
/Channel/GeometricAxis/actToolBasPosBNDiam[u1, 9]
/Channel/GeometricAxis/actToolBasPosBNDiam[u1, 10]
/Channel/GeometricAxis/actToolBasPosBNDiam[u1, 11]
/Channel/GeometricAxis/actToolBasPosBNDiam[u1, 12]
/Channel/GeometricAxis/actToolBasPosBNDiam[u1, 13]
/Channel/GeometricAxis/actToolBasPosBNDiam[u1, 14]
/Channel/GeometricAxis/actToolBasPosBNDiam[u1, 15]
/Channel/GeometricAxis/actToolBasPosBNDiam[u1, 16]
/Channel/GeometricAxis/actToolBasPosBNDiam[u1, 17]
/Channel/GeometricAxis/actToolBasPosBNDiam[u1, 18]
/Channel/GeometricAxis/actToolBasPosBNDiam[u1, 19]
/Channel/GeometricAxis/actToolBasPosBNDiam[u1, 20]";False
actToolBasPosBN;Current setpoint relative to the BZS;"$AA_IBN[x]
x=Axis";;28;"Axis
Axis index";numMachAxes;"Determines the current setpoint of the tool base position of axis 'x' in relation to basic zero coordinate system (BZS)
The BZS value does not contain any override components (DRF, $AA_OFF, ext. work offset, etc.).";TYPE_DOUBLE;Linear or angular position, as a function of axis type (MD: linear/rotary axis);;;;/Channel/GeometricAxis/actToolBasPosBN[u<Channel numb>, <Line Index>];"/Channel/GeometricAxis/actToolBasPosBN[u1, 1]
/Channel/GeometricAxis/actToolBasPosBN[u1, 2]
/Channel/GeometricAxis/actToolBasPosBN[u1, 3]
/Channel/GeometricAxis/actToolBasPosBN[u1, 4]
/Channel/GeometricAxis/actToolBasPosBN[u1, 5]
/Channel/GeometricAxis/actToolBasPosBN[u1, 6]
/Channel/GeometricAxis/actToolBasPosBN[u1, 7]
/Channel/GeometricAxis/actToolBasPosBN[u1, 8]
/Channel/GeometricAxis/actToolBasPosBN[u1, 9]
/Channel/GeometricAxis/actToolBasPosBN[u1, 10]
/Channel/GeometricAxis/actToolBasPosBN[u1, 11]
/Channel/GeometricAxis/actToolBasPosBN[u1, 12]
/Channel/GeometricAxis/actToolBasPosBN[u1, 13]
/Channel/GeometricAxis/actToolBasPosBN[u1, 14]
/Channel/GeometricAxis/actToolBasPosBN[u1, 15]
/Channel/GeometricAxis/actToolBasPosBN[u1, 16]
/Channel/GeometricAxis/actToolBasPosBN[u1, 17]
/Channel/GeometricAxis/actToolBasPosBN[u1, 18]
/Channel/GeometricAxis/actToolBasPosBN[u1, 19]
/Channel/GeometricAxis/actToolBasPosBN[u1, 20]";False
actProgPosBKS;Actual value in basic coordinate system;;;33;Axis index;numMachAxes;Actual value of geometry and orientation axes in basic coordinate system;TYPE_DOUBLE;Linear or angular position, as a function of axis type (MD: linear/rotary axis);0.0;;;/Channel/GeometricAxis/actProgPosBKS[u<Channel numb>, <Line Index>];"/Channel/GeometricAxis/actProgPosBKS[u1, 1]
/Channel/GeometricAxis/actProgPosBKS[u1, 2]
/Channel/GeometricAxis/actProgPosBKS[u1, 3]
/Channel/GeometricAxis/actProgPosBKS[u1, 4]
/Channel/GeometricAxis/actProgPosBKS[u1, 5]
/Channel/GeometricAxis/actProgPosBKS[u1, 6]
/Channel/GeometricAxis/actProgPosBKS[u1, 7]
/Channel/GeometricAxis/actProgPosBKS[u1, 8]
/Channel/GeometricAxis/actProgPosBKS[u1, 9]
/Channel/GeometricAxis/actProgPosBKS[u1, 10]
/Channel/GeometricAxis/actProgPosBKS[u1, 11]
/Channel/GeometricAxis/actProgPosBKS[u1, 12]
/Channel/GeometricAxis/actProgPosBKS[u1, 13]
/Channel/GeometricAxis/actProgPosBKS[u1, 14]
/Channel/GeometricAxis/actProgPosBKS[u1, 15]
/Channel/GeometricAxis/actProgPosBKS[u1, 16]
/Channel/GeometricAxis/actProgPosBKS[u1, 17]
/Channel/GeometricAxis/actProgPosBKS[u1, 18]
/Channel/GeometricAxis/actProgPosBKS[u1, 19]
/Channel/GeometricAxis/actProgPosBKS[u1, 20]";False
actDistToGoEns;Distance-to-go in the SZS;;;44;Axis index;numMachAxes;Distance-to-go in the SZS based on the programmed position;TYPE_DOUBLE;No unit;;;;/Channel/GeometricAxis/actDistToGoEns[u<Channel numb>, <Line Index>];"/Channel/GeometricAxis/actDistToGoEns[u1, 1]
/Channel/GeometricAxis/actDistToGoEns[u1, 2]
/Channel/GeometricAxis/actDistToGoEns[u1, 3]
/Channel/GeometricAxis/actDistToGoEns[u1, 4]
/Channel/GeometricAxis/actDistToGoEns[u1, 5]
/Channel/GeometricAxis/actDistToGoEns[u1, 6]
/Channel/GeometricAxis/actDistToGoEns[u1, 7]
/Channel/GeometricAxis/actDistToGoEns[u1, 8]
/Channel/GeometricAxis/actDistToGoEns[u1, 9]
/Channel/GeometricAxis/actDistToGoEns[u1, 10]
/Channel/GeometricAxis/actDistToGoEns[u1, 11]
/Channel/GeometricAxis/actDistToGoEns[u1, 12]
/Channel/GeometricAxis/actDistToGoEns[u1, 13]
/Channel/GeometricAxis/actDistToGoEns[u1, 14]
/Channel/GeometricAxis/actDistToGoEns[u1, 15]
/Channel/GeometricAxis/actDistToGoEns[u1, 16]
/Channel/GeometricAxis/actDistToGoEns[u1, 17]
/Channel/GeometricAxis/actDistToGoEns[u1, 18]
/Channel/GeometricAxis/actDistToGoEns[u1, 19]
/Channel/GeometricAxis/actDistToGoEns[u1, 20]";False
acRetpoint;Return point on the contour for repositioning;"$AC_RETPOINT[x]
x
=
Axis";;16;"Axis
Axis index";numMachAxes;Return point on the contour for repositioning;TYPE_DOUBLE;Linear or angular position, as a function of axis type (MD: linear/rotary axis);;;;/Channel/GeometricAxis/acRetpoint[u<Channel numb>, <Line Index>];"/Channel/GeometricAxis/acRetpoint[u1, 1]
/Channel/GeometricAxis/acRetpoint[u1, 2]
/Channel/GeometricAxis/acRetpoint[u1, 3]
/Channel/GeometricAxis/acRetpoint[u1, 4]
/Channel/GeometricAxis/acRetpoint[u1, 5]
/Channel/GeometricAxis/acRetpoint[u1, 6]
/Channel/GeometricAxis/acRetpoint[u1, 7]
/Channel/GeometricAxis/acRetpoint[u1, 8]
/Channel/GeometricAxis/acRetpoint[u1, 9]
/Channel/GeometricAxis/acRetpoint[u1, 10]
/Channel/GeometricAxis/acRetpoint[u1, 11]
/Channel/GeometricAxis/acRetpoint[u1, 12]
/Channel/GeometricAxis/acRetpoint[u1, 13]
/Channel/GeometricAxis/acRetpoint[u1, 14]
/Channel/GeometricAxis/acRetpoint[u1, 15]
/Channel/GeometricAxis/acRetpoint[u1, 16]
/Channel/GeometricAxis/acRetpoint[u1, 17]
/Channel/GeometricAxis/acRetpoint[u1, 18]
/Channel/GeometricAxis/acRetpoint[u1, 19]
/Channel/GeometricAxis/acRetpoint[u1, 20]";False
aaVactW;Axis veloc. in workpiece coordinates;$AA_VACTW[X];;32;Axis index;numMachAxes;Axis velocity in workpiece coordinate system;TYPE_DOUBLE;Linear or angular velocity, as a function of axis type;0.0;;;/Channel/GeometricAxis/aaVactW[u<Channel numb>, <Line Index>];"/Channel/GeometricAxis/aaVactW[u1, 1]
/Channel/GeometricAxis/aaVactW[u1, 2]
/Channel/GeometricAxis/aaVactW[u1, 3]
/Channel/GeometricAxis/aaVactW[u1, 4]
/Channel/GeometricAxis/aaVactW[u1, 5]
/Channel/GeometricAxis/aaVactW[u1, 6]
/Channel/GeometricAxis/aaVactW[u1, 7]
/Channel/GeometricAxis/aaVactW[u1, 8]
/Channel/GeometricAxis/aaVactW[u1, 9]
/Channel/GeometricAxis/aaVactW[u1, 10]
/Channel/GeometricAxis/aaVactW[u1, 11]
/Channel/GeometricAxis/aaVactW[u1, 12]
/Channel/GeometricAxis/aaVactW[u1, 13]
/Channel/GeometricAxis/aaVactW[u1, 14]
/Channel/GeometricAxis/aaVactW[u1, 15]
/Channel/GeometricAxis/aaVactW[u1, 16]
/Channel/GeometricAxis/aaVactW[u1, 17]
/Channel/GeometricAxis/aaVactW[u1, 18]
/Channel/GeometricAxis/aaVactW[u1, 19]
/Channel/GeometricAxis/aaVactW[u1, 20]";False
aaTOffVal;Cumulative value of superimposition in the tool di;"$AA_TOFF_VAL[
]";;40;1000 + geo axis number;1000 + numGeoAxes;Integrated value of the superimposed motions which have been retracted in the individual tool directions via $AA_TOFF[ ];TYPE_DOUBLE;Linear position (mm, inch or user defined);0;;;/Channel/GeometricAxis/aaTOffVal[u<Channel numb>, <Line Index>];"/Channel/GeometricAxis/aaTOffVal[u1, 1]
/Channel/GeometricAxis/aaTOffVal[u1, 2]
/Channel/GeometricAxis/aaTOffVal[u1, 3]
/Channel/GeometricAxis/aaTOffVal[u1, 4]
/Channel/GeometricAxis/aaTOffVal[u1, 5]
/Channel/GeometricAxis/aaTOffVal[u1, 6]
/Channel/GeometricAxis/aaTOffVal[u1, 7]
/Channel/GeometricAxis/aaTOffVal[u1, 8]
/Channel/GeometricAxis/aaTOffVal[u1, 9]
/Channel/GeometricAxis/aaTOffVal[u1, 10]
/Channel/GeometricAxis/aaTOffVal[u1, 11]
/Channel/GeometricAxis/aaTOffVal[u1, 12]
/Channel/GeometricAxis/aaTOffVal[u1, 13]
/Channel/GeometricAxis/aaTOffVal[u1, 14]
/Channel/GeometricAxis/aaTOffVal[u1, 15]
/Channel/GeometricAxis/aaTOffVal[u1, 16]
/Channel/GeometricAxis/aaTOffVal[u1, 17]
/Channel/GeometricAxis/aaTOffVal[u1, 18]
/Channel/GeometricAxis/aaTOffVal[u1, 19]
/Channel/GeometricAxis/aaTOffVal[u1, 20]";False
aaTOffPrepDiff;Difference value main run to run in of;"$AA_TOFF[
]
$AA_TOFF_PREP_DIFF[
]";;41;1000 + geo axis number;1000 + numGeoAxes;Difference between the current value of $AA_TOFF[] and the value as the current block was prepared.;TYPE_DOUBLE;Linear position (mm, inch or user defined);0;;;/Channel/GeometricAxis/aaTOffPrepDiff[u<Channel numb>, <Line Index>];"/Channel/GeometricAxis/aaTOffPrepDiff[u1, 1]
/Channel/GeometricAxis/aaTOffPrepDiff[u1, 2]
/Channel/GeometricAxis/aaTOffPrepDiff[u1, 3]
/Channel/GeometricAxis/aaTOffPrepDiff[u1, 4]
/Channel/GeometricAxis/aaTOffPrepDiff[u1, 5]
/Channel/GeometricAxis/aaTOffPrepDiff[u1, 6]
/Channel/GeometricAxis/aaTOffPrepDiff[u1, 7]
/Channel/GeometricAxis/aaTOffPrepDiff[u1, 8]
/Channel/GeometricAxis/aaTOffPrepDiff[u1, 9]
/Channel/GeometricAxis/aaTOffPrepDiff[u1, 10]
/Channel/GeometricAxis/aaTOffPrepDiff[u1, 11]
/Channel/GeometricAxis/aaTOffPrepDiff[u1, 12]
/Channel/GeometricAxis/aaTOffPrepDiff[u1, 13]
/Channel/GeometricAxis/aaTOffPrepDiff[u1, 14]
/Channel/GeometricAxis/aaTOffPrepDiff[u1, 15]
/Channel/GeometricAxis/aaTOffPrepDiff[u1, 16]
/Channel/GeometricAxis/aaTOffPrepDiff[u1, 17]
/Channel/GeometricAxis/aaTOffPrepDiff[u1, 18]
/Channel/GeometricAxis/aaTOffPrepDiff[u1, 19]
/Channel/GeometricAxis/aaTOffPrepDiff[u1, 20]";False
aaTOffLimit;Limiting value achieved via;"$AA_TOFF[
]
$AA_TOFF_LIMIT[
]";;38;1000 + geo axis number;1000 + numGeoAxes;"Limit value of the superimposed motion has been achieved in the tool direction via $AA_TOFF[ ]


Value Range:
0 : Limiting value not achieved
1 : Limiting value achieved in positive direction
11 : Limiting value achieved in negative direction";TYPE_UWORD;No unit;0;0.0;11;/Channel/GeometricAxis/aaTOffLimit[u<Channel numb>, <Line Index>];"/Channel/GeometricAxis/aaTOffLimit[u1, 1]
/Channel/GeometricAxis/aaTOffLimit[u1, 2]
/Channel/GeometricAxis/aaTOffLimit[u1, 3]
/Channel/GeometricAxis/aaTOffLimit[u1, 4]
/Channel/GeometricAxis/aaTOffLimit[u1, 5]
/Channel/GeometricAxis/aaTOffLimit[u1, 6]
/Channel/GeometricAxis/aaTOffLimit[u1, 7]
/Channel/GeometricAxis/aaTOffLimit[u1, 8]
/Channel/GeometricAxis/aaTOffLimit[u1, 9]
/Channel/GeometricAxis/aaTOffLimit[u1, 10]
/Channel/GeometricAxis/aaTOffLimit[u1, 11]
/Channel/GeometricAxis/aaTOffLimit[u1, 12]
/Channel/GeometricAxis/aaTOffLimit[u1, 13]
/Channel/GeometricAxis/aaTOffLimit[u1, 14]
/Channel/GeometricAxis/aaTOffLimit[u1, 15]
/Channel/GeometricAxis/aaTOffLimit[u1, 16]
/Channel/GeometricAxis/aaTOffLimit[u1, 17]
/Channel/GeometricAxis/aaTOffLimit[u1, 18]
/Channel/GeometricAxis/aaTOffLimit[u1, 19]
/Channel/GeometricAxis/aaTOffLimit[u1, 20]";False
aaTOff;Value of tthe superimposition in the tool directio;"$AA_TOFF[
]";;39;1000 + geo axis number;1000 + numGeoAxes;Value of the superimposed motions which have been retracted in the individual tool directions via $AA_TOFF[ ];TYPE_DOUBLE;Linear position (mm, inch or user defined);0;;;/Channel/GeometricAxis/aaTOff[u<Channel numb>, <Line Index>];"/Channel/GeometricAxis/aaTOff[u1, 1]
/Channel/GeometricAxis/aaTOff[u1, 2]
/Channel/GeometricAxis/aaTOff[u1, 3]
/Channel/GeometricAxis/aaTOff[u1, 4]
/Channel/GeometricAxis/aaTOff[u1, 5]
/Channel/GeometricAxis/aaTOff[u1, 6]
/Channel/GeometricAxis/aaTOff[u1, 7]
/Channel/GeometricAxis/aaTOff[u1, 8]
/Channel/GeometricAxis/aaTOff[u1, 9]
/Channel/GeometricAxis/aaTOff[u1, 10]
/Channel/GeometricAxis/aaTOff[u1, 11]
/Channel/GeometricAxis/aaTOff[u1, 12]
/Channel/GeometricAxis/aaTOff[u1, 13]
/Channel/GeometricAxis/aaTOff[u1, 14]
/Channel/GeometricAxis/aaTOff[u1, 15]
/Channel/GeometricAxis/aaTOff[u1, 16]
/Channel/GeometricAxis/aaTOff[u1, 17]
/Channel/GeometricAxis/aaTOff[u1, 18]
/Channel/GeometricAxis/aaTOff[u1, 19]
/Channel/GeometricAxis/aaTOff[u1, 20]";False
aaMw;Latched probe position retransformed in the WCS;"$AA_MW[x]
x
=
Axis";;15;"Axis
Axis index";numMachAxes;Latched probe position retransformed in the WCS;TYPE_DOUBLE;Linear or angular position, as a function of axis type (MD: linear/rotary axis);;;;/Channel/GeometricAxis/aaMw[u<Channel numb>, <Line Index>];"/Channel/GeometricAxis/aaMw[u1, 1]
/Channel/GeometricAxis/aaMw[u1, 2]
/Channel/GeometricAxis/aaMw[u1, 3]
/Channel/GeometricAxis/aaMw[u1, 4]
/Channel/GeometricAxis/aaMw[u1, 5]
/Channel/GeometricAxis/aaMw[u1, 6]
/Channel/GeometricAxis/aaMw[u1, 7]
/Channel/GeometricAxis/aaMw[u1, 8]
/Channel/GeometricAxis/aaMw[u1, 9]
/Channel/GeometricAxis/aaMw[u1, 10]
/Channel/GeometricAxis/aaMw[u1, 11]
/Channel/GeometricAxis/aaMw[u1, 12]
/Channel/GeometricAxis/aaMw[u1, 13]
/Channel/GeometricAxis/aaMw[u1, 14]
/Channel/GeometricAxis/aaMw[u1, 15]
/Channel/GeometricAxis/aaMw[u1, 16]
/Channel/GeometricAxis/aaMw[u1, 17]
/Channel/GeometricAxis/aaMw[u1, 18]
/Channel/GeometricAxis/aaMw[u1, 19]
/Channel/GeometricAxis/aaMw[u1, 20]";False
aaMw4;Access meas. result trigger event 4 in WCS;$AA_MW4[Achse];;24;"Axis
Axis index";numMachAxes;Access to measurement result of trigger event 4 in the WCS;TYPE_DOUBLE;Linear or angular position, as a function of axis type (MD: linear/rotary axis);;;;/Channel/GeometricAxis/aaMw4[u<Channel numb>, <Line Index>];"/Channel/GeometricAxis/aaMw4[u1, 1]
/Channel/GeometricAxis/aaMw4[u1, 2]
/Channel/GeometricAxis/aaMw4[u1, 3]
/Channel/GeometricAxis/aaMw4[u1, 4]
/Channel/GeometricAxis/aaMw4[u1, 5]
/Channel/GeometricAxis/aaMw4[u1, 6]
/Channel/GeometricAxis/aaMw4[u1, 7]
/Channel/GeometricAxis/aaMw4[u1, 8]
/Channel/GeometricAxis/aaMw4[u1, 9]
/Channel/GeometricAxis/aaMw4[u1, 10]
/Channel/GeometricAxis/aaMw4[u1, 11]
/Channel/GeometricAxis/aaMw4[u1, 12]
/Channel/GeometricAxis/aaMw4[u1, 13]
/Channel/GeometricAxis/aaMw4[u1, 14]
/Channel/GeometricAxis/aaMw4[u1, 15]
/Channel/GeometricAxis/aaMw4[u1, 16]
/Channel/GeometricAxis/aaMw4[u1, 17]
/Channel/GeometricAxis/aaMw4[u1, 18]
/Channel/GeometricAxis/aaMw4[u1, 19]
/Channel/GeometricAxis/aaMw4[u1, 20]";False
handwheelAss;Number of assigned handwheel;;;27;"Axis
Axis Number";numMachAxes;"Number of handwheel assigned to axis

Value Range:
0 = no handwheel assigned
1 to 3 = handwheel number";TYPE_UWORD;No unit;;0.0;3;/Channel/MachineAxis/handwheelAss[u<Channel numb>, <Line Index>];"/Channel/MachineAxis/handwheelAss[u1, 1]
/Channel/MachineAxis/handwheelAss[u1, 2]
/Channel/MachineAxis/handwheelAss[u1, 3]
/Channel/MachineAxis/handwheelAss[u1, 4]
/Channel/MachineAxis/handwheelAss[u1, 5]
/Channel/MachineAxis/handwheelAss[u1, 6]
/Channel/MachineAxis/handwheelAss[u1, 7]
/Channel/MachineAxis/handwheelAss[u1, 8]
/Channel/MachineAxis/handwheelAss[u1, 9]
/Channel/MachineAxis/handwheelAss[u1, 10]
/Channel/MachineAxis/handwheelAss[u1, 11]
/Channel/MachineAxis/handwheelAss[u1, 12]
/Channel/MachineAxis/handwheelAss[u1, 13]
/Channel/MachineAxis/handwheelAss[u1, 14]
/Channel/MachineAxis/handwheelAss[u1, 15]
/Channel/MachineAxis/handwheelAss[u1, 16]
/Channel/MachineAxis/handwheelAss[u1, 17]
/Channel/MachineAxis/handwheelAss[u1, 18]
/Channel/MachineAxis/handwheelAss[u1, 19]
/Channel/MachineAxis/handwheelAss[u1, 20]";False
motEnd;Motion end criterion for single-axis interpolation;$AA_MOTEND;;31;Axis index;numMachAxes;"Current motion end criterion for single-axis interpolation

Value Range:
1 = Motion end with exact stop FINE
2 = Motion end with exact stop COARSE
3 = Motion end with exact stop IPO Stop
4 = Block change in braking ramp of axis motion
5 = Block change in braking ramp of axis motion with tolerance window with reference to setpoint
6 = Block change in braking ramp of axis motion with tolerance window with reference to actual value";TYPE_UWORD;No unit;1;1.0;6;/Channel/GeometricAxis/motEnd[u<Channel numb>, <Line Index>];"/Channel/GeometricAxis/motEnd[u1, 1]
/Channel/GeometricAxis/motEnd[u1, 2]
/Channel/GeometricAxis/motEnd[u1, 3]
/Channel/GeometricAxis/motEnd[u1, 4]
/Channel/GeometricAxis/motEnd[u1, 5]
/Channel/GeometricAxis/motEnd[u1, 6]
/Channel/GeometricAxis/motEnd[u1, 7]
/Channel/GeometricAxis/motEnd[u1, 8]
/Channel/GeometricAxis/motEnd[u1, 9]
/Channel/GeometricAxis/motEnd[u1, 10]
/Channel/GeometricAxis/motEnd[u1, 11]
/Channel/GeometricAxis/motEnd[u1, 12]
/Channel/GeometricAxis/motEnd[u1, 13]
/Channel/GeometricAxis/motEnd[u1, 14]
/Channel/GeometricAxis/motEnd[u1, 15]
/Channel/GeometricAxis/motEnd[u1, 16]
/Channel/GeometricAxis/motEnd[u1, 17]
/Channel/GeometricAxis/motEnd[u1, 18]
/Channel/GeometricAxis/motEnd[u1, 19]
/Channel/GeometricAxis/motEnd[u1, 20]";False
aaMw2;Access meas. result trigger event 2 in WCS;$AA_MW2[Achse];;22;"Axis
Axis index";numMachAxes;Access to measurement result of trigger event 2 in the WCS;TYPE_DOUBLE;Linear or angular position, as a function of axis type (MD: linear/rotary axis);;;;/Channel/GeometricAxis/aaMw2[u<Channel numb>, <Line Index>];"/Channel/GeometricAxis/aaMw2[u1, 1]
/Channel/GeometricAxis/aaMw2[u1, 2]
/Channel/GeometricAxis/aaMw2[u1, 3]
/Channel/GeometricAxis/aaMw2[u1, 4]
/Channel/GeometricAxis/aaMw2[u1, 5]
/Channel/GeometricAxis/aaMw2[u1, 6]
/Channel/GeometricAxis/aaMw2[u1, 7]
/Channel/GeometricAxis/aaMw2[u1, 8]
/Channel/GeometricAxis/aaMw2[u1, 9]
/Channel/GeometricAxis/aaMw2[u1, 10]
/Channel/GeometricAxis/aaMw2[u1, 11]
/Channel/GeometricAxis/aaMw2[u1, 12]
/Channel/GeometricAxis/aaMw2[u1, 13]
/Channel/GeometricAxis/aaMw2[u1, 14]
/Channel/GeometricAxis/aaMw2[u1, 15]
/Channel/GeometricAxis/aaMw2[u1, 16]
/Channel/GeometricAxis/aaMw2[u1, 17]
/Channel/GeometricAxis/aaMw2[u1, 18]
/Channel/GeometricAxis/aaMw2[u1, 19]
/Channel/GeometricAxis/aaMw2[u1, 20]";False
spec;Axis specification;;;21;"Axis
Axis Number";numMachAxes;"Axis specification

Value Range:
0 = path axis
1 = positioning axis";TYPE_UWORD;No unit;;;;/Channel/MachineAxis/spec[u<Channel numb>, <Line Index>];"/Channel/MachineAxis/spec[u1, 1]
/Channel/MachineAxis/spec[u1, 2]
/Channel/MachineAxis/spec[u1, 3]
/Channel/MachineAxis/spec[u1, 4]
/Channel/MachineAxis/spec[u1, 5]
/Channel/MachineAxis/spec[u1, 6]
/Channel/MachineAxis/spec[u1, 7]
/Channel/MachineAxis/spec[u1, 8]
/Channel/MachineAxis/spec[u1, 9]
/Channel/MachineAxis/spec[u1, 10]
/Channel/MachineAxis/spec[u1, 11]
/Channel/MachineAxis/spec[u1, 12]
/Channel/MachineAxis/spec[u1, 13]
/Channel/MachineAxis/spec[u1, 14]
/Channel/MachineAxis/spec[u1, 15]
/Channel/MachineAxis/spec[u1, 16]
/Channel/MachineAxis/spec[u1, 17]
/Channel/MachineAxis/spec[u1, 18]
/Channel/MachineAxis/spec[u1, 19]
/Channel/MachineAxis/spec[u1, 20]";False
aaCoupAct;Current coupling state of the slave spindle;"$AA_COUP_ACT[x]
x
=
Spindle
following";;102;"Axis
Axis Number";numMachAxes;Current coupling state of the slave spindle;TYPE_UWORD;No unit;;;;/Channel/MachineAxis/aaCoupAct[u<Channel numb>, <Line Index>];"/Channel/MachineAxis/aaCoupAct[u1, 1]
/Channel/MachineAxis/aaCoupAct[u1, 2]
/Channel/MachineAxis/aaCoupAct[u1, 3]
/Channel/MachineAxis/aaCoupAct[u1, 4]
/Channel/MachineAxis/aaCoupAct[u1, 5]
/Channel/MachineAxis/aaCoupAct[u1, 6]
/Channel/MachineAxis/aaCoupAct[u1, 7]
/Channel/MachineAxis/aaCoupAct[u1, 8]
/Channel/MachineAxis/aaCoupAct[u1, 9]
/Channel/MachineAxis/aaCoupAct[u1, 10]
/Channel/MachineAxis/aaCoupAct[u1, 11]
/Channel/MachineAxis/aaCoupAct[u1, 12]
/Channel/MachineAxis/aaCoupAct[u1, 13]
/Channel/MachineAxis/aaCoupAct[u1, 14]
/Channel/MachineAxis/aaCoupAct[u1, 15]
/Channel/MachineAxis/aaCoupAct[u1, 16]
/Channel/MachineAxis/aaCoupAct[u1, 17]
/Channel/MachineAxis/aaCoupAct[u1, 18]
/Channel/MachineAxis/aaCoupAct[u1, 19]
/Channel/MachineAxis/aaCoupAct[u1, 20]";False
aaChanNo;Axis in the channel;$AA_CHANNO[Achse];;203;Axis Number;numMachAxes;"The variable supplies the number of the channel in which the axis 
is currently being interpolated.
With value 0, the axis could not be assigned to any channel.";TYPE_UWORD;No unit;0;0.0;;/Channel/MachineAxis/aaChanNo[u<Channel numb>, <Line Index>];"/Channel/MachineAxis/aaChanNo[u1, 1]
/Channel/MachineAxis/aaChanNo[u1, 2]
/Channel/MachineAxis/aaChanNo[u1, 3]
/Channel/MachineAxis/aaChanNo[u1, 4]
/Channel/MachineAxis/aaChanNo[u1, 5]
/Channel/MachineAxis/aaChanNo[u1, 6]
/Channel/MachineAxis/aaChanNo[u1, 7]
/Channel/MachineAxis/aaChanNo[u1, 8]
/Channel/MachineAxis/aaChanNo[u1, 9]
/Channel/MachineAxis/aaChanNo[u1, 10]
/Channel/MachineAxis/aaChanNo[u1, 11]
/Channel/MachineAxis/aaChanNo[u1, 12]
/Channel/MachineAxis/aaChanNo[u1, 13]
/Channel/MachineAxis/aaChanNo[u1, 14]
/Channel/MachineAxis/aaChanNo[u1, 15]
/Channel/MachineAxis/aaChanNo[u1, 16]
/Channel/MachineAxis/aaChanNo[u1, 17]
/Channel/MachineAxis/aaChanNo[u1, 18]
/Channel/MachineAxis/aaChanNo[u1, 19]
/Channel/MachineAxis/aaChanNo[u1, 20]";False
aaBrakeState;Current braking status;$AA_BRAKE_STATE[axis];;238;Axis Number;numMachAxes;Returns for the axis / spindle whether an active deceleration request has been set on account of the request of aaBrakeCondB or a CP SW limit stop or a VDI interface signal DB31,..DBX4.3 'Feed stop / Spindle stop'.;TYPE_UDWORD;No unit;0;0.0;1;/Channel/MachineAxis/aaBrakeState[u<Channel numb>, <Line Index>];"/Channel/MachineAxis/aaBrakeState[u1, 1]
/Channel/MachineAxis/aaBrakeState[u1, 2]
/Channel/MachineAxis/aaBrakeState[u1, 3]
/Channel/MachineAxis/aaBrakeState[u1, 4]
/Channel/MachineAxis/aaBrakeState[u1, 5]
/Channel/MachineAxis/aaBrakeState[u1, 6]
/Channel/MachineAxis/aaBrakeState[u1, 7]
/Channel/MachineAxis/aaBrakeState[u1, 8]
/Channel/MachineAxis/aaBrakeState[u1, 9]
/Channel/MachineAxis/aaBrakeState[u1, 10]
/Channel/MachineAxis/aaBrakeState[u1, 11]
/Channel/MachineAxis/aaBrakeState[u1, 12]
/Channel/MachineAxis/aaBrakeState[u1, 13]
/Channel/MachineAxis/aaBrakeState[u1, 14]
/Channel/MachineAxis/aaBrakeState[u1, 15]
/Channel/MachineAxis/aaBrakeState[u1, 16]
/Channel/MachineAxis/aaBrakeState[u1, 17]
/Channel/MachineAxis/aaBrakeState[u1, 18]
/Channel/MachineAxis/aaBrakeState[u1, 19]
/Channel/MachineAxis/aaBrakeState[u1, 20]";False
aaBrakeCondM;Conditions for interpolator stop in the MCS;$AA_BRAKE_CONDM[axis];;240;Axis Number;numMachAxes;"Shows the pending braking requests (conditions) for the interpolator stop of the axis / spindle.
A braking request consists of a collision direction relating to a coordinate axis in the MCS and a braking priority relating to the machining step.

Value Range:
The highest deceleration priority in positive direction is shown in bits 0 to 3:
0x0: No pending deceleration request
0x1: Priority 1 covers all positioning actions (G0, POS, SPOS)
0x2: Priority 2 covers DYNNORM and all priority 1 motions
0x3: Priority 3 covers DYNPOS and all priority 1 to 2 motions
0x4: Priority 4 covers DYNROUGH and all priority 1 to 3 motions
0x5: Priority 5 covers DYNSEMIFIN and all priority 1 to 4 motions
0x6: Priority 6 covers all motions (including DYNFINISH). The request could also have been triggered by a CP SW limit stop.
0x7: Priority 7 covers all motions. The request was triggered by the VDI interface signal DB31,..DBX4.3 'Feed stop / Spindle stop'.
Deceleration always takes place, irrespective of the direction of motion.
0xD: Priority 13 covers all motions. Axial deceleration takes place with an emergency stop deceleration ramp.

The highest deceleration priority in negative direction is shown in bits 16 to 19:
0x0 to 0xD: Same meaning as bits 0 to 3

All other bits are reserved and not set.
If the value of the variable is shown in hexadecimal format, the fifth character from the right shows the deceleration priority
in negative direction while the first number from the right shows the deceleration priority in positive direction.";TYPE_UDWORD;No unit;0;0.0;0xD000D;/Channel/MachineAxis/aaBrakeCondM[u<Channel numb>, <Line Index>];"/Channel/MachineAxis/aaBrakeCondM[u1, 1]
/Channel/MachineAxis/aaBrakeCondM[u1, 2]
/Channel/MachineAxis/aaBrakeCondM[u1, 3]
/Channel/MachineAxis/aaBrakeCondM[u1, 4]
/Channel/MachineAxis/aaBrakeCondM[u1, 5]
/Channel/MachineAxis/aaBrakeCondM[u1, 6]
/Channel/MachineAxis/aaBrakeCondM[u1, 7]
/Channel/MachineAxis/aaBrakeCondM[u1, 8]
/Channel/MachineAxis/aaBrakeCondM[u1, 9]
/Channel/MachineAxis/aaBrakeCondM[u1, 10]
/Channel/MachineAxis/aaBrakeCondM[u1, 11]
/Channel/MachineAxis/aaBrakeCondM[u1, 12]
/Channel/MachineAxis/aaBrakeCondM[u1, 13]
/Channel/MachineAxis/aaBrakeCondM[u1, 14]
/Channel/MachineAxis/aaBrakeCondM[u1, 15]
/Channel/MachineAxis/aaBrakeCondM[u1, 16]
/Channel/MachineAxis/aaBrakeCondM[u1, 17]
/Channel/MachineAxis/aaBrakeCondM[u1, 18]
/Channel/MachineAxis/aaBrakeCondM[u1, 19]
/Channel/MachineAxis/aaBrakeCondM[u1, 20]";False
aaBrakeCondB;Conditions for interpolator stop in the BCS;$AA_BRAKE_CONDB[axis];;239;Axis Number;numMachAxes;"Shows the pending braking requests (conditions) for the interpolator stop of the axis / spindle.
A braking request consists of a collision direction relating to a coordinate axis in the BCS and a braking priority relating to the machining step.
If the axis / spindle receives a current braking request on account of these requirement(s), bit 0 is set in $AA_BRAKE_STATE[X] (in the next IPO cycle).\

Value Range:
The highest deceleration priority in positive direction is shown in bits 0 to 3:
0x0: No pending deceleration request
0x1: Priority 1 covers all positioning actions (G0, POS, SPOS)
0x2: Priority 2 covers DYNNORM and all priority 1 motions
0x3: Priority 3 covers DYNPOS and all priority 1 to 2 motions
0x4: Priority 4 covers DYNROUGH and all priority 1 to 3 motions
0x5: Priority 5 covers DYNSEMIFIN and all priority 1 to 4 motions
0x6: Priority 6 covers all motions (including DYNFINISH). The request could also have been triggered by a CP SW limit stop.
0x7: Priority 7 covers all motions. The request was triggered by the VDI interface signal DB31,..DBX4.3 'Feed stop / Spindle stop'.
Deceleration always takes place, irrespective of the direction of motion.
0xD: Priority 13 covers all motions. Axial deceleration takes place with an emergency stop deceleration ramp.

The highest deceleration priority in negative direction is shown in bits 16 to 19:
0x0 to 0xD: Same meaning as bits 0 to 3

All other bits are reserved and not set.
If the value of the variable is shown in hexadecimal format, the fifth character from the right shows the deceleration priority
in negative direction while the first number from the right shows the deceleration priority in positive direction.";TYPE_UDWORD;No unit;0;0.0;0xD000D;/Channel/MachineAxis/aaBrakeCondB[u<Channel numb>, <Line Index>];"/Channel/MachineAxis/aaBrakeCondB[u1, 1]
/Channel/MachineAxis/aaBrakeCondB[u1, 2]
/Channel/MachineAxis/aaBrakeCondB[u1, 3]
/Channel/MachineAxis/aaBrakeCondB[u1, 4]
/Channel/MachineAxis/aaBrakeCondB[u1, 5]
/Channel/MachineAxis/aaBrakeCondB[u1, 6]
/Channel/MachineAxis/aaBrakeCondB[u1, 7]
/Channel/MachineAxis/aaBrakeCondB[u1, 8]
/Channel/MachineAxis/aaBrakeCondB[u1, 9]
/Channel/MachineAxis/aaBrakeCondB[u1, 10]
/Channel/MachineAxis/aaBrakeCondB[u1, 11]
/Channel/MachineAxis/aaBrakeCondB[u1, 12]
/Channel/MachineAxis/aaBrakeCondB[u1, 13]
/Channel/MachineAxis/aaBrakeCondB[u1, 14]
/Channel/MachineAxis/aaBrakeCondB[u1, 15]
/Channel/MachineAxis/aaBrakeCondB[u1, 16]
/Channel/MachineAxis/aaBrakeCondB[u1, 17]
/Channel/MachineAxis/aaBrakeCondB[u1, 18]
/Channel/MachineAxis/aaBrakeCondB[u1, 19]
/Channel/MachineAxis/aaBrakeCondB[u1, 20]";False
aaBcsOffset;Axial offsets of an axis;$AA_BCS_OFFSET[Achse];;171;Axis Number;numMachAxes;"Sum of all axial offsets of an axis,
such as DRF, online tool offset, $AA_OFF and ext. WO.";TYPE_DOUBLE;No unit;0;;;/Channel/MachineAxis/aaBcsOffset[u<Channel numb>, <Line Index>];"/Channel/MachineAxis/aaBcsOffset[u1, 1]
/Channel/MachineAxis/aaBcsOffset[u1, 2]
/Channel/MachineAxis/aaBcsOffset[u1, 3]
/Channel/MachineAxis/aaBcsOffset[u1, 4]
/Channel/MachineAxis/aaBcsOffset[u1, 5]
/Channel/MachineAxis/aaBcsOffset[u1, 6]
/Channel/MachineAxis/aaBcsOffset[u1, 7]
/Channel/MachineAxis/aaBcsOffset[u1, 8]
/Channel/MachineAxis/aaBcsOffset[u1, 9]
/Channel/MachineAxis/aaBcsOffset[u1, 10]
/Channel/MachineAxis/aaBcsOffset[u1, 11]
/Channel/MachineAxis/aaBcsOffset[u1, 12]
/Channel/MachineAxis/aaBcsOffset[u1, 13]
/Channel/MachineAxis/aaBcsOffset[u1, 14]
/Channel/MachineAxis/aaBcsOffset[u1, 15]
/Channel/MachineAxis/aaBcsOffset[u1, 16]
/Channel/MachineAxis/aaBcsOffset[u1, 17]
/Channel/MachineAxis/aaBcsOffset[u1, 18]
/Channel/MachineAxis/aaBcsOffset[u1, 19]
/Channel/MachineAxis/aaBcsOffset[u1, 20]";False
aaAxDisableSrc;Source of axis/spindle disable;$AA_AX_DISABLE_SRC[<Achse>];;258;Axis Number;numMachAxes;"Bitmask which provides the status and source of the currently active axis/spindle disable.
If bit 0 has been set, the axis/spindle disable is active.

Value Range:
The data is bit-coded. Individual states can therefore be masked or evaluated separately if necessary:
Bit0 = 1: Resulting state from all sources: axis/spindle disable active.
Bit1 = 1: Axial signal 'Axis/spindle disable triggered by PLC' is active.
Bit2 = 1: Channel-specific program test is active.
Bit3 = 1: Axial suppression of 'Program test triggered by the PLC' is active.
Bit4 = 1: Axial signal 'Program test (energy saving mode)' is active.
Bit5 = 1: SERUPRO is active.
Bit6 = 1: Coupling object 'Total state is axis/spindle disable' is active.
Bit7 = 1: Coupling object 'Total state is real traveling' is active.";TYPE_UDWORD;No unit;0;;;/Channel/MachineAxis/aaAxDisableSrc[u<Channel numb>, <Line Index>];"/Channel/MachineAxis/aaAxDisableSrc[u1, 1]
/Channel/MachineAxis/aaAxDisableSrc[u1, 2]
/Channel/MachineAxis/aaAxDisableSrc[u1, 3]
/Channel/MachineAxis/aaAxDisableSrc[u1, 4]
/Channel/MachineAxis/aaAxDisableSrc[u1, 5]
/Channel/MachineAxis/aaAxDisableSrc[u1, 6]
/Channel/MachineAxis/aaAxDisableSrc[u1, 7]
/Channel/MachineAxis/aaAxDisableSrc[u1, 8]
/Channel/MachineAxis/aaAxDisableSrc[u1, 9]
/Channel/MachineAxis/aaAxDisableSrc[u1, 10]
/Channel/MachineAxis/aaAxDisableSrc[u1, 11]
/Channel/MachineAxis/aaAxDisableSrc[u1, 12]
/Channel/MachineAxis/aaAxDisableSrc[u1, 13]
/Channel/MachineAxis/aaAxDisableSrc[u1, 14]
/Channel/MachineAxis/aaAxDisableSrc[u1, 15]
/Channel/MachineAxis/aaAxDisableSrc[u1, 16]
/Channel/MachineAxis/aaAxDisableSrc[u1, 17]
/Channel/MachineAxis/aaAxDisableSrc[u1, 18]
/Channel/MachineAxis/aaAxDisableSrc[u1, 19]
/Channel/MachineAxis/aaAxDisableSrc[u1, 20]";False
aaAxDisable;Status of axis/spindle disable;$AA_AX_DISABLE[<Achse>];;259;Axis Number;numMachAxes;"Resulting status of axis/spindle disable.

Value Range:
0: Axis/spindle disable not active.
1: Axis/spindle disable active.";TYPE_UDWORD;No unit;0;;;/Channel/MachineAxis/aaAxDisable[u<Channel numb>, <Line Index>];"/Channel/MachineAxis/aaAxDisable[u1, 1]
/Channel/MachineAxis/aaAxDisable[u1, 2]
/Channel/MachineAxis/aaAxDisable[u1, 3]
/Channel/MachineAxis/aaAxDisable[u1, 4]
/Channel/MachineAxis/aaAxDisable[u1, 5]
/Channel/MachineAxis/aaAxDisable[u1, 6]
/Channel/MachineAxis/aaAxDisable[u1, 7]
/Channel/MachineAxis/aaAxDisable[u1, 8]
/Channel/MachineAxis/aaAxDisable[u1, 9]
/Channel/MachineAxis/aaAxDisable[u1, 10]
/Channel/MachineAxis/aaAxDisable[u1, 11]
/Channel/MachineAxis/aaAxDisable[u1, 12]
/Channel/MachineAxis/aaAxDisable[u1, 13]
/Channel/MachineAxis/aaAxDisable[u1, 14]
/Channel/MachineAxis/aaAxDisable[u1, 15]
/Channel/MachineAxis/aaAxDisable[u1, 16]
/Channel/MachineAxis/aaAxDisable[u1, 17]
/Channel/MachineAxis/aaAxDisable[u1, 18]
/Channel/MachineAxis/aaAxDisable[u1, 19]
/Channel/MachineAxis/aaAxDisable[u1, 20]";False
aaAxChangeTyp;Axis type with respect to axis replacement;$AA_AXCHANGE_TYP[Achse];;205;Axis Number;numMachAxes;"Axis type with respect to axis replacement 

Value Range:
0: Axis assigned to the NC program
1: Axis assigned to the PLC or active as command axis or reciprocating axis
2: Other channel has interpolation right
3: Neutral axis
4: Neutral axis controlled from the PLC
5: Other channel has interpolation right; axis is requested for the NC program
6: Other channel has interpolation right; axis is requested as neutral axis
7: Axis is PLC axis or is active as command axis or reciprocating axis; axis is requested for the 
NC program
8: Axis is PLC axis or is active as command axis or reciprocating axis; axis is requested as 
neutral axis";TYPE_UWORD;No unit;0;0.0;8;/Channel/MachineAxis/aaAxChangeTyp[u<Channel numb>, <Line Index>];"/Channel/MachineAxis/aaAxChangeTyp[u1, 1]
/Channel/MachineAxis/aaAxChangeTyp[u1, 2]
/Channel/MachineAxis/aaAxChangeTyp[u1, 3]
/Channel/MachineAxis/aaAxChangeTyp[u1, 4]
/Channel/MachineAxis/aaAxChangeTyp[u1, 5]
/Channel/MachineAxis/aaAxChangeTyp[u1, 6]
/Channel/MachineAxis/aaAxChangeTyp[u1, 7]
/Channel/MachineAxis/aaAxChangeTyp[u1, 8]
/Channel/MachineAxis/aaAxChangeTyp[u1, 9]
/Channel/MachineAxis/aaAxChangeTyp[u1, 10]
/Channel/MachineAxis/aaAxChangeTyp[u1, 11]
/Channel/MachineAxis/aaAxChangeTyp[u1, 12]
/Channel/MachineAxis/aaAxChangeTyp[u1, 13]
/Channel/MachineAxis/aaAxChangeTyp[u1, 14]
/Channel/MachineAxis/aaAxChangeTyp[u1, 15]
/Channel/MachineAxis/aaAxChangeTyp[u1, 16]
/Channel/MachineAxis/aaAxChangeTyp[u1, 17]
/Channel/MachineAxis/aaAxChangeTyp[u1, 18]
/Channel/MachineAxis/aaAxChangeTyp[u1, 19]
/Channel/MachineAxis/aaAxChangeTyp[u1, 20]";False
aaAxChangeStat;Axis status with respect to axis replacement;$AA_AXCHANGE_STAT[Achse];;206;Axis Number;numMachAxes;"Axis status with respect to axis replacement 

Value Range:
0: Axis can be replaced
1: Axis is linked to the channel, but can become the PLC, command or reciprocating axis
2: Axis cannot be replaced";TYPE_UWORD;No unit;0;0.0;2;/Channel/MachineAxis/aaAxChangeStat[u<Channel numb>, <Line Index>];"/Channel/MachineAxis/aaAxChangeStat[u1, 1]
/Channel/MachineAxis/aaAxChangeStat[u1, 2]
/Channel/MachineAxis/aaAxChangeStat[u1, 3]
/Channel/MachineAxis/aaAxChangeStat[u1, 4]
/Channel/MachineAxis/aaAxChangeStat[u1, 5]
/Channel/MachineAxis/aaAxChangeStat[u1, 6]
/Channel/MachineAxis/aaAxChangeStat[u1, 7]
/Channel/MachineAxis/aaAxChangeStat[u1, 8]
/Channel/MachineAxis/aaAxChangeStat[u1, 9]
/Channel/MachineAxis/aaAxChangeStat[u1, 10]
/Channel/MachineAxis/aaAxChangeStat[u1, 11]
/Channel/MachineAxis/aaAxChangeStat[u1, 12]
/Channel/MachineAxis/aaAxChangeStat[u1, 13]
/Channel/MachineAxis/aaAxChangeStat[u1, 14]
/Channel/MachineAxis/aaAxChangeStat[u1, 15]
/Channel/MachineAxis/aaAxChangeStat[u1, 16]
/Channel/MachineAxis/aaAxChangeStat[u1, 17]
/Channel/MachineAxis/aaAxChangeStat[u1, 18]
/Channel/MachineAxis/aaAxChangeStat[u1, 19]
/Channel/MachineAxis/aaAxChangeStat[u1, 20]";False
aaAlarmStat;Display of active alarms;$AA_ALARM_STAT;;146;Axis Number;numMachAxes;"Display indicating whether alarms are active for a PLC-controlled axis.
The relevant coded alarm reactions can be used as a source for
the 'Extended Stop and Retract' function.

Value Range:
The data is bit-coded, allowing, where necessary, individual states to be
masked or evaluated separately (bits not listed supply a value of 0)
Bit2 = 1: NOREADY (active rapid deceleration + cancelation of servo enable)
Bit6 = 1: STOPBYALARM (rampm stop in all channel axes)
Bit9 = 1: SETVDI (VDI interface signal 'Setting alarm')
Bit13 = 1: FOLLOWUPBYALARM (Follow-up)";TYPE_UWORD;No unit;0;;;/Channel/MachineAxis/aaAlarmStat[u<Channel numb>, <Line Index>];"/Channel/MachineAxis/aaAlarmStat[u1, 1]
/Channel/MachineAxis/aaAlarmStat[u1, 2]
/Channel/MachineAxis/aaAlarmStat[u1, 3]
/Channel/MachineAxis/aaAlarmStat[u1, 4]
/Channel/MachineAxis/aaAlarmStat[u1, 5]
/Channel/MachineAxis/aaAlarmStat[u1, 6]
/Channel/MachineAxis/aaAlarmStat[u1, 7]
/Channel/MachineAxis/aaAlarmStat[u1, 8]
/Channel/MachineAxis/aaAlarmStat[u1, 9]
/Channel/MachineAxis/aaAlarmStat[u1, 10]
/Channel/MachineAxis/aaAlarmStat[u1, 11]
/Channel/MachineAxis/aaAlarmStat[u1, 12]
/Channel/MachineAxis/aaAlarmStat[u1, 13]
/Channel/MachineAxis/aaAlarmStat[u1, 14]
/Channel/MachineAxis/aaAlarmStat[u1, 15]
/Channel/MachineAxis/aaAlarmStat[u1, 16]
/Channel/MachineAxis/aaAlarmStat[u1, 17]
/Channel/MachineAxis/aaAlarmStat[u1, 18]
/Channel/MachineAxis/aaAlarmStat[u1, 19]
/Channel/MachineAxis/aaAlarmStat[u1, 20]";False
aaActIndexAxPosNo;Current indexing position;$AA_ACT_INDEX_AX_POS_NO[<Achse>];;174;Axis Number;numMachAxes;"Current indexing position; the display depends on
$MN_INDEX_AX_NO_MODE and the division (via table or equidistant)";TYPE_DWORD;No unit;0;;;/Channel/MachineAxis/aaActIndexAxPosNo[u<Channel numb>, <Line Index>];"/Channel/MachineAxis/aaActIndexAxPosNo[u1, 1]
/Channel/MachineAxis/aaActIndexAxPosNo[u1, 2]
/Channel/MachineAxis/aaActIndexAxPosNo[u1, 3]
/Channel/MachineAxis/aaActIndexAxPosNo[u1, 4]
/Channel/MachineAxis/aaActIndexAxPosNo[u1, 5]
/Channel/MachineAxis/aaActIndexAxPosNo[u1, 6]
/Channel/MachineAxis/aaActIndexAxPosNo[u1, 7]
/Channel/MachineAxis/aaActIndexAxPosNo[u1, 8]
/Channel/MachineAxis/aaActIndexAxPosNo[u1, 9]
/Channel/MachineAxis/aaActIndexAxPosNo[u1, 10]
/Channel/MachineAxis/aaActIndexAxPosNo[u1, 11]
/Channel/MachineAxis/aaActIndexAxPosNo[u1, 12]
/Channel/MachineAxis/aaActIndexAxPosNo[u1, 13]
/Channel/MachineAxis/aaActIndexAxPosNo[u1, 14]
/Channel/MachineAxis/aaActIndexAxPosNo[u1, 15]
/Channel/MachineAxis/aaActIndexAxPosNo[u1, 16]
/Channel/MachineAxis/aaActIndexAxPosNo[u1, 17]
/Channel/MachineAxis/aaActIndexAxPosNo[u1, 18]
/Channel/MachineAxis/aaActIndexAxPosNo[u1, 19]
/Channel/MachineAxis/aaActIndexAxPosNo[u1, 20]";False
PRESETVal;PRESET;"$AC_PRESET[x]
x
=
Axis";;4;"Axis
Axis Number";numMachAxes;The function PRESETON (...) programs a work offset for an axis. The value of the offset is stored in the variable 'PRESETVal'. The variable can be overwritten by the part program and by the HMI.;TYPE_DOUBLE;Linear position (mm, inch or user defined);;;;/Channel/MachineAxis/PRESETVal[u<Channel numb>, <Line Index>];"/Channel/MachineAxis/PRESETVal[u1, 1]
/Channel/MachineAxis/PRESETVal[u1, 2]
/Channel/MachineAxis/PRESETVal[u1, 3]
/Channel/MachineAxis/PRESETVal[u1, 4]
/Channel/MachineAxis/PRESETVal[u1, 5]
/Channel/MachineAxis/PRESETVal[u1, 6]
/Channel/MachineAxis/PRESETVal[u1, 7]
/Channel/MachineAxis/PRESETVal[u1, 8]
/Channel/MachineAxis/PRESETVal[u1, 9]
/Channel/MachineAxis/PRESETVal[u1, 10]
/Channel/MachineAxis/PRESETVal[u1, 11]
/Channel/MachineAxis/PRESETVal[u1, 12]
/Channel/MachineAxis/PRESETVal[u1, 13]
/Channel/MachineAxis/PRESETVal[u1, 14]
/Channel/MachineAxis/PRESETVal[u1, 15]
/Channel/MachineAxis/PRESETVal[u1, 16]
/Channel/MachineAxis/PRESETVal[u1, 17]
/Channel/MachineAxis/PRESETVal[u1, 18]
/Channel/MachineAxis/PRESETVal[u1, 19]
/Channel/MachineAxis/PRESETVal[u1, 20]";False
PRESETActive;Preset state;;;26;"Axis
Axis Number";numMachAxes;"Preset state

Value Range:
0 = no preset active
1 = preset active";TYPE_UWORD;No unit;;;;/Channel/MachineAxis/PRESETActive[u<Channel numb>, <Line Index>];"/Channel/MachineAxis/PRESETActive[u1, 1]
/Channel/MachineAxis/PRESETActive[u1, 2]
/Channel/MachineAxis/PRESETActive[u1, 3]
/Channel/MachineAxis/PRESETActive[u1, 4]
/Channel/MachineAxis/PRESETActive[u1, 5]
/Channel/MachineAxis/PRESETActive[u1, 6]
/Channel/MachineAxis/PRESETActive[u1, 7]
/Channel/MachineAxis/PRESETActive[u1, 8]
/Channel/MachineAxis/PRESETActive[u1, 9]
/Channel/MachineAxis/PRESETActive[u1, 10]
/Channel/MachineAxis/PRESETActive[u1, 11]
/Channel/MachineAxis/PRESETActive[u1, 12]
/Channel/MachineAxis/PRESETActive[u1, 13]
/Channel/MachineAxis/PRESETActive[u1, 14]
/Channel/MachineAxis/PRESETActive[u1, 15]
/Channel/MachineAxis/PRESETActive[u1, 16]
/Channel/MachineAxis/PRESETActive[u1, 17]
/Channel/MachineAxis/PRESETActive[u1, 18]
/Channel/MachineAxis/PRESETActive[u1, 19]
/Channel/MachineAxis/PRESETActive[u1, 20]";False
vaItr3;Actual value at the output of third transformation;"$VA_ITR[Achse,
3]";;66;Axis index;numMachAxes;The axial variable determines the current encoder position of an axis at the output of the 3rd chained transformation.;TYPE_DOUBLE;Linear or angular position, as a function of axis type (MD: linear/rotary axis);0;;;/Channel/GeometricAxis/vaItr3[u<Channel numb>, <Line Index>];"/Channel/GeometricAxis/vaItr3[u1, 1]
/Channel/GeometricAxis/vaItr3[u1, 2]
/Channel/GeometricAxis/vaItr3[u1, 3]
/Channel/GeometricAxis/vaItr3[u1, 4]
/Channel/GeometricAxis/vaItr3[u1, 5]
/Channel/GeometricAxis/vaItr3[u1, 6]
/Channel/GeometricAxis/vaItr3[u1, 7]
/Channel/GeometricAxis/vaItr3[u1, 8]
/Channel/GeometricAxis/vaItr3[u1, 9]
/Channel/GeometricAxis/vaItr3[u1, 10]
/Channel/GeometricAxis/vaItr3[u1, 11]
/Channel/GeometricAxis/vaItr3[u1, 12]
/Channel/GeometricAxis/vaItr3[u1, 13]
/Channel/GeometricAxis/vaItr3[u1, 14]
/Channel/GeometricAxis/vaItr3[u1, 15]
/Channel/GeometricAxis/vaItr3[u1, 16]
/Channel/GeometricAxis/vaItr3[u1, 17]
/Channel/GeometricAxis/vaItr3[u1, 18]
/Channel/GeometricAxis/vaItr3[u1, 19]
/Channel/GeometricAxis/vaItr3[u1, 20]";False
vaItr2;Actual value at output of second transformation;"$VA_ITR[Achse,
2]";;65;Axis index;numMachAxes;The axial variable determines the current encoder position of an axis at the output of the 2nd chained transformation.;TYPE_DOUBLE;Linear or angular position, as a function of axis type (MD: linear/rotary axis);0;;;/Channel/GeometricAxis/vaItr2[u<Channel numb>, <Line Index>];"/Channel/GeometricAxis/vaItr2[u1, 1]
/Channel/GeometricAxis/vaItr2[u1, 2]
/Channel/GeometricAxis/vaItr2[u1, 3]
/Channel/GeometricAxis/vaItr2[u1, 4]
/Channel/GeometricAxis/vaItr2[u1, 5]
/Channel/GeometricAxis/vaItr2[u1, 6]
/Channel/GeometricAxis/vaItr2[u1, 7]
/Channel/GeometricAxis/vaItr2[u1, 8]
/Channel/GeometricAxis/vaItr2[u1, 9]
/Channel/GeometricAxis/vaItr2[u1, 10]
/Channel/GeometricAxis/vaItr2[u1, 11]
/Channel/GeometricAxis/vaItr2[u1, 12]
/Channel/GeometricAxis/vaItr2[u1, 13]
/Channel/GeometricAxis/vaItr2[u1, 14]
/Channel/GeometricAxis/vaItr2[u1, 15]
/Channel/GeometricAxis/vaItr2[u1, 16]
/Channel/GeometricAxis/vaItr2[u1, 17]
/Channel/GeometricAxis/vaItr2[u1, 18]
/Channel/GeometricAxis/vaItr2[u1, 19]
/Channel/GeometricAxis/vaItr2[u1, 20]";False
vaItr1;Actual value at the output of first transformation;"$VA_ITR[Achse,
1]";;64;Axis index;numMachAxes;The axial variable determines the current encoder position of an axis at the output of the 1st chained transformation.;TYPE_DOUBLE;Linear or angular position, as a function of axis type (MD: linear/rotary axis);0;;;/Channel/GeometricAxis/vaItr1[u<Channel numb>, <Line Index>];"/Channel/GeometricAxis/vaItr1[u1, 1]
/Channel/GeometricAxis/vaItr1[u1, 2]
/Channel/GeometricAxis/vaItr1[u1, 3]
/Channel/GeometricAxis/vaItr1[u1, 4]
/Channel/GeometricAxis/vaItr1[u1, 5]
/Channel/GeometricAxis/vaItr1[u1, 6]
/Channel/GeometricAxis/vaItr1[u1, 7]
/Channel/GeometricAxis/vaItr1[u1, 8]
/Channel/GeometricAxis/vaItr1[u1, 9]
/Channel/GeometricAxis/vaItr1[u1, 10]
/Channel/GeometricAxis/vaItr1[u1, 11]
/Channel/GeometricAxis/vaItr1[u1, 12]
/Channel/GeometricAxis/vaItr1[u1, 13]
/Channel/GeometricAxis/vaItr1[u1, 14]
/Channel/GeometricAxis/vaItr1[u1, 15]
/Channel/GeometricAxis/vaItr1[u1, 16]
/Channel/GeometricAxis/vaItr1[u1, 17]
/Channel/GeometricAxis/vaItr1[u1, 18]
/Channel/GeometricAxis/vaItr1[u1, 19]
/Channel/GeometricAxis/vaItr1[u1, 20]";False
aaItr3;Current setpoint after the third transformation;"$AA_ITR[Achse,
3]";;63;Axis index;numMachAxes;The axial variable determines the current setpoint of an axis at the output of the 3rd chained transformation.;TYPE_DOUBLE;Linear or angular position, as a function of axis type (MD: linear/rotary axis);0;;;/Channel/GeometricAxis/aaItr3[u<Channel numb>, <Line Index>];"/Channel/GeometricAxis/aaItr3[u1, 1]
/Channel/GeometricAxis/aaItr3[u1, 2]
/Channel/GeometricAxis/aaItr3[u1, 3]
/Channel/GeometricAxis/aaItr3[u1, 4]
/Channel/GeometricAxis/aaItr3[u1, 5]
/Channel/GeometricAxis/aaItr3[u1, 6]
/Channel/GeometricAxis/aaItr3[u1, 7]
/Channel/GeometricAxis/aaItr3[u1, 8]
/Channel/GeometricAxis/aaItr3[u1, 9]
/Channel/GeometricAxis/aaItr3[u1, 10]
/Channel/GeometricAxis/aaItr3[u1, 11]
/Channel/GeometricAxis/aaItr3[u1, 12]
/Channel/GeometricAxis/aaItr3[u1, 13]
/Channel/GeometricAxis/aaItr3[u1, 14]
/Channel/GeometricAxis/aaItr3[u1, 15]
/Channel/GeometricAxis/aaItr3[u1, 16]
/Channel/GeometricAxis/aaItr3[u1, 17]
/Channel/GeometricAxis/aaItr3[u1, 18]
/Channel/GeometricAxis/aaItr3[u1, 19]
/Channel/GeometricAxis/aaItr3[u1, 20]";False
aaItr2;Current setpoint after the second transformation;"$AA_ITR[Achse,
2]";;62;Axis index;numMachAxes;The axial variable determines the current setpoint of an axis at the output of the 2nd chained transformation.;TYPE_DOUBLE;Linear or angular position, as a function of axis type (MD: linear/rotary axis);0;;;/Channel/GeometricAxis/aaItr2[u<Channel numb>, <Line Index>];"/Channel/GeometricAxis/aaItr2[u1, 1]
/Channel/GeometricAxis/aaItr2[u1, 2]
/Channel/GeometricAxis/aaItr2[u1, 3]
/Channel/GeometricAxis/aaItr2[u1, 4]
/Channel/GeometricAxis/aaItr2[u1, 5]
/Channel/GeometricAxis/aaItr2[u1, 6]
/Channel/GeometricAxis/aaItr2[u1, 7]
/Channel/GeometricAxis/aaItr2[u1, 8]
/Channel/GeometricAxis/aaItr2[u1, 9]
/Channel/GeometricAxis/aaItr2[u1, 10]
/Channel/GeometricAxis/aaItr2[u1, 11]
/Channel/GeometricAxis/aaItr2[u1, 12]
/Channel/GeometricAxis/aaItr2[u1, 13]
/Channel/GeometricAxis/aaItr2[u1, 14]
/Channel/GeometricAxis/aaItr2[u1, 15]
/Channel/GeometricAxis/aaItr2[u1, 16]
/Channel/GeometricAxis/aaItr2[u1, 17]
/Channel/GeometricAxis/aaItr2[u1, 18]
/Channel/GeometricAxis/aaItr2[u1, 19]
/Channel/GeometricAxis/aaItr2[u1, 20]";False
aaItr1;Current setpoint after the first transformation;"$AA_ITR[Achse,
1]";;61;Axis index;numMachAxes;The axial variable determines the current setpoint of an axis at the output of the 1st chained transformation.;TYPE_DOUBLE;Linear or angular position, as a function of axis type (MD: linear/rotary axis);0;;;/Channel/GeometricAxis/aaItr1[u<Channel numb>, <Line Index>];"/Channel/GeometricAxis/aaItr1[u1, 1]
/Channel/GeometricAxis/aaItr1[u1, 2]
/Channel/GeometricAxis/aaItr1[u1, 3]
/Channel/GeometricAxis/aaItr1[u1, 4]
/Channel/GeometricAxis/aaItr1[u1, 5]
/Channel/GeometricAxis/aaItr1[u1, 6]
/Channel/GeometricAxis/aaItr1[u1, 7]
/Channel/GeometricAxis/aaItr1[u1, 8]
/Channel/GeometricAxis/aaItr1[u1, 9]
/Channel/GeometricAxis/aaItr1[u1, 10]
/Channel/GeometricAxis/aaItr1[u1, 11]
/Channel/GeometricAxis/aaItr1[u1, 12]
/Channel/GeometricAxis/aaItr1[u1, 13]
/Channel/GeometricAxis/aaItr1[u1, 14]
/Channel/GeometricAxis/aaItr1[u1, 15]
/Channel/GeometricAxis/aaItr1[u1, 16]
/Channel/GeometricAxis/aaItr1[u1, 17]
/Channel/GeometricAxis/aaItr1[u1, 18]
/Channel/GeometricAxis/aaItr1[u1, 19]
/Channel/GeometricAxis/aaItr1[u1, 20]";False
vaIbc;Cartesian BCS encoder position of an axis;$VA_IBC[Achse];;60;Axis index;numMachAxes;"The variable $VA_IBC[ geo axis ] determines the encoder position of a Cartesian axis lying between BCS and MCS. Cartesian means that the axis is a linear axis and lies plane parallel to a coordinate axis in a clockwise coordinate system. The axis identifier used can be a geometry, channel or machine axis identifier. This identifier must represent a geometry axis in the BCS, otherwise the variable returns the value 0.0. The positions are only computed once per IPO cycle for performance reasons. When a variable is read within one IPO cycle, the value of the variable does not change, although the actual value could have changed.
If transformations are active, it must be taken into account that transforming the actual values into the BCS in the IPO cycle can be very time-consuming. In this case, an adequate IPO cycle must be set.";TYPE_DOUBLE;Linear or angular position, as a function of axis type (MD: linear/rotary axis);0;;;/Channel/GeometricAxis/vaIbc[u<Channel numb>, <Line Index>];"/Channel/GeometricAxis/vaIbc[u1, 1]
/Channel/GeometricAxis/vaIbc[u1, 2]
/Channel/GeometricAxis/vaIbc[u1, 3]
/Channel/GeometricAxis/vaIbc[u1, 4]
/Channel/GeometricAxis/vaIbc[u1, 5]
/Channel/GeometricAxis/vaIbc[u1, 6]
/Channel/GeometricAxis/vaIbc[u1, 7]
/Channel/GeometricAxis/vaIbc[u1, 8]
/Channel/GeometricAxis/vaIbc[u1, 9]
/Channel/GeometricAxis/vaIbc[u1, 10]
/Channel/GeometricAxis/vaIbc[u1, 11]
/Channel/GeometricAxis/vaIbc[u1, 12]
/Channel/GeometricAxis/vaIbc[u1, 13]
/Channel/GeometricAxis/vaIbc[u1, 14]
/Channel/GeometricAxis/vaIbc[u1, 15]
/Channel/GeometricAxis/vaIbc[u1, 16]
/Channel/GeometricAxis/vaIbc[u1, 17]
/Channel/GeometricAxis/vaIbc[u1, 18]
/Channel/GeometricAxis/vaIbc[u1, 19]
/Channel/GeometricAxis/vaIbc[u1, 20]";False
vaIb;Current BCS encoder position of an axis;$VA_IB[Achse];;59;Axis index;numMachAxes;"The variable $VA_IB[ ax ] determines the encoder position of an axis retransformed into BCS. The BCS value contains all the axial override components (DRF, AA_OFF, external work offset, etc.) and compensation values (CEC, etc.). The positions are only computed once per IPO cycle for performance reasons. When a variable is read within one IPO cycle, the value of the variable does not change, although the actual value could have changed.
If transformations are active, it must be taken into account that transforming the actual values into the BCS in the IPO cycle can be very time-consuming. In this case, an adequate IPO cycle must be set.";TYPE_DOUBLE;Linear or angular position, as a function of axis type (MD: linear/rotary axis);0;;;/Channel/GeometricAxis/vaIb[u<Channel numb>, <Line Index>];"/Channel/GeometricAxis/vaIb[u1, 1]
/Channel/GeometricAxis/vaIb[u1, 2]
/Channel/GeometricAxis/vaIb[u1, 3]
/Channel/GeometricAxis/vaIb[u1, 4]
/Channel/GeometricAxis/vaIb[u1, 5]
/Channel/GeometricAxis/vaIb[u1, 6]
/Channel/GeometricAxis/vaIb[u1, 7]
/Channel/GeometricAxis/vaIb[u1, 8]
/Channel/GeometricAxis/vaIb[u1, 9]
/Channel/GeometricAxis/vaIb[u1, 10]
/Channel/GeometricAxis/vaIb[u1, 11]
/Channel/GeometricAxis/vaIb[u1, 12]
/Channel/GeometricAxis/vaIb[u1, 13]
/Channel/GeometricAxis/vaIb[u1, 14]
/Channel/GeometricAxis/vaIb[u1, 15]
/Channel/GeometricAxis/vaIb[u1, 16]
/Channel/GeometricAxis/vaIb[u1, 17]
/Channel/GeometricAxis/vaIb[u1, 18]
/Channel/GeometricAxis/vaIb[u1, 19]
/Channel/GeometricAxis/vaIb[u1, 20]";False
vaIw;Current WCS actual value of an axis;$VA_IW[Achse];;58;Axis index;numMachAxes;"The variable $VA_IW[ ax ] determines the encoder position of an axis retransformed into BCS. The BCS value contains all the axial override components (DRF, AA_OFF, external work offset, etc.) and compensation values (CEC, etc.). The positions are only computed once per IPO cycle for performance reasons. When a variable is read within one IPO cycle, the value of the variable does not change, although the actual value could have changed.
If transformations are active, it must be taken into account that transforming the actual values into the BCS in the IPO cycle can be very time-consuming. In this case, an adequate IPO cycle must be set.";TYPE_DOUBLE;Linear or angular position, as a function of axis type (MD: linear/rotary axis);0;;;/Channel/GeometricAxis/vaIw[u<Channel numb>, <Line Index>];"/Channel/GeometricAxis/vaIw[u1, 1]
/Channel/GeometricAxis/vaIw[u1, 2]
/Channel/GeometricAxis/vaIw[u1, 3]
/Channel/GeometricAxis/vaIw[u1, 4]
/Channel/GeometricAxis/vaIw[u1, 5]
/Channel/GeometricAxis/vaIw[u1, 6]
/Channel/GeometricAxis/vaIw[u1, 7]
/Channel/GeometricAxis/vaIw[u1, 8]
/Channel/GeometricAxis/vaIw[u1, 9]
/Channel/GeometricAxis/vaIw[u1, 10]
/Channel/GeometricAxis/vaIw[u1, 11]
/Channel/GeometricAxis/vaIw[u1, 12]
/Channel/GeometricAxis/vaIw[u1, 13]
/Channel/GeometricAxis/vaIw[u1, 14]
/Channel/GeometricAxis/vaIw[u1, 15]
/Channel/GeometricAxis/vaIw[u1, 16]
/Channel/GeometricAxis/vaIw[u1, 17]
/Channel/GeometricAxis/vaIw[u1, 18]
/Channel/GeometricAxis/vaIw[u1, 19]
/Channel/GeometricAxis/vaIw[u1, 20]";False
aaIbc;Current setpoint of a Cartesian axis;$AA_IBC[Achse];;57;Axis index;numMachAxes;"The axial variable $AA_IBC[ax] determines the setpoint of a Cartesian axis lying between BCS and MCS. Cartesian means that the axis is a linear axis, and it lies plane parallel to a coordinate axis in a clockwise coordinate system.
If a geometry axis is still Cartesian at the output of the nth transformation, then this value is returned.
The axis identifier used must represent a geometry axis in the BCS, otherwise the variable returns the value 0.";TYPE_DOUBLE;Linear or angular position, as a function of axis type (MD: linear/rotary axis);0;;;/Channel/GeometricAxis/aaIbc[u<Channel numb>, <Line Index>];"/Channel/GeometricAxis/aaIbc[u1, 1]
/Channel/GeometricAxis/aaIbc[u1, 2]
/Channel/GeometricAxis/aaIbc[u1, 3]
/Channel/GeometricAxis/aaIbc[u1, 4]
/Channel/GeometricAxis/aaIbc[u1, 5]
/Channel/GeometricAxis/aaIbc[u1, 6]
/Channel/GeometricAxis/aaIbc[u1, 7]
/Channel/GeometricAxis/aaIbc[u1, 8]
/Channel/GeometricAxis/aaIbc[u1, 9]
/Channel/GeometricAxis/aaIbc[u1, 10]
/Channel/GeometricAxis/aaIbc[u1, 11]
/Channel/GeometricAxis/aaIbc[u1, 12]
/Channel/GeometricAxis/aaIbc[u1, 13]
/Channel/GeometricAxis/aaIbc[u1, 14]
/Channel/GeometricAxis/aaIbc[u1, 15]
/Channel/GeometricAxis/aaIbc[u1, 16]
/Channel/GeometricAxis/aaIbc[u1, 17]
/Channel/GeometricAxis/aaIbc[u1, 18]
/Channel/GeometricAxis/aaIbc[u1, 19]
/Channel/GeometricAxis/aaIbc[u1, 20]";False
aaAcsRel;Current relative SZS setpoint of an axis;$AA_ACS_REL[Achse];;56;Axis index;numMachAxes;The axial variable $AA_ACS_REL[ax] determines the current relative setpoint in the settable zero point coordinate system (SZS) for the corresponding axis. The setpoint corresponds to $AA_IEN[ax], which is transformed by the current relative system frame $P_RELFRAME. The axial positions lie in the relative settable zero system.;TYPE_DOUBLE;Linear or angular position, as a function of axis type (MD: linear/rotary axis);0;;;/Channel/GeometricAxis/aaAcsRel[u<Channel numb>, <Line Index>];"/Channel/GeometricAxis/aaAcsRel[u1, 1]
/Channel/GeometricAxis/aaAcsRel[u1, 2]
/Channel/GeometricAxis/aaAcsRel[u1, 3]
/Channel/GeometricAxis/aaAcsRel[u1, 4]
/Channel/GeometricAxis/aaAcsRel[u1, 5]
/Channel/GeometricAxis/aaAcsRel[u1, 6]
/Channel/GeometricAxis/aaAcsRel[u1, 7]
/Channel/GeometricAxis/aaAcsRel[u1, 8]
/Channel/GeometricAxis/aaAcsRel[u1, 9]
/Channel/GeometricAxis/aaAcsRel[u1, 10]
/Channel/GeometricAxis/aaAcsRel[u1, 11]
/Channel/GeometricAxis/aaAcsRel[u1, 12]
/Channel/GeometricAxis/aaAcsRel[u1, 13]
/Channel/GeometricAxis/aaAcsRel[u1, 14]
/Channel/GeometricAxis/aaAcsRel[u1, 15]
/Channel/GeometricAxis/aaAcsRel[u1, 16]
/Channel/GeometricAxis/aaAcsRel[u1, 17]
/Channel/GeometricAxis/aaAcsRel[u1, 18]
/Channel/GeometricAxis/aaAcsRel[u1, 19]
/Channel/GeometricAxis/aaAcsRel[u1, 20]";False
aaPcsRel;Current relative WCS setpoint of an axis;$AA_PCS_REL[Achse];;55;Axis index;numMachAxes;The axial variable $AA_PCS_REL[ax] determines the current relative setpoint of the corresponding axis in the workpiece coordinate system (WCS). The setpoint corresponds to $AA_IW[ax], which is transformed by the current relative system frame $P_RELFRAME. The axial positions lie in the relative workpiece coordinate system.;TYPE_DOUBLE;Linear or angular position, as a function of axis type (MD: linear/rotary axis);0;;;/Channel/GeometricAxis/aaPcsRel[u<Channel numb>, <Line Index>];"/Channel/GeometricAxis/aaPcsRel[u1, 1]
/Channel/GeometricAxis/aaPcsRel[u1, 2]
/Channel/GeometricAxis/aaPcsRel[u1, 3]
/Channel/GeometricAxis/aaPcsRel[u1, 4]
/Channel/GeometricAxis/aaPcsRel[u1, 5]
/Channel/GeometricAxis/aaPcsRel[u1, 6]
/Channel/GeometricAxis/aaPcsRel[u1, 7]
/Channel/GeometricAxis/aaPcsRel[u1, 8]
/Channel/GeometricAxis/aaPcsRel[u1, 9]
/Channel/GeometricAxis/aaPcsRel[u1, 10]
/Channel/GeometricAxis/aaPcsRel[u1, 11]
/Channel/GeometricAxis/aaPcsRel[u1, 12]
/Channel/GeometricAxis/aaPcsRel[u1, 13]
/Channel/GeometricAxis/aaPcsRel[u1, 14]
/Channel/GeometricAxis/aaPcsRel[u1, 15]
/Channel/GeometricAxis/aaPcsRel[u1, 16]
/Channel/GeometricAxis/aaPcsRel[u1, 17]
/Channel/GeometricAxis/aaPcsRel[u1, 18]
/Channel/GeometricAxis/aaPcsRel[u1, 19]
/Channel/GeometricAxis/aaPcsRel[u1, 20]";False
aaSccStat;Status of the G96/G961/G962 assignment;$AA_SCC_STAT[];;51;Axis index;numMachAxes;"Status of the G96/G961/G962 assignment as a function of configuration and programming

Value Range:
Bit 0=0: Axis is not assigned to G96/G961/G962
Bit 0=1: Axis is assigned to G96/G961/G962";TYPE_UWORD;No unit;0;0.0;1;/Channel/GeometricAxis/aaSccStat[u<Channel numb>, <Line Index>];"/Channel/GeometricAxis/aaSccStat[u1, 1]
/Channel/GeometricAxis/aaSccStat[u1, 2]
/Channel/GeometricAxis/aaSccStat[u1, 3]
/Channel/GeometricAxis/aaSccStat[u1, 4]
/Channel/GeometricAxis/aaSccStat[u1, 5]
/Channel/GeometricAxis/aaSccStat[u1, 6]
/Channel/GeometricAxis/aaSccStat[u1, 7]
/Channel/GeometricAxis/aaSccStat[u1, 8]
/Channel/GeometricAxis/aaSccStat[u1, 9]
/Channel/GeometricAxis/aaSccStat[u1, 10]
/Channel/GeometricAxis/aaSccStat[u1, 11]
/Channel/GeometricAxis/aaSccStat[u1, 12]
/Channel/GeometricAxis/aaSccStat[u1, 13]
/Channel/GeometricAxis/aaSccStat[u1, 14]
/Channel/GeometricAxis/aaSccStat[u1, 15]
/Channel/GeometricAxis/aaSccStat[u1, 16]
/Channel/GeometricAxis/aaSccStat[u1, 17]
/Channel/GeometricAxis/aaSccStat[u1, 18]
/Channel/GeometricAxis/aaSccStat[u1, 19]
/Channel/GeometricAxis/aaSccStat[u1, 20]";False
aaDiamStat;Status of the diameter programming;$AA_DIAM_STAT[];;50;Axis index;numMachAxes;"Status of the diameter programming as a function of configuration and programming

Value Range:
Bit 0=0: Diameter programming inactive
Bit 0=1: Diameter programming active
Bit 1=0: Channel-specific diameter programming";TYPE_UWORD;No unit;0;0.0;15;/Channel/GeometricAxis/aaDiamStat[u<Channel numb>, <Line Index>];"/Channel/GeometricAxis/aaDiamStat[u1, 1]
/Channel/GeometricAxis/aaDiamStat[u1, 2]
/Channel/GeometricAxis/aaDiamStat[u1, 3]
/Channel/GeometricAxis/aaDiamStat[u1, 4]
/Channel/GeometricAxis/aaDiamStat[u1, 5]
/Channel/GeometricAxis/aaDiamStat[u1, 6]
/Channel/GeometricAxis/aaDiamStat[u1, 7]
/Channel/GeometricAxis/aaDiamStat[u1, 8]
/Channel/GeometricAxis/aaDiamStat[u1, 9]
/Channel/GeometricAxis/aaDiamStat[u1, 10]
/Channel/GeometricAxis/aaDiamStat[u1, 11]
/Channel/GeometricAxis/aaDiamStat[u1, 12]
/Channel/GeometricAxis/aaDiamStat[u1, 13]
/Channel/GeometricAxis/aaDiamStat[u1, 14]
/Channel/GeometricAxis/aaDiamStat[u1, 15]
/Channel/GeometricAxis/aaDiamStat[u1, 16]
/Channel/GeometricAxis/aaDiamStat[u1, 17]
/Channel/GeometricAxis/aaDiamStat[u1, 18]
/Channel/GeometricAxis/aaDiamStat[u1, 19]
/Channel/GeometricAxis/aaDiamStat[u1, 20]";False
subSpec;Subspecification;;;22;"Axis
Axis Number";numMachAxes;"Subspecification

Value Range:
0 = normal axis
1 = indexing axis";TYPE_UWORD;No unit;;;;/Channel/MachineAxis/subSpec[u<Channel numb>, <Line Index>];"/Channel/MachineAxis/subSpec[u1, 1]
/Channel/MachineAxis/subSpec[u1, 2]
/Channel/MachineAxis/subSpec[u1, 3]
/Channel/MachineAxis/subSpec[u1, 4]
/Channel/MachineAxis/subSpec[u1, 5]
/Channel/MachineAxis/subSpec[u1, 6]
/Channel/MachineAxis/subSpec[u1, 7]
/Channel/MachineAxis/subSpec[u1, 8]
/Channel/MachineAxis/subSpec[u1, 9]
/Channel/MachineAxis/subSpec[u1, 10]
/Channel/MachineAxis/subSpec[u1, 11]
/Channel/MachineAxis/subSpec[u1, 12]
/Channel/MachineAxis/subSpec[u1, 13]
/Channel/MachineAxis/subSpec[u1, 14]
/Channel/MachineAxis/subSpec[u1, 15]
/Channel/MachineAxis/subSpec[u1, 16]
/Channel/MachineAxis/subSpec[u1, 17]
/Channel/MachineAxis/subSpec[u1, 18]
/Channel/MachineAxis/subSpec[u1, 19]
/Channel/MachineAxis/subSpec[u1, 20]";False
aaMw3;Access meas. result trigger event 3 in WCS;$AA_MW3[Achse];;23;"Axis
Axis index";numMachAxes;Access to measurement result of trigger event 3 in the WCS;TYPE_DOUBLE;Linear or angular position, as a function of axis type (MD: linear/rotary axis);;;;/Channel/GeometricAxis/aaMw3[u<Channel numb>, <Line Index>];"/Channel/GeometricAxis/aaMw3[u1, 1]
/Channel/GeometricAxis/aaMw3[u1, 2]
/Channel/GeometricAxis/aaMw3[u1, 3]
/Channel/GeometricAxis/aaMw3[u1, 4]
/Channel/GeometricAxis/aaMw3[u1, 5]
/Channel/GeometricAxis/aaMw3[u1, 6]
/Channel/GeometricAxis/aaMw3[u1, 7]
/Channel/GeometricAxis/aaMw3[u1, 8]
/Channel/GeometricAxis/aaMw3[u1, 9]
/Channel/GeometricAxis/aaMw3[u1, 10]
/Channel/GeometricAxis/aaMw3[u1, 11]
/Channel/GeometricAxis/aaMw3[u1, 12]
/Channel/GeometricAxis/aaMw3[u1, 13]
/Channel/GeometricAxis/aaMw3[u1, 14]
/Channel/GeometricAxis/aaMw3[u1, 15]
/Channel/GeometricAxis/aaMw3[u1, 16]
/Channel/GeometricAxis/aaMw3[u1, 17]
/Channel/GeometricAxis/aaMw3[u1, 18]
/Channel/GeometricAxis/aaMw3[u1, 19]
/Channel/GeometricAxis/aaMw3[u1, 20]";False
aaMw1;Access meas. result trigger event 1 in WCS;$AA_MW1[Achse];;21;"Axis
Axis index";numMachAxes;Access to measurement result of trigger event 1 in the WCS;TYPE_DOUBLE;Linear or angular position, as a function of axis type (MD: linear/rotary axis);;;;/Channel/GeometricAxis/aaMw1[u<Channel numb>, <Line Index>];"/Channel/GeometricAxis/aaMw1[u1, 1]
/Channel/GeometricAxis/aaMw1[u1, 2]
/Channel/GeometricAxis/aaMw1[u1, 3]
/Channel/GeometricAxis/aaMw1[u1, 4]
/Channel/GeometricAxis/aaMw1[u1, 5]
/Channel/GeometricAxis/aaMw1[u1, 6]
/Channel/GeometricAxis/aaMw1[u1, 7]
/Channel/GeometricAxis/aaMw1[u1, 8]
/Channel/GeometricAxis/aaMw1[u1, 9]
/Channel/GeometricAxis/aaMw1[u1, 10]
/Channel/GeometricAxis/aaMw1[u1, 11]
/Channel/GeometricAxis/aaMw1[u1, 12]
/Channel/GeometricAxis/aaMw1[u1, 13]
/Channel/GeometricAxis/aaMw1[u1, 14]
/Channel/GeometricAxis/aaMw1[u1, 15]
/Channel/GeometricAxis/aaMw1[u1, 16]
/Channel/GeometricAxis/aaMw1[u1, 17]
/Channel/GeometricAxis/aaMw1[u1, 18]
/Channel/GeometricAxis/aaMw1[u1, 19]
/Channel/GeometricAxis/aaMw1[u1, 20]";False
vaSyncDiff;Actual value synchronism difference;;;193;Axis Number;numMachAxes;Actual value synchronism difference for all types of coupling;TYPE_DOUBLE;Linear or angular position, as a function of axis type (MD: linear/rotary axis);0;;;/Channel/MachineAxis/vaSyncDiff[u<Channel numb>, <Line Index>];"/Channel/MachineAxis/vaSyncDiff[u1, 1]
/Channel/MachineAxis/vaSyncDiff[u1, 2]
/Channel/MachineAxis/vaSyncDiff[u1, 3]
/Channel/MachineAxis/vaSyncDiff[u1, 4]
/Channel/MachineAxis/vaSyncDiff[u1, 5]
/Channel/MachineAxis/vaSyncDiff[u1, 6]
/Channel/MachineAxis/vaSyncDiff[u1, 7]
/Channel/MachineAxis/vaSyncDiff[u1, 8]
/Channel/MachineAxis/vaSyncDiff[u1, 9]
/Channel/MachineAxis/vaSyncDiff[u1, 10]
/Channel/MachineAxis/vaSyncDiff[u1, 11]
/Channel/MachineAxis/vaSyncDiff[u1, 12]
/Channel/MachineAxis/vaSyncDiff[u1, 13]
/Channel/MachineAxis/vaSyncDiff[u1, 14]
/Channel/MachineAxis/vaSyncDiff[u1, 15]
/Channel/MachineAxis/vaSyncDiff[u1, 16]
/Channel/MachineAxis/vaSyncDiff[u1, 17]
/Channel/MachineAxis/vaSyncDiff[u1, 18]
/Channel/MachineAxis/vaSyncDiff[u1, 19]
/Channel/MachineAxis/vaSyncDiff[u1, 20]";False
acPrepMaxLoad;Longest preprocessing run time;$AC_PREP_MAX_LOAD;;324;1;1;Longest preprocessing run time;TYPE_DOUBLE;No unit;0;0.0;;/Channel/State/acPrepMaxLoad[u<Channel numb>, <Line Index>];/Channel/State/acPrepMaxLoad[u1, 1];False
actLanguage;Active language mode;;;322;1;;"Active language mode

Value Range:
0: Siemens
1: ISO mode
2: Reserviert for later language expansions";TYPE_UWORD;No unit;;;;/Channel/State/actLanguage[u<Channel numb>, <Line Index>];/Channel/State/actLanguage[u1, 1];False
toolCounterIso;Modification counter for ISO tool offset data keine;;;319;1;1;"Each change of a tool offset value for ISO2.2 and ISO3.2 modes is counted.
This is to enable the HMI to record data changes.";TYPE_DWORD;No unit;0;;;/Channel/State/toolCounterIso[u<Channel numb>, <Line Index>];/Channel/State/toolCounterIso[u1, 1];False
isoActHDNo;Active tool offset number in ISO mode;$P_ISO2_HNO[n];;318;See description below;5;"The following applies to rows 1- 4:
This value is only practical if ISO2 mode is permissible.
This value contains the H number of the tool length offsets in the 3 geometry dimensions in rows 1 - 3 and the D number of the tool radius offset.
If H99 is programmed, then 
all 3 geometry dimensions (=rows 1-3) have the value '-1'
the radius (= row 4) has the value '-1'
If H=D ($MN_EXTERN_TOOLPROG_MODE,Bit6=0), then these variables contain the last programmed D or H.
If an offset D > 1 is selected in Siemens mode, all rows have the value '-2'.
If ISO2 mode cannot be activated ($MN_MM_EXTERN_CNC_SYSTEM != 4), the variable has the value=-3.
The following applies to row 5:
This value is only practicable if ISO3 mode is permissible.
This value contains the current number of tool offsets in ISO3 mode.
If an offset D > 1 is selected in Siemens mode, the value '-2' is returned.
If ISO3 mode cannot be activated ($MN_MM_EXTERN_CNC_SYSTEM != 5), the variable value =-3.

Value Range:
-3: ISO2 or ISO3 mode inactive
-2: Siemens offset selected with D > 1.
-1: H99 programmed in ISO mode, Siemens offset D1 active

Line index:
1: H number for L1 in ISO2 mode
2: H number for L2 in ISO2 mode
3: H number for L3 in ISO2 mode
4: H number for R in ISO2 mode
5: H number in ISO3 mode";TYPE_WORD;No unit;0;;;/Channel/State/isoActHDNo[u<Channel numb>, <Line Index>];"/Channel/State/isoActHDNo[u1, 1]
/Channel/State/isoActHDNo[u1, 2]
/Channel/State/isoActHDNo[u1, 3]
/Channel/State/isoActHDNo[u1, 4]
/Channel/State/isoActHDNo[u1, 5]";False
incoapS160;CHAR160 parameter(s) of the cutting generator;$P_INCOAP_S160[];;317;Array index;incoapSize[6];CHAR160 supply and return parameter(s) of the COA application cutting generator;TYPE_STRING;No unit;0;;;/Channel/State/incoapS160[u<Channel numb>, <Line Index>];"/Channel/State/incoapS160[u1, 1]
/Channel/State/incoapS160[u1, 2]
/Channel/State/incoapS160[u1, 3]
/Channel/State/incoapS160[u1, 4]
/Channel/State/incoapS160[u1, 5]
/Channel/State/incoapS160[u1, 6]
/Channel/State/incoapS160[u1, 7]
/Channel/State/incoapS160[u1, 8]
/Channel/State/incoapS160[u1, 9]
/Channel/State/incoapS160[u1, 10]
/Channel/State/incoapS160[u1, 11]
/Channel/State/incoapS160[u1, 12]
/Channel/State/incoapS160[u1, 13]
/Channel/State/incoapS160[u1, 14]
/Channel/State/incoapS160[u1, 15]
/Channel/State/incoapS160[u1, 16]
/Channel/State/incoapS160[u1, 17]
/Channel/State/incoapS160[u1, 18]
/Channel/State/incoapS160[u1, 19]
/Channel/State/incoapS160[u1, 20]
/Channel/State/incoapS160[u1, 21]
/Channel/State/incoapS160[u1, 22]
/Channel/State/incoapS160[u1, 23]
/Channel/State/incoapS160[u1, 24]
/Channel/State/incoapS160[u1, 25]
/Channel/State/incoapS160[u1, 26]
/Channel/State/incoapS160[u1, 27]
/Channel/State/incoapS160[u1, 28]
/Channel/State/incoapS160[u1, 29]
/Channel/State/incoapS160[u1, 30]
/Channel/State/incoapS160[u1, 31]
/Channel/State/incoapS160[u1, 32]
/Channel/State/incoapS160[u1, 33]";False
incoapS32;CHAR32 parameter(s) of the cutting generator;$P_INCOAP_S32[];;316;Array index;incoapSize[6];CHAR32 supply and return parameter(s) of the COA application cutting generator;TYPE_STRING;No unit;0;;;/Channel/State/incoapS32[u<Channel numb>, <Line Index>];"/Channel/State/incoapS32[u1, 1]
/Channel/State/incoapS32[u1, 2]
/Channel/State/incoapS32[u1, 3]
/Channel/State/incoapS32[u1, 4]
/Channel/State/incoapS32[u1, 5]
/Channel/State/incoapS32[u1, 6]
/Channel/State/incoapS32[u1, 7]
/Channel/State/incoapS32[u1, 8]
/Channel/State/incoapS32[u1, 9]
/Channel/State/incoapS32[u1, 10]
/Channel/State/incoapS32[u1, 11]
/Channel/State/incoapS32[u1, 12]
/Channel/State/incoapS32[u1, 13]
/Channel/State/incoapS32[u1, 14]
/Channel/State/incoapS32[u1, 15]
/Channel/State/incoapS32[u1, 16]
/Channel/State/incoapS32[u1, 17]
/Channel/State/incoapS32[u1, 18]
/Channel/State/incoapS32[u1, 19]
/Channel/State/incoapS32[u1, 20]
/Channel/State/incoapS32[u1, 21]
/Channel/State/incoapS32[u1, 22]
/Channel/State/incoapS32[u1, 23]
/Channel/State/incoapS32[u1, 24]
/Channel/State/incoapS32[u1, 25]
/Channel/State/incoapS32[u1, 26]
/Channel/State/incoapS32[u1, 27]
/Channel/State/incoapS32[u1, 28]
/Channel/State/incoapS32[u1, 29]
/Channel/State/incoapS32[u1, 30]
/Channel/State/incoapS32[u1, 31]
/Channel/State/incoapS32[u1, 32]
/Channel/State/incoapS32[u1, 33]
/Channel/State/incoapS32[u1, 34]
/Channel/State/incoapS32[u1, 35]
/Channel/State/incoapS32[u1, 36]
/Channel/State/incoapS32[u1, 37]
/Channel/State/incoapS32[u1, 38]
/Channel/State/incoapS32[u1, 39]
/Channel/State/incoapS32[u1, 40]
/Channel/State/incoapS32[u1, 41]
/Channel/State/incoapS32[u1, 42]
/Channel/State/incoapS32[u1, 43]";False
incoapS16;CHAR16 parameter(s) of the cutting generator;$P_INCOAP_S16[];;315;Array index;incoapSize[5];CHAR16 supply and return parameter(s) of the COA application cutting generator;TYPE_STRING;No unit;0;;;/Channel/State/incoapS16[u<Channel numb>, <Line Index>];"/Channel/State/incoapS16[u1, 1]
/Channel/State/incoapS16[u1, 2]
/Channel/State/incoapS16[u1, 3]
/Channel/State/incoapS16[u1, 4]
/Channel/State/incoapS16[u1, 5]
/Channel/State/incoapS16[u1, 6]
/Channel/State/incoapS16[u1, 7]
/Channel/State/incoapS16[u1, 8]
/Channel/State/incoapS16[u1, 9]";False
incoapR;DOUBLE parameter(s) of the cutting generator;$P_INCOAP_R;;314;Array index;incoapSize[4];DOUBLE supply and return parameter(s) of the COA application cutting generator;TYPE_DOUBLE;No unit;0;;;/Channel/State/incoapR[u<Channel numb>, <Line Index>];"/Channel/State/incoapR[u1, 1]
/Channel/State/incoapR[u1, 2]
/Channel/State/incoapR[u1, 3]
/Channel/State/incoapR[u1, 4]
/Channel/State/incoapR[u1, 5]
/Channel/State/incoapR[u1, 6]
/Channel/State/incoapR[u1, 7]
/Channel/State/incoapR[u1, 8]
/Channel/State/incoapR[u1, 9]
/Channel/State/incoapR[u1, 10]
/Channel/State/incoapR[u1, 11]
/Channel/State/incoapR[u1, 12]
/Channel/State/incoapR[u1, 13]
/Channel/State/incoapR[u1, 14]
/Channel/State/incoapR[u1, 15]
/Channel/State/incoapR[u1, 16]
/Channel/State/incoapR[u1, 17]
/Channel/State/incoapR[u1, 18]
/Channel/State/incoapR[u1, 19]
/Channel/State/incoapR[u1, 20]
/Channel/State/incoapR[u1, 21]
/Channel/State/incoapR[u1, 22]
/Channel/State/incoapR[u1, 23]
/Channel/State/incoapR[u1, 24]
/Channel/State/incoapR[u1, 25]
/Channel/State/incoapR[u1, 26]
/Channel/State/incoapR[u1, 27]
/Channel/State/incoapR[u1, 28]
/Channel/State/incoapR[u1, 29]
/Channel/State/incoapR[u1, 30]
/Channel/State/incoapR[u1, 31]
/Channel/State/incoapR[u1, 32]
/Channel/State/incoapR[u1, 33]
/Channel/State/incoapR[u1, 34]
/Channel/State/incoapR[u1, 35]
/Channel/State/incoapR[u1, 36]
/Channel/State/incoapR[u1, 37]
/Channel/State/incoapR[u1, 38]
/Channel/State/incoapR[u1, 39]
/Channel/State/incoapR[u1, 40]
/Channel/State/incoapR[u1, 41]
/Channel/State/incoapR[u1, 42]
/Channel/State/incoapR[u1, 43]
/Channel/State/incoapR[u1, 44]
/Channel/State/incoapR[u1, 45]
/Channel/State/incoapR[u1, 46]
/Channel/State/incoapR[u1, 47]
/Channel/State/incoapR[u1, 48]
/Channel/State/incoapR[u1, 49]
/Channel/State/incoapR[u1, 50]
/Channel/State/incoapR[u1, 51]
/Channel/State/incoapR[u1, 52]
/Channel/State/incoapR[u1, 53]
/Channel/State/incoapR[u1, 54]
/Channel/State/incoapR[u1, 55]";False
incoapI;INT parameter(s) of the cutting generator;$P_INCOAP_I;;313;Array index;incoapSize[3];INT supply and return parameter(s) of the COA application cutting generator;TYPE_UDWORD;No unit;0;;;/Channel/State/incoapI[u<Channel numb>, <Line Index>];"/Channel/State/incoapI[u1, 1]
/Channel/State/incoapI[u1, 2]
/Channel/State/incoapI[u1, 3]
/Channel/State/incoapI[u1, 4]
/Channel/State/incoapI[u1, 5]
/Channel/State/incoapI[u1, 6]
/Channel/State/incoapI[u1, 7]
/Channel/State/incoapI[u1, 8]
/Channel/State/incoapI[u1, 9]
/Channel/State/incoapI[u1, 10]
/Channel/State/incoapI[u1, 11]
/Channel/State/incoapI[u1, 12]
/Channel/State/incoapI[u1, 13]
/Channel/State/incoapI[u1, 14]
/Channel/State/incoapI[u1, 15]
/Channel/State/incoapI[u1, 16]
/Channel/State/incoapI[u1, 17]
/Channel/State/incoapI[u1, 18]
/Channel/State/incoapI[u1, 19]
/Channel/State/incoapI[u1, 20]
/Channel/State/incoapI[u1, 21]
/Channel/State/incoapI[u1, 22]
/Channel/State/incoapI[u1, 23]
/Channel/State/incoapI[u1, 24]
/Channel/State/incoapI[u1, 25]
/Channel/State/incoapI[u1, 26]
/Channel/State/incoapI[u1, 27]
/Channel/State/incoapI[u1, 28]
/Channel/State/incoapI[u1, 29]";False
incoapB;Boolean parameter(s) of the cutting generator;$P_INCOAP_B;;311;Array index;incoapSize[1];Boolean supply and return parameter(s) of the COA application cutting generator;TYPE_UWORD;No unit;0;0.0;1;/Channel/State/incoapB[u<Channel numb>, <Line Index>];"/Channel/State/incoapB[u1, 1]
/Channel/State/incoapB[u1, 2]
/Channel/State/incoapB[u1, 3]
/Channel/State/incoapB[u1, 4]
/Channel/State/incoapB[u1, 5]
/Channel/State/incoapB[u1, 6]
/Channel/State/incoapB[u1, 7]
/Channel/State/incoapB[u1, 8]
/Channel/State/incoapB[u1, 9]
/Channel/State/incoapB[u1, 10]
/Channel/State/incoapB[u1, 11]";False
simTolerance;Simulation tolerance keine;;;309;;;"The NCK simulation can run part programs at a higher speed (see PI _N_NCKMOD).
Only then is simTolerance evaluated and it ONLY affects geometry blocks that have not been programmed as circles or straight lines.
These blocks are slowed down so that two successive interpolation points can be connected by a straight line.
This straight line deviates from the programmed contour by not more than 'simTolerance'.";TYPE_DOUBLE;Linear position (mm, inch or user defined);0;;;/Channel/State/simTolerance[u<Channel numb>];/Channel/State/simTolerance[u1];False
tOffR;Tool radius offset TOFFR;$AC_TOFFR;;308;1;1;Programmed tool radius offset.;TYPE_DOUBLE;Linear or angular position, as a function of axis type (MD: linear/rotary axis);0;;;/Channel/State/tOffR[u<Channel numb>, <Line Index>];/Channel/State/tOffR[u1, 1];False
acJogCircleSelected;JOG in circles has been selected;$AC_JOG_CIRCLE_SELECTED;;307;1;1;JOG in circles has been selected;TYPE_UWORD;No unit;0;0.0;1;/Channel/State/acJogCircleSelected[u<Channel numb>, <Line Index>];/Channel/State/acJogCircleSelected[u1, 1];False
tOffLXYZ;Tool length offset TOFFL in the WCS;$AC_TOFF;;306;See description below;3;"Tool length offset TOFFL programmed in coordinates of the WCS.

Line index:
1: Tool length offset programmed in the direction of the 1st geometry axis
2: Tool length offset programmed in the direction of the 2nd geometry axis
3: Tool length offset programmed in the direction of the 3rd geometry axis";TYPE_DOUBLE;Linear or angular position, as a function of axis type (MD: linear/rotary axis);0;;;/Channel/State/tOffLXYZ[u<Channel numb>, <Line Index>];"/Channel/State/tOffLXYZ[u1, 1]
/Channel/State/tOffLXYZ[u1, 2]
/Channel/State/tOffLXYZ[u1, 3]";False
tOffL1L2L3;Tool length offset TOFFL;$AC_TOFFL;;305;See description below;3;"Tool length offset programmed in coordinates of the tool length components L1/L2/L3.

Line index:
1: Tool length offset programmed in the tool length component direction L1
2: Tool length offset programmed in the tool length component direction L2
3: Tool length offset programmed in the tool length component direction L3";TYPE_DOUBLE;Linear or angular position, as a function of axis type (MD: linear/rotary axis);0;;;/Channel/State/tOffL1L2L3[u<Channel numb>, <Line Index>];"/Channel/State/tOffL1L2L3[u1, 1]
/Channel/State/tOffL1L2L3[u1, 2]
/Channel/State/tOffL1L2L3[u1, 3]";False
acSafeSynaMem;Free Safety synchronized action elements;$AC_SAFE_SYNA_MEM;;295;1;1;"Free Safety synchronized action elements
The maximum number of elements is configured in $MC_MM_NUM_SAFE_SYNC_ELEMENTS";TYPE_UWORD;No unit;0;0.0;;/Channel/State/acSafeSynaMem[u<Channel numb>, <Line Index>];/Channel/State/acSafeSynaMem[u1, 1];False
actWalimGroupNo;Active working area group in the IPO;$AC_WORKAREA_CS_GROUP;;285;1;1;"Active working area group in the IPO
Writing is only possible if the channel has been aborted or stopped

Value Range:
0: Not activated
n: $MC_MM_NUM_WORKAREA_CS_GROUPS";TYPE_UWORD;No unit;0;0.0;10;/Channel/State/actWalimGroupNo[u<Channel numb>, <Line Index>];/Channel/State/actWalimGroupNo[u1, 1];False
enableOvrRapidFactor;Activate additional rapid traverse override;;;284;1;1;"Activate additional rapid traverse override $SC_OVR_RAPID_FACTOR

Value Range:
0: not activated
1: activated";TYPE_UWORD;No unit;0;0.0;1;/Channel/State/enableOvrRapidFactor[u<Channel numb>, <Line Index>];/Channel/State/enableOvrRapidFactor[u1, 1];False
searchRunStatus;Status of the block search run;;;250;1;1;"The variable returns the various states for a block search. Depending on the state, defined responses must be executed, including those by an operator, to complete the block search:
o 1: activeSearchRun
Simulation active, that is, from part program start to the agreed search target (or APb), the NCK simulates the part program in order to find the correct start position of the search target block.
o 2: targetFound
The search target has been found, and the NCK waits for the Start key.
The simulation has ended.
o 3: activeAdaptation
After the start, the NCK outputs action blocks, which set the machine to the search target (MÃ‚Â± function output, speeds for spindles) and possibly starts an ASUB.
The user adapts the machine to the part program situation in the target block via the ASUB program.
(Example: programmed tool is read and replaced by the current one with a tool change cycle.
The NCK stops automatically after the action blocks or after the ASUB with alarm 10208.
The NCK waits for the start.
o 4: finishedAdaptation
o 5: activeStopRun
After the adaptation, the REPOS function leads to the target block and then the program execution resumes.
The NCK executes the program area after the target block, but is still in the function Execute program area.
The blocks are scanned to see whether the end of the program area has already been reached.
At the end of the program area, the program is canceled with reset, and the variable searchRunStatus is deleted.
0: Otherwise

Value Range:
1: activeSearchRun
Simulation is active, that is the NCK simulates the part program from the start to the agreed search target (or start of the program area) in order to find, among other things, the correct starting position of the search target block.
2: targetFound
The search target has been found and the NCK is waiting for the Start key.
Simulation has finished.
3: activeAdaption
After the start, the NCK outputs action blocks which set the machine to the search target (MÃ‚Â± function output, spindle speeds) and, if applicable, starts an ASUB.
The user adapts the machine to the part program situation in the target block via the ASUB program.
(For example, a programmed tool is read and a tool-changing cycle exchanges it with the current tool.)
The NCK stops automatically after the action blocks or after the ASUB with alarm 10208.
4: finishedAdaption
The NCK waits for the start.
5: activeStopRun
After the adaptation, the REPOS function goes to the target block, and then the execution of the program resumes.
The NCK executes the program area after the target block, but is still within the function Execute program area.
The blocks are scanned to see whether the end of the program area could already have been reached.
At the end of the program area, the program is canceled with reset, and the variable searchRunStatus is deleted.
0: Otherwise";TYPE_UWORD;No unit;0;1.0;5;/Channel/State/searchRunStatus[u<Channel numb>, <Line Index>];/Channel/State/searchRunStatus[u1, 1];False
searchRunMode;Function with search run;;;249;Axis index of the following axis;numMachAxes;"Type of function in which search run has been integrated

Value Range:
1: Search run is used directly
2: Simulation search run
3: Execute program area
The user can preselect a program area via HMI with 'Execute program area',
which he/she would like to execute 'real' on the machine.
To do this, the NCK uses an internal block search to approach the start of the 
program area (abbreviation: APb) correctly. Internal cancellation at the end of the program area 
(abbreviation: EPb) via reset.
0: Otherwise";TYPE_UWORD;No unit;0;1.0;3;/Channel/State/searchRunMode[u<Channel numb>, <Line Index>];/Channel/State/searchRunMode[u1, 1];False
pToolRot;Current tool rotation;$P_TOOL_O_R;;247;1: X component;9;"Current tool rotation
in various coordinate systems:

Possible values of the line index:
1, 2, 3: Components of the vector in BCS
4, 5, 6: Components of the vector in PCS/WCS
7, 8, 9: Components of the vector in ENS

The rotation vector is normalized, i.e. it has the absolute value 1.";TYPE_DOUBLE;No unit;0;-1.0;1;/Channel/State/pToolRot[u<Channel numb>, <Line Index>];"/Channel/State/pToolRot[u1, 1]
/Channel/State/pToolRot[u1, 2]
/Channel/State/pToolRot[u1, 3]";False
vcToolRStat;Status of the computation of the actual rotation;$VC_TOOLR_STAT;;246;1;1;Status of the computation of the actual rotation;TYPE_DWORD;No unit;0;-1.0;0;/Channel/State/vcToolRStat[u<Channel numb>, <Line Index>];/Channel/State/vcToolRStat[u1, 1];False
vcToolRDiff;Angle bet. setpoint & actual tool rotation vectors;$VC_TOOL_R_DIFF;;245;1;3;"Angle between setpoint and actual tool rotation vectors in different coordinate systems:

Possible values of the line index:
1: Angle in BCS
2: Angle in PCS/WCS
3: Angle in ENS";TYPE_DOUBLE;Angle (degree);0;0.0;180;/Channel/State/vcToolRDiff[u<Channel numb>, <Line Index>];/Channel/State/vcToolRDiff[u1, 1];False
vcToolR;Actual value of tool rotation;$VC_TOOL_R;;244;1: X component;9;"Actual value of the tool rotation
in various coordinate systems:

Possible values of the line index:
1, 2, 3: Components of the vector in BCS
4, 5, 6: Components of the vector in PCS/WCS
7, 8, 9: Components of the vector in ENS

The rotation vector is normalized, i.e. it has the value 1.";TYPE_DOUBLE;No unit;0;-1.0;1;/Channel/State/vcToolR[u<Channel numb>, <Line Index>];"/Channel/State/vcToolR[u1, 1]
/Channel/State/vcToolR[u1, 2]
/Channel/State/vcToolR[u1, 3]";False
acToolRDiff;Remaining tool rotation angle;$AC_TOOL_R_DIFF;;243;1;3;"Angle remaining between the current and end rotation vectors of the tool orientation block in various coordinate systems:

Possible values of the line index:
1: Angle in BCS
2: Angle in PCS/WCS
3: Angle in ENS";TYPE_DOUBLE;No unit;0;0.0;180;/Channel/State/acToolRDiff[u<Channel numb>, <Line Index>];/Channel/State/acToolRDiff[u1, 1];False
actParts;Actual number of workpieces;$AC_ACTUAL_PARTS;;121;;;"Total number of workpieces machined since the start time. When the set number of workpieces ($AC_REQUIRED_PARTS) is reached, the counter is automatically reset to zero ($AC_REQUIRED_PARTS unequal to 0):
The counter is incremented by 1 with the output of the M command defined in the channel MD 27882$MC_PART_COUNTER_MCODE[1]
to the PLC.
The counter is automatically reset with default values at control run-up.
The timer is activated via MD27880 $MC_PART_COUNTER:
o Bit 4 = 1: Counter $AC_TOTAL_PARTS is active
Further meaning of bits 5-6 only if bit 4 =1:
o Bit 5 = 0: Counter $AC_TOTAL_PARTS is incremented by 1 with VDI output of M02/M30
o Bit 5 = 1: Counter $AC_TOTAL_PARTS is incremented by 1 with output of M command from MD PART_COUNTER_MCODE[0]
o Bit 6 = 0: $AC_TOTAL_PARTS also active with program test/block search
o Bit 6 = 1: No machining $AC_TOTAL_PARTS with program test/block search.";TYPE_DOUBLE;No unit;0;;;/Channel/State/actParts[u<Channel numb>];/Channel/State/actParts[u1];False
acToolRAct;Setpoint of the tool rotation.;$AC_TOOL_R_ACT;;241;1: X component;9;"Setpoint of the tool rotation
in various coordinate systems:

Possible values of the line index:
1, 2, 3: Components of the vector in BCS
4, 5, 6: Components of the vector in PCS/WCS
7, 8, 9: Components of the vector in ENS

The orientation vector is normalized, i.e. it has the value 1.";TYPE_DOUBLE;No unit;0;-1.0;1;/Channel/State/acToolRAct[u<Channel numb>, <Line Index>];"/Channel/State/acToolRAct[u1, 1]
/Channel/State/acToolRAct[u1, 2]
/Channel/State/acToolRAct[u1, 3]";False
aaSyncDiffStat;Status of the synchronism difference;$AA_SYNCDIFF_STAT[Achse];;202;Axis Number;numMachAxes;"Status of the setpoint synchronism difference 

Value Range:
-4: No valid value in aaSyncDiff, coupled motion from part program
-3: Reserved
-2: Reserved
-1: No valid value in aaSyncDiff
0: No valid value in aaSyncDiff, coupling not active
1: Valid value in aaSyncDiff";TYPE_DWORD;No unit;0;-4.0;1;/Channel/MachineAxis/aaSyncDiffStat[u<Channel numb>, <Line Index>];"/Channel/MachineAxis/aaSyncDiffStat[u1, 1]
/Channel/MachineAxis/aaSyncDiffStat[u1, 2]
/Channel/MachineAxis/aaSyncDiffStat[u1, 3]
/Channel/MachineAxis/aaSyncDiffStat[u1, 4]
/Channel/MachineAxis/aaSyncDiffStat[u1, 5]
/Channel/MachineAxis/aaSyncDiffStat[u1, 6]
/Channel/MachineAxis/aaSyncDiffStat[u1, 7]
/Channel/MachineAxis/aaSyncDiffStat[u1, 8]
/Channel/MachineAxis/aaSyncDiffStat[u1, 9]
/Channel/MachineAxis/aaSyncDiffStat[u1, 10]
/Channel/MachineAxis/aaSyncDiffStat[u1, 11]
/Channel/MachineAxis/aaSyncDiffStat[u1, 12]
/Channel/MachineAxis/aaSyncDiffStat[u1, 13]
/Channel/MachineAxis/aaSyncDiffStat[u1, 14]
/Channel/MachineAxis/aaSyncDiffStat[u1, 15]
/Channel/MachineAxis/aaSyncDiffStat[u1, 16]
/Channel/MachineAxis/aaSyncDiffStat[u1, 17]
/Channel/MachineAxis/aaSyncDiffStat[u1, 18]
/Channel/MachineAxis/aaSyncDiffStat[u1, 19]
/Channel/MachineAxis/aaSyncDiffStat[u1, 20]";False
vaSyncDiffStat;Status of the actual value synchronism difference;$VA_SYNCDIFF_STAT[Achse];;194;Axis Number;numMachAxes;"Status of the actual value synchronism difference

Value Range:
-4: Reserved
-3: No valid value in $VA_SYNCDIFF, tangential control
-2: No valid value in $VA_SYNCDIFF, master value coupling and simulated master value
-1: No valid value in $VA_SYNCDIFF
0: No valid value in $VA_SYNCDIFF, coupling not active
1: Valid value in $VA_SYNCDIFF";TYPE_DWORD;No unit;0;-4.0;1;/Channel/MachineAxis/vaSyncDiffStat[u<Channel numb>, <Line Index>];"/Channel/MachineAxis/vaSyncDiffStat[u1, 1]
/Channel/MachineAxis/vaSyncDiffStat[u1, 2]
/Channel/MachineAxis/vaSyncDiffStat[u1, 3]
/Channel/MachineAxis/vaSyncDiffStat[u1, 4]
/Channel/MachineAxis/vaSyncDiffStat[u1, 5]
/Channel/MachineAxis/vaSyncDiffStat[u1, 6]
/Channel/MachineAxis/vaSyncDiffStat[u1, 7]
/Channel/MachineAxis/vaSyncDiffStat[u1, 8]
/Channel/MachineAxis/vaSyncDiffStat[u1, 9]
/Channel/MachineAxis/vaSyncDiffStat[u1, 10]
/Channel/MachineAxis/vaSyncDiffStat[u1, 11]
/Channel/MachineAxis/vaSyncDiffStat[u1, 12]
/Channel/MachineAxis/vaSyncDiffStat[u1, 13]
/Channel/MachineAxis/vaSyncDiffStat[u1, 14]
/Channel/MachineAxis/vaSyncDiffStat[u1, 15]
/Channel/MachineAxis/vaSyncDiffStat[u1, 16]
/Channel/MachineAxis/vaSyncDiffStat[u1, 17]
/Channel/MachineAxis/vaSyncDiffStat[u1, 18]
/Channel/MachineAxis/vaSyncDiffStat[u1, 19]
/Channel/MachineAxis/vaSyncDiffStat[u1, 20]";False
aaSyncDiff;Setpoint synchronism difference;$AA_SYNCDIFF[];;231;Axis index of the following axis;numMachAxes;Setpoint synchronism difference for all types of coupling;TYPE_DOUBLE;Linear or angular position, as a function of axis type (MD: linear/rotary axis);0;;;/Channel/State/aaSyncDiff[u<Channel numb>, <Line Index>];"/Channel/State/aaSyncDiff[u1, 1]
/Channel/State/aaSyncDiff[u1, 2]
/Channel/State/aaSyncDiff[u1, 3]
/Channel/State/aaSyncDiff[u1, 4]
/Channel/State/aaSyncDiff[u1, 5]
/Channel/State/aaSyncDiff[u1, 6]
/Channel/State/aaSyncDiff[u1, 7]
/Channel/State/aaSyncDiff[u1, 8]
/Channel/State/aaSyncDiff[u1, 9]
/Channel/State/aaSyncDiff[u1, 10]
/Channel/State/aaSyncDiff[u1, 11]
/Channel/State/aaSyncDiff[u1, 12]";False
acPrepActLoad;Current preprocessing run time;$AC_PREP_ACT_LOAD;;323;1;1;Current preprocessing run time;TYPE_DOUBLE;No unit;0;0.0;;/Channel/State/acPrepActLoad[u<Channel numb>, <Line Index>];/Channel/State/acPrepActLoad[u1, 1];False
acPrepMinLoad;Shortest preprocessing run time;$AC_PREP_MIN_LOAD;;325;1;1;Shortest preprocessing run time;TYPE_DOUBLE;No unit;0;0.0;;/Channel/State/acPrepMinLoad[u<Channel numb>, <Line Index>];/Channel/State/acPrepMinLoad[u1, 1];False
aaIwCorr;WCS setpoint value including override components;$AA_IW_CORR;;45;Axis index;numMachAxes;Current WCS setpoint value of an axis including override components;TYPE_DOUBLE;Linear or angular position, as a function of axis type (MD: linear/rotary axis);;;;/Channel/GeometricAxis/aaIwCorr[u<Channel numb>, <Line Index>];"/Channel/GeometricAxis/aaIwCorr[u1, 1]
/Channel/GeometricAxis/aaIwCorr[u1, 2]
/Channel/GeometricAxis/aaIwCorr[u1, 3]
/Channel/GeometricAxis/aaIwCorr[u1, 4]
/Channel/GeometricAxis/aaIwCorr[u1, 5]
/Channel/GeometricAxis/aaIwCorr[u1, 6]
/Channel/GeometricAxis/aaIwCorr[u1, 7]
/Channel/GeometricAxis/aaIwCorr[u1, 8]
/Channel/GeometricAxis/aaIwCorr[u1, 9]
/Channel/GeometricAxis/aaIwCorr[u1, 10]
/Channel/GeometricAxis/aaIwCorr[u1, 11]
/Channel/GeometricAxis/aaIwCorr[u1, 12]
/Channel/GeometricAxis/aaIwCorr[u1, 13]
/Channel/GeometricAxis/aaIwCorr[u1, 14]
/Channel/GeometricAxis/aaIwCorr[u1, 15]
/Channel/GeometricAxis/aaIwCorr[u1, 16]
/Channel/GeometricAxis/aaIwCorr[u1, 17]
/Channel/GeometricAxis/aaIwCorr[u1, 18]
/Channel/GeometricAxis/aaIwCorr[u1, 19]
/Channel/GeometricAxis/aaIwCorr[u1, 20]";False
acPrepActLoadGross;Current preprocessing gross run time;$AC_PREP_ACT_LOAD_GROSS;;326;1;1;Current preprocessing gross run time;TYPE_DOUBLE;No unit;0;0.0;;/Channel/State/acPrepActLoadGross[u<Channel numb>, <Line Index>];/Channel/State/acPrepActLoadGross[u1, 1];False
aaIbCorr;BCS setpoint value including override components;$AA_IB_CORR;;46;Axis index;numMachAxes;Current BCS setpoint value of an axis including override components;TYPE_DOUBLE;Linear or angular position, as a function of axis type (MD: linear/rotary axis);;;;/Channel/GeometricAxis/aaIbCorr[u<Channel numb>, <Line Index>];"/Channel/GeometricAxis/aaIbCorr[u1, 1]
/Channel/GeometricAxis/aaIbCorr[u1, 2]
/Channel/GeometricAxis/aaIbCorr[u1, 3]
/Channel/GeometricAxis/aaIbCorr[u1, 4]
/Channel/GeometricAxis/aaIbCorr[u1, 5]
/Channel/GeometricAxis/aaIbCorr[u1, 6]
/Channel/GeometricAxis/aaIbCorr[u1, 7]
/Channel/GeometricAxis/aaIbCorr[u1, 8]
/Channel/GeometricAxis/aaIbCorr[u1, 9]
/Channel/GeometricAxis/aaIbCorr[u1, 10]
/Channel/GeometricAxis/aaIbCorr[u1, 11]
/Channel/GeometricAxis/aaIbCorr[u1, 12]
/Channel/GeometricAxis/aaIbCorr[u1, 13]
/Channel/GeometricAxis/aaIbCorr[u1, 14]
/Channel/GeometricAxis/aaIbCorr[u1, 15]
/Channel/GeometricAxis/aaIbCorr[u1, 16]
/Channel/GeometricAxis/aaIbCorr[u1, 17]
/Channel/GeometricAxis/aaIbCorr[u1, 18]
/Channel/GeometricAxis/aaIbCorr[u1, 19]
/Channel/GeometricAxis/aaIbCorr[u1, 20]";False
aaIb;BCS setpoint;$AA_IB;;47;Axis index;numMachAxes;Current BCS setpoint of an axis;TYPE_DOUBLE;Linear or angular position, as a function of axis type (MD: linear/rotary axis);;;;/Channel/GeometricAxis/aaIb[u<Channel numb>, <Line Index>];"/Channel/GeometricAxis/aaIb[u1, 1]
/Channel/GeometricAxis/aaIb[u1, 2]
/Channel/GeometricAxis/aaIb[u1, 3]
/Channel/GeometricAxis/aaIb[u1, 4]
/Channel/GeometricAxis/aaIb[u1, 5]
/Channel/GeometricAxis/aaIb[u1, 6]
/Channel/GeometricAxis/aaIb[u1, 7]
/Channel/GeometricAxis/aaIb[u1, 8]
/Channel/GeometricAxis/aaIb[u1, 9]
/Channel/GeometricAxis/aaIb[u1, 10]
/Channel/GeometricAxis/aaIb[u1, 11]
/Channel/GeometricAxis/aaIb[u1, 12]
/Channel/GeometricAxis/aaIb[u1, 13]
/Channel/GeometricAxis/aaIb[u1, 14]
/Channel/GeometricAxis/aaIb[u1, 15]
/Channel/GeometricAxis/aaIb[u1, 16]
/Channel/GeometricAxis/aaIb[u1, 17]
/Channel/GeometricAxis/aaIb[u1, 18]
/Channel/GeometricAxis/aaIb[u1, 19]
/Channel/GeometricAxis/aaIb[u1, 20]";False
aaDtsw;Path from the motion starting point in the WCS;$AA_DTSW;;48;Axis index;numMachAxes;Path from the motion starting point in the WCS;TYPE_DOUBLE;Linear or angular position, as a function of axis type (MD: linear/rotary axis);;;;/Channel/GeometricAxis/aaDtsw[u<Channel numb>, <Line Index>];"/Channel/GeometricAxis/aaDtsw[u1, 1]
/Channel/GeometricAxis/aaDtsw[u1, 2]
/Channel/GeometricAxis/aaDtsw[u1, 3]
/Channel/GeometricAxis/aaDtsw[u1, 4]
/Channel/GeometricAxis/aaDtsw[u1, 5]
/Channel/GeometricAxis/aaDtsw[u1, 6]
/Channel/GeometricAxis/aaDtsw[u1, 7]
/Channel/GeometricAxis/aaDtsw[u1, 8]
/Channel/GeometricAxis/aaDtsw[u1, 9]
/Channel/GeometricAxis/aaDtsw[u1, 10]
/Channel/GeometricAxis/aaDtsw[u1, 11]
/Channel/GeometricAxis/aaDtsw[u1, 12]
/Channel/GeometricAxis/aaDtsw[u1, 13]
/Channel/GeometricAxis/aaDtsw[u1, 14]
/Channel/GeometricAxis/aaDtsw[u1, 15]
/Channel/GeometricAxis/aaDtsw[u1, 16]
/Channel/GeometricAxis/aaDtsw[u1, 17]
/Channel/GeometricAxis/aaDtsw[u1, 18]
/Channel/GeometricAxis/aaDtsw[u1, 19]
/Channel/GeometricAxis/aaDtsw[u1, 20]";False
aaDtsb;Path from the motion starting point in the BCS;$AA_DTSB;;49;Axis index;numMachAxes;Path from the motion starting point in the BCS;TYPE_DOUBLE;Linear or angular position, as a function of axis type (MD: linear/rotary axis);;;;/Channel/GeometricAxis/aaDtsb[u<Channel numb>, <Line Index>];"/Channel/GeometricAxis/aaDtsb[u1, 1]
/Channel/GeometricAxis/aaDtsb[u1, 2]
/Channel/GeometricAxis/aaDtsb[u1, 3]
/Channel/GeometricAxis/aaDtsb[u1, 4]
/Channel/GeometricAxis/aaDtsb[u1, 5]
/Channel/GeometricAxis/aaDtsb[u1, 6]
/Channel/GeometricAxis/aaDtsb[u1, 7]
/Channel/GeometricAxis/aaDtsb[u1, 8]
/Channel/GeometricAxis/aaDtsb[u1, 9]
/Channel/GeometricAxis/aaDtsb[u1, 10]
/Channel/GeometricAxis/aaDtsb[u1, 11]
/Channel/GeometricAxis/aaDtsb[u1, 12]
/Channel/GeometricAxis/aaDtsb[u1, 13]
/Channel/GeometricAxis/aaDtsb[u1, 14]
/Channel/GeometricAxis/aaDtsb[u1, 15]
/Channel/GeometricAxis/aaDtsb[u1, 16]
/Channel/GeometricAxis/aaDtsb[u1, 17]
/Channel/GeometricAxis/aaDtsb[u1, 18]
/Channel/GeometricAxis/aaDtsb[u1, 19]
/Channel/GeometricAxis/aaDtsb[u1, 20]";False
aaDtew;Axial distance to the end of block in the WCS;"$AA_DTEW[x]
x
=
Axis";;18;"Axis
Axis index";numMachAxes;"Axial distance to the end of the block in the WCS for positioning and synchronous axes for synchronous actions
(Note: for SYNACT only)";TYPE_DOUBLE;Linear or angular position, as a function of axis type (MD: linear/rotary axis);;;;/Channel/GeometricAxis/aaDtew[u<Channel numb>, <Line Index>];"/Channel/GeometricAxis/aaDtew[u1, 1]
/Channel/GeometricAxis/aaDtew[u1, 2]
/Channel/GeometricAxis/aaDtew[u1, 3]
/Channel/GeometricAxis/aaDtew[u1, 4]
/Channel/GeometricAxis/aaDtew[u1, 5]
/Channel/GeometricAxis/aaDtew[u1, 6]
/Channel/GeometricAxis/aaDtew[u1, 7]
/Channel/GeometricAxis/aaDtew[u1, 8]
/Channel/GeometricAxis/aaDtew[u1, 9]
/Channel/GeometricAxis/aaDtew[u1, 10]
/Channel/GeometricAxis/aaDtew[u1, 11]
/Channel/GeometricAxis/aaDtew[u1, 12]
/Channel/GeometricAxis/aaDtew[u1, 13]
/Channel/GeometricAxis/aaDtew[u1, 14]
/Channel/GeometricAxis/aaDtew[u1, 15]
/Channel/GeometricAxis/aaDtew[u1, 16]
/Channel/GeometricAxis/aaDtew[u1, 17]
/Channel/GeometricAxis/aaDtew[u1, 18]
/Channel/GeometricAxis/aaDtew[u1, 19]
/Channel/GeometricAxis/aaDtew[u1, 20]";False
aaDtepw;Axial dist.-to-go for infeed during oscill. in WCS;"$AA_DTEPW[x]
x
=
Axis";;19;"Axis
Axis index";numMachAxes;Axial distance-to-go for infeed during oscillation in the WCS (Note: for SYNACT only);TYPE_DOUBLE;Linear or angular position, as a function of axis type (MD: linear/rotary axis);;;;/Channel/GeometricAxis/aaDtepw[u<Channel numb>, <Line Index>];"/Channel/GeometricAxis/aaDtepw[u1, 1]
/Channel/GeometricAxis/aaDtepw[u1, 2]
/Channel/GeometricAxis/aaDtepw[u1, 3]
/Channel/GeometricAxis/aaDtepw[u1, 4]
/Channel/GeometricAxis/aaDtepw[u1, 5]
/Channel/GeometricAxis/aaDtepw[u1, 6]
/Channel/GeometricAxis/aaDtepw[u1, 7]
/Channel/GeometricAxis/aaDtepw[u1, 8]
/Channel/GeometricAxis/aaDtepw[u1, 9]
/Channel/GeometricAxis/aaDtepw[u1, 10]
/Channel/GeometricAxis/aaDtepw[u1, 11]
/Channel/GeometricAxis/aaDtepw[u1, 12]
/Channel/GeometricAxis/aaDtepw[u1, 13]
/Channel/GeometricAxis/aaDtepw[u1, 14]
/Channel/GeometricAxis/aaDtepw[u1, 15]
/Channel/GeometricAxis/aaDtepw[u1, 16]
/Channel/GeometricAxis/aaDtepw[u1, 17]
/Channel/GeometricAxis/aaDtepw[u1, 18]
/Channel/GeometricAxis/aaDtepw[u1, 19]
/Channel/GeometricAxis/aaDtepw[u1, 20]";False
aaDtbw;Axial distance from beginning of block in the WCS;"$AA_DTBW[x]
x
=
Aaxis";;17;"Axis
Axis index";numMachAxes;"Axial distance from the beginning of the block in the WCS for positioning and synchronous axes for synchronous motion
(Note: for SYNACT only)";TYPE_DOUBLE;Linear or angular position, as a function of axis type (MD: linear/rotary axis);;;;/Channel/GeometricAxis/aaDtbw[u<Channel numb>, <Line Index>];"/Channel/GeometricAxis/aaDtbw[u1, 1]
/Channel/GeometricAxis/aaDtbw[u1, 2]
/Channel/GeometricAxis/aaDtbw[u1, 3]
/Channel/GeometricAxis/aaDtbw[u1, 4]
/Channel/GeometricAxis/aaDtbw[u1, 5]
/Channel/GeometricAxis/aaDtbw[u1, 6]
/Channel/GeometricAxis/aaDtbw[u1, 7]
/Channel/GeometricAxis/aaDtbw[u1, 8]
/Channel/GeometricAxis/aaDtbw[u1, 9]
/Channel/GeometricAxis/aaDtbw[u1, 10]
/Channel/GeometricAxis/aaDtbw[u1, 11]
/Channel/GeometricAxis/aaDtbw[u1, 12]
/Channel/GeometricAxis/aaDtbw[u1, 13]
/Channel/GeometricAxis/aaDtbw[u1, 14]
/Channel/GeometricAxis/aaDtbw[u1, 15]
/Channel/GeometricAxis/aaDtbw[u1, 16]
/Channel/GeometricAxis/aaDtbw[u1, 17]
/Channel/GeometricAxis/aaDtbw[u1, 18]
/Channel/GeometricAxis/aaDtbw[u1, 19]
/Channel/GeometricAxis/aaDtbw[u1, 20]";False
aaDelt;Stored axial dist.-to-go in WCS after DELDTG;"$AA_DELT[x]
x
=
Axis";;20;"Axis
Axis index";numMachAxes;"Stored axial distance-to-go in the WCS after axial delete-distance-to-go DELDTG(axis) for synchronous actions
(Note: for SYNACT only)";TYPE_DOUBLE;Linear or angular position, as a function of axis type (MD: linear/rotary axis);;;;/Channel/GeometricAxis/aaDelt[u<Channel numb>, <Line Index>];"/Channel/GeometricAxis/aaDelt[u1, 1]
/Channel/GeometricAxis/aaDelt[u1, 2]
/Channel/GeometricAxis/aaDelt[u1, 3]
/Channel/GeometricAxis/aaDelt[u1, 4]
/Channel/GeometricAxis/aaDelt[u1, 5]
/Channel/GeometricAxis/aaDelt[u1, 6]
/Channel/GeometricAxis/aaDelt[u1, 7]
/Channel/GeometricAxis/aaDelt[u1, 8]
/Channel/GeometricAxis/aaDelt[u1, 9]
/Channel/GeometricAxis/aaDelt[u1, 10]
/Channel/GeometricAxis/aaDelt[u1, 11]
/Channel/GeometricAxis/aaDelt[u1, 12]
/Channel/GeometricAxis/aaDelt[u1, 13]
/Channel/GeometricAxis/aaDelt[u1, 14]
/Channel/GeometricAxis/aaDelt[u1, 15]
/Channel/GeometricAxis/aaDelt[u1, 16]
/Channel/GeometricAxis/aaDelt[u1, 17]
/Channel/GeometricAxis/aaDelt[u1, 18]
/Channel/GeometricAxis/aaDelt[u1, 19]
/Channel/GeometricAxis/aaDelt[u1, 20]";False
actToolTotalLength;Total length of the active tool;;;374;"Component
1";15;"Returns the components of the total effective length of the active tool in different coordinate systems.
Both the component and the coordinate system are selected from the line index.
Three indices are required for each coordinate system (lengths L1, L2, L3).
The following assignment applies:
Line indices 1 - 3: Components in the workpiece coordinate system (PCS).
Line indices 4 - 6: Components in the basic coordinate system (BCS).
Line indices 7 - 9: Components in the machine coordinate system (MCS).
Line indices 10 - 12: Components in the tool coordinate system (TCS).
Line indices 13 - 15: Components in the settable zero system (SZS).";TYPE_DOUBLE;Linear position (mm, inch or user defined);;;;/Channel/State/actToolTotalLength[u<Channel numb>, <Line Index>];"/Channel/State/actToolTotalLength[u1, 1]
/Channel/State/actToolTotalLength[u1, 2]
/Channel/State/actToolTotalLength[u1, 3]
/Channel/State/actToolTotalLength[u1, 4]
/Channel/State/actToolTotalLength[u1, 5]
/Channel/State/actToolTotalLength[u1, 6]
/Channel/State/actToolTotalLength[u1, 7]
/Channel/State/actToolTotalLength[u1, 8]
/Channel/State/actToolTotalLength[u1, 9]
/Channel/State/actToolTotalLength[u1, 10]
/Channel/State/actToolTotalLength[u1, 11]
/Channel/State/actToolTotalLength[u1, 12]
/Channel/State/actToolTotalLength[u1, 13]
/Channel/State/actToolTotalLength[u1, 14]
/Channel/State/actToolTotalLength[u1, 15]";False
pCutModKS;Last programmed value CUTMODK (block search);;;362;1;1;"Reads the currently valid value last programmed with the language command CUTMODK.
(Name of the orientation transformation defined by kinematic chains for which the edge data modification is to be activated).";TYPE_STRING;No unit;'\0';;;/Channel/State/pCutModKS[u<Channel numb>, <Line Index>];/Channel/State/pCutModKS[u1, 1];False
pCutModK;Last programmed value CUTMODK;$AC_CUTMODK;;361;1;1;"Reads the currently valid value last programmed with the language command CUTMODK.
(Name of the orientation transformation defined by kinematic chains for which the edge data modification is to be activated).";TYPE_STRING;No unit;'\0';;;/Channel/State/pCutModK[u<Channel numb>, <Line Index>];/Channel/State/pCutModK[u1, 1];False
retractState;Status information on JOG retract;;;358;1;1;"Status information on the submode JOG retract

Value Range:
Bit 0: 0: No retract data available; JOG retract cannot be activated
1: Retract data available; JOG retract can be activated with PI _N_RETRAC
Bit 1: 0: JOG retract submode is not active
1: JOG retract submode is active
Bit 3/2: 0: Function is not active
1: Retraction axis is 1st geometry axis according to $MC_AXCONF_GEOAX_ASSIGN_TAB
2: Retraction axis is 2nd geometry axis according to $MC_AXCONF_GEOAX_ASSIGN_TAB
3: Retraction axis is 3rd geometry axis according to $MC_AXCONF_GEOAX_ASSIGN_TAB
Bit 4/5: 0: Default tool (milling cutter)
1: Tap (tapping with G33/G331/G332 is active)
2: Drilling tool from the 200 group
Bit 6/7: Reserved
Bit 8/11: 0: No problem known
1: No tool selected
2: No retract tool selected (turning or grinding tool)
3: Tool offset is not active
4: Retraction axis does not exist
5: G63 block
6: Path motion not in direction of tool axis
7: Retract data not persistent due to $MN_MM_ACTFILESYS_LOG_FILE_MEM[1]=0
8: Retract data are not consistent
Bit 12/15: Reserved";TYPE_UWORD;No unit;0;;;/Channel/State/retractState[u<Channel numb>, <Line Index>];/Channel/State/retractState[u1, 1];False
pcTrafoRotChainIndex;Index of the orientation axis in the kin. chain.;$PC_TRAFO_ROT_CHAIN_INDEX;;355;"IndOriAchs
IndOriAchs";2;"Images the indices of the orientation axes in the array $NT_ROT_AX_NAME onto the internal orientation axis sequence.
See also documentation of the associated system variables.";TYPE_DWORD;No unit;0;;;/Channel/State/pcTrafoRotChainIndex[u<Channel numb>, <Line Index>];"/Channel/State/pcTrafoRotChainIndex[u1, 1]
/Channel/State/pcTrafoRotChainIndex[u1, 2]
/Channel/State/pcTrafoRotChainIndex[u1, 3]";False
pOriDiff1;Angle diff. of orientation axes (2nd solution);$P_ORI_DIFF[1,n];;342;"IndOriAchs
IndOriAchs";2;"The angle difference between the exact angles and those available in $P_ORI_ANG for the orientation axes of the second solution during orientation programming.
The content of these variables can only be unequal to zero if the positions of the orientation axes are incremental (Hirth coupling).";TYPE_DOUBLE;Angle (degree);0;;;/Channel/State/pOriDiff1[u<Channel numb>, <Line Index>];"/Channel/State/pOriDiff1[u1, 1]
/Channel/State/pOriDiff1[u1, 2]
/Channel/State/pOriDiff1[u1, 3]";False
pOriDiff0;Angle diff. of orientation axes (1st solution);$P_ORI_DIFF[0,n];;341;"IndOriAachs
IndOriAchs";2;"The angle difference between the exact angles and those available in $P_ORI_ANG for the orientation axes of the first (or single) solution during orientation programming.
The content of these variables can only be unequal to zero if the positions of the orientation axes are incremental (Hirth coupling).";TYPE_DOUBLE;Angle (degree);0;;;/Channel/State/pOriDiff0[u<Channel numb>, <Line Index>];"/Channel/State/pOriDiff0[u1, 1]
/Channel/State/pOriDiff0[u1, 2]
/Channel/State/pOriDiff0[u1, 3]";False
pOriPos1;Angle of orientation axes (2nd solution);$P_ORI_POS[1,n];;340;"IndOriAchs
IndOriAchs";2;The angle of the orientation axes of the second solution during orientation programming.;TYPE_DOUBLE;Angle (degree);0;;;/Channel/State/pOriPos1[u<Channel numb>, <Line Index>];"/Channel/State/pOriPos1[u1, 1]
/Channel/State/pOriPos1[u1, 2]
/Channel/State/pOriPos1[u1, 3]";False
pOriPos0;Angle of orientation axes (1st solution);$P_ORI_POS[0,n];;339;"IndOriAchs
IndOriAchs";2;The angle of the orientation axes of the first (or single) solution during orientation programming.;TYPE_DOUBLE;Angle (degree);0;;;/Channel/State/pOriPos0[u<Channel numb>, <Line Index>];"/Channel/State/pOriPos0[u1, 1]
/Channel/State/pOriPos0[u1, 2]
/Channel/State/pOriPos0[u1, 3]";False
pOriStat;Status of orientation axes during orientation prog;$P_ORI_STAT;;338;"IndOriAchs
IndOriAchs";2;Contains the status of the orientation axes during orientation programming. See also the documentation for the corresponding system variables.;TYPE_DWORD;No unit;0;;;/Channel/State/pOriStat[u<Channel numb>, <Line Index>];"/Channel/State/pOriStat[u1, 1]
/Channel/State/pOriStat[u1, 2]
/Channel/State/pOriStat[u1, 3]";False
pOriSol;Angle calc. status during orientation programming;$P_ORI_SOL;;337;;;Contains the number of solutions and additional status information for orientation programming. See also the documentation for the corresponding system variables.;TYPE_DWORD;No unit;0;;;/Channel/State/pOriSol[u<Channel numb>];/Channel/State/pOriSol[u1];False
acFZ;Tooth feedrate, setpoint;$AC_FZ;;336;;;Tooth feedrate, setpoint. The physical unit is defined in variable 'feedRateIpoUnit'.;TYPE_DOUBLE;Linear velocity (mm/min, inch/min or user defined);0;0.0;;/Channel/State/acFZ[u<Channel numb>];/Channel/State/acFZ[u1];False
acIpoState;Active functions identification status;$AC_IPO_STATE;;335;1;1;"The variable provides selected information about whether certain
functions are active:

Bit 0: Free-form surface mode is active 
Bit 1: Compressor active";TYPE_UWORD;No unit;0;0.0;0x0003;/Channel/State/acIpoState[u<Channel numb>, <Line Index>];/Channel/State/acIpoState[u1, 1];False
aaFgroup;Influence of an axis on the path velocity;$AA_FGROUP;;333;Axis index;numMachAxes;If the travel of an axis influences the path velocity in the current main run block (FGROUP), the variable provides value 1, otherwise 0.;TYPE_UWORD;No unit;0;0.0;1;/Channel/State/aaFgroup[u<Channel numb>, <Line Index>];"/Channel/State/aaFgroup[u1, 1]
/Channel/State/aaFgroup[u1, 2]
/Channel/State/aaFgroup[u1, 3]
/Channel/State/aaFgroup[u1, 4]
/Channel/State/aaFgroup[u1, 5]
/Channel/State/aaFgroup[u1, 6]
/Channel/State/aaFgroup[u1, 7]
/Channel/State/aaFgroup[u1, 8]
/Channel/State/aaFgroup[u1, 9]
/Channel/State/aaFgroup[u1, 10]
/Channel/State/aaFgroup[u1, 11]
/Channel/State/aaFgroup[u1, 12]";False
aaFgref;Active factor for rotary axis path;$AA_FGREF;;332;Axis index;numMachAxes;"The variable provides the radius used by a rotary axis to contribute to the path travel. The default value is 180 mm/PI = 57,296 mm, which corresponds to a contribution of 1mm per degree.
For linear axes the variable always provides 1.";TYPE_DOUBLE;Linear position (mm, inch or user defined);0;0.0;;/Channel/State/aaFgref[u<Channel numb>, <Line Index>];"/Channel/State/aaFgref[u1, 1]
/Channel/State/aaFgref[u1, 2]
/Channel/State/aaFgref[u1, 3]
/Channel/State/aaFgref[u1, 4]
/Channel/State/aaFgref[u1, 5]
/Channel/State/aaFgref[u1, 6]
/Channel/State/aaFgref[u1, 7]
/Channel/State/aaFgref[u1, 8]
/Channel/State/aaFgref[u1, 9]
/Channel/State/aaFgref[u1, 10]
/Channel/State/aaFgref[u1, 11]
/Channel/State/aaFgref[u1, 12]";False
aaATol;Active axis tolerance;$AA_ATOL;;331;Axis index;numMachAxes;aaATol provides the axis tolerance for compressor and smoothing, which was effective during preprocessing of the current main run block.;TYPE_DOUBLE;Linear or angular position, as a function of axis type (MD: linear/rotary axis);0;0.0;;/Channel/State/aaATol[u<Channel numb>, <Line Index>];"/Channel/State/aaATol[u1, 1]
/Channel/State/aaATol[u1, 2]
/Channel/State/aaATol[u1, 3]
/Channel/State/aaATol[u1, 4]
/Channel/State/aaATol[u1, 5]
/Channel/State/aaATol[u1, 6]
/Channel/State/aaATol[u1, 7]
/Channel/State/aaATol[u1, 8]
/Channel/State/aaATol[u1, 9]
/Channel/State/aaATol[u1, 10]
/Channel/State/aaATol[u1, 11]
/Channel/State/aaATol[u1, 12]";False
acSTolF;Active G00 tolerance factor;$AC_STOLF;;352;1;1;acSToIF indicates the G00 tolerance factor for compressor and smoothing with which the current main run block was prepared.;TYPE_DOUBLE;No unit;0;0.0;;/Channel/State/acSTolF[u<Channel numb>, <Line Index>];/Channel/State/acSTolF[u1, 1];False
acOTol;Active orientation tolerance;$AC_OTOL;;330;1;1;acOTol provides the orientation tolerance for compressor and smoothing which was used to preprocess the current main run block.;TYPE_DOUBLE;Angular position (degree or user defined);0;0.0;;/Channel/State/acOTol[u<Channel numb>, <Line Index>];/Channel/State/acOTol[u1, 1];False
acCTol;Active contour tolerance;$AC_CTOL;;329;1;1;acCTol provides the contour tolerance for compressor and smoothing which was used to preprocess the current main run block.;TYPE_DOUBLE;Linear position (mm, inch or user defined);0;0.0;;/Channel/State/acCTol[u<Channel numb>, <Line Index>];/Channel/State/acCTol[u1, 1];False
acPrepMinLoadGross;Shortest preprocessing gross run time;$AC_PREP_MIN_LOAD_GROSS;;328;1;1;Shortest preprocessing gross run time;TYPE_DOUBLE;No unit;0;0.0;;/Channel/State/acPrepMinLoadGross[u<Channel numb>, <Line Index>];/Channel/State/acPrepMinLoadGross[u1, 1];False
acPrepMaxLoadGross;Longest preprocessing gross run time;$AC_PREP_MAX_LOAD_GROSS;;327;1;1;Longest preprocessing gross run time;TYPE_DOUBLE;No unit;0;0.0;;/Channel/State/acPrepMaxLoadGross[u<Channel numb>, <Line Index>];/Channel/State/acPrepMaxLoadGross[u1, 1];False
actProgNetTime;Runtime of selected NC program;$AC_ACT_PROG_NET_TIME;;297;1;1;"The current net runtime of the selected program in [s], Net runtime means excluding the time during which the program was stopped.
If a part program is restarted in AUTOMATIC mode from the RESET channel status, $AC_ACT_PROG_NET_TIME is automatically reset to '0'.
Further properties:
o The Reset key does not reset $AC_ACT_PROG_NET_TIME to '0', but only stops the timer.
o When an ASUB is started, $AC_ACT_PROG_NET_TIME is set to '0', and counts the runtime of the ASUB. At the end of an ASUB, it behaves the same as with the RESET key, that is the timer is only stopped, but not reset to '0'.
o When an event-controlled program is started (PROG_EVENT), $AC_ACT_PROG_NET_TIME is not reset. The program runtime only continues to be counted if it is a start, M30 or search run PROG_EVENT.
o The behavior of $AC_ACT_PROG_NET_TIME with GOTOS and override = 0% can be parameterized by MD27850 $MC_PROG_NET_TIMER_MODE.

Value Range:
Seconds";TYPE_DOUBLE;Time (s or user defined);0;0.0;;/Channel/State/actProgNetTime[u<Channel numb>, <Line Index>];/Channel/State/actProgNetTime[u1, 1];False
actOriToolLength2;Y component of tool in WCS;;;114;1;1;"Y component in workpiece coordinate system (WCS) of active tool length,
taking into account the tool orientation, incl. adapter data, mirroring and TCARR 
(orientation-capable toolholder).";TYPE_DOUBLE;No unit;0;;;/Channel/State/actOriToolLength2[u<Channel numb>, <Line Index>];/Channel/State/actOriToolLength2[u1, 1];False
actOriToolLength3;Z component of tool in WCS;;;115;1;1;"Z component in workpiece coordinate system (WCS) of active tool length,
taking into account the tool orientation, incl. adapter data, mirroring and TCARR 
(orientation-capable toolholder).";TYPE_DOUBLE;No unit;0;;;/Channel/State/actOriToolLength3[u<Channel numb>, <Line Index>];/Channel/State/actOriToolLength3[u1, 1];False
timePeriod;Time base;;;2;Event (see module header);siehe Bausteinkopf;Time base for cyclic event only;TYPE_UWORD;Time (ms);0;0.0;;/Channel/ProtocolEvent/timePeriod[u<Channel numb>, <Line Index>];"/Channel/ProtocolEvent/timePeriod[u1, 1]
/Channel/ProtocolEvent/timePeriod[u1, 2]
/Channel/ProtocolEvent/timePeriod[u1, 3]
/Channel/ProtocolEvent/timePeriod[u1, 4]
/Channel/ProtocolEvent/timePeriod[u1, 5]
/Channel/ProtocolEvent/timePeriod[u1, 6]
/Channel/ProtocolEvent/timePeriod[u1, 7]
/Channel/ProtocolEvent/timePeriod[u1, 8]
/Channel/ProtocolEvent/timePeriod[u1, 9]
/Channel/ProtocolEvent/timePeriod[u1, 10]
/Channel/ProtocolEvent/timePeriod[u1, 11]
/Channel/ProtocolEvent/timePeriod[u1, 12]
/Channel/ProtocolEvent/timePeriod[u1, 13]
/Channel/ProtocolEvent/timePeriod[u1, 14]
/Channel/ProtocolEvent/timePeriod[u1, 15]
/Channel/ProtocolEvent/timePeriod[u1, 16]
/Channel/ProtocolEvent/timePeriod[u1, 17]
/Channel/ProtocolEvent/timePeriod[u1, 18]
/Channel/ProtocolEvent/timePeriod[u1, 19]
/Channel/ProtocolEvent/timePeriod[u1, 20]
/Channel/ProtocolEvent/timePeriod[u1, 21]
/Channel/ProtocolEvent/timePeriod[u1, 22]
/Channel/ProtocolEvent/timePeriod[u1, 23]
/Channel/ProtocolEvent/timePeriod[u1, 24]
/Channel/ProtocolEvent/timePeriod[u1, 25]
/Channel/ProtocolEvent/timePeriod[u1, 26]
/Channel/ProtocolEvent/timePeriod[u1, 27]
/Channel/ProtocolEvent/timePeriod[u1, 28]
/Channel/ProtocolEvent/timePeriod[u1, 29]
/Channel/ProtocolEvent/timePeriod[u1, 30]
/Channel/ProtocolEvent/timePeriod[u1, 31]
/Channel/ProtocolEvent/timePeriod[u1, 32]
/Channel/ProtocolEvent/timePeriod[u1, 33]
/Channel/ProtocolEvent/timePeriod[u1, 34]
/Channel/ProtocolEvent/timePeriod[u1, 35]
/Channel/ProtocolEvent/timePeriod[u1, 36]
/Channel/ProtocolEvent/timePeriod[u1, 37]
/Channel/ProtocolEvent/timePeriod[u1, 38]
/Channel/ProtocolEvent/timePeriod[u1, 39]
/Channel/ProtocolEvent/timePeriod[u1, 40]
/Channel/ProtocolEvent/timePeriod[u1, 41]
/Channel/ProtocolEvent/timePeriod[u1, 42]
/Channel/ProtocolEvent/timePeriod[u1, 43]
/Channel/ProtocolEvent/timePeriod[u1, 44]
/Channel/ProtocolEvent/timePeriod[u1, 45]
/Channel/ProtocolEvent/timePeriod[u1, 46]
/Channel/ProtocolEvent/timePeriod[u1, 47]
/Channel/ProtocolEvent/timePeriod[u1, 48]
/Channel/ProtocolEvent/timePeriod[u1, 49]
/Channel/ProtocolEvent/timePeriod[u1, 50]
/Channel/ProtocolEvent/timePeriod[u1, 51]
/Channel/ProtocolEvent/timePeriod[u1, 52]
/Channel/ProtocolEvent/timePeriod[u1, 53]
/Channel/ProtocolEvent/timePeriod[u1, 54]
/Channel/ProtocolEvent/timePeriod[u1, 55]
/Channel/ProtocolEvent/timePeriod[u1, 56]
/Channel/ProtocolEvent/timePeriod[u1, 57]
/Channel/ProtocolEvent/timePeriod[u1, 58]
/Channel/ProtocolEvent/timePeriod[u1, 59]
/Channel/ProtocolEvent/timePeriod[u1, 60]
/Channel/ProtocolEvent/timePeriod[u1, 61]
/Channel/ProtocolEvent/timePeriod[u1, 62]
/Channel/ProtocolEvent/timePeriod[u1, 63]
/Channel/ProtocolEvent/timePeriod[u1, 64]
/Channel/ProtocolEvent/timePeriod[u1, 65]
/Channel/ProtocolEvent/timePeriod[u1, 66]
/Channel/ProtocolEvent/timePeriod[u1, 67]
/Channel/ProtocolEvent/timePeriod[u1, 68]
/Channel/ProtocolEvent/timePeriod[u1, 69]
/Channel/ProtocolEvent/timePeriod[u1, 70]
/Channel/ProtocolEvent/timePeriod[u1, 71]
/Channel/ProtocolEvent/timePeriod[u1, 72]
/Channel/ProtocolEvent/timePeriod[u1, 73]
/Channel/ProtocolEvent/timePeriod[u1, 74]
/Channel/ProtocolEvent/timePeriod[u1, 75]
/Channel/ProtocolEvent/timePeriod[u1, 76]
/Channel/ProtocolEvent/timePeriod[u1, 77]
/Channel/ProtocolEvent/timePeriod[u1, 78]
/Channel/ProtocolEvent/timePeriod[u1, 79]
/Channel/ProtocolEvent/timePeriod[u1, 80]
/Channel/ProtocolEvent/timePeriod[u1, 81]
/Channel/ProtocolEvent/timePeriod[u1, 82]
/Channel/ProtocolEvent/timePeriod[u1, 83]
/Channel/ProtocolEvent/timePeriod[u1, 84]
/Channel/ProtocolEvent/timePeriod[u1, 85]
/Channel/ProtocolEvent/timePeriod[u1, 86]
/Channel/ProtocolEvent/timePeriod[u1, 87]
/Channel/ProtocolEvent/timePeriod[u1, 88]
/Channel/ProtocolEvent/timePeriod[u1, 89]
/Channel/ProtocolEvent/timePeriod[u1, 90]
/Channel/ProtocolEvent/timePeriod[u1, 91]
/Channel/ProtocolEvent/timePeriod[u1, 92]
/Channel/ProtocolEvent/timePeriod[u1, 93]
/Channel/ProtocolEvent/timePeriod[u1, 94]
/Channel/ProtocolEvent/timePeriod[u1, 95]
/Channel/ProtocolEvent/timePeriod[u1, 96]
/Channel/ProtocolEvent/timePeriod[u1, 97]
/Channel/ProtocolEvent/timePeriod[u1, 98]
/Channel/ProtocolEvent/timePeriod[u1, 99]
/Channel/ProtocolEvent/timePeriod[u1, 100]";False
protocolFilename;Log file name;;;4;Event (see module header);siehe Bausteinkopf;Name of the log file including the path;TYPE_STRING;No unit;0;;;/Channel/ProtocolEvent/protocolFilename[u<Channel numb>, <Line Index>];"/Channel/ProtocolEvent/protocolFilename[u1, 1]
/Channel/ProtocolEvent/protocolFilename[u1, 2]
/Channel/ProtocolEvent/protocolFilename[u1, 3]
/Channel/ProtocolEvent/protocolFilename[u1, 4]
/Channel/ProtocolEvent/protocolFilename[u1, 5]
/Channel/ProtocolEvent/protocolFilename[u1, 6]
/Channel/ProtocolEvent/protocolFilename[u1, 7]
/Channel/ProtocolEvent/protocolFilename[u1, 8]
/Channel/ProtocolEvent/protocolFilename[u1, 9]
/Channel/ProtocolEvent/protocolFilename[u1, 10]
/Channel/ProtocolEvent/protocolFilename[u1, 11]
/Channel/ProtocolEvent/protocolFilename[u1, 12]
/Channel/ProtocolEvent/protocolFilename[u1, 13]
/Channel/ProtocolEvent/protocolFilename[u1, 14]
/Channel/ProtocolEvent/protocolFilename[u1, 15]
/Channel/ProtocolEvent/protocolFilename[u1, 16]
/Channel/ProtocolEvent/protocolFilename[u1, 17]
/Channel/ProtocolEvent/protocolFilename[u1, 18]
/Channel/ProtocolEvent/protocolFilename[u1, 19]
/Channel/ProtocolEvent/protocolFilename[u1, 20]
/Channel/ProtocolEvent/protocolFilename[u1, 21]
/Channel/ProtocolEvent/protocolFilename[u1, 22]
/Channel/ProtocolEvent/protocolFilename[u1, 23]
/Channel/ProtocolEvent/protocolFilename[u1, 24]
/Channel/ProtocolEvent/protocolFilename[u1, 25]
/Channel/ProtocolEvent/protocolFilename[u1, 26]
/Channel/ProtocolEvent/protocolFilename[u1, 27]
/Channel/ProtocolEvent/protocolFilename[u1, 28]
/Channel/ProtocolEvent/protocolFilename[u1, 29]
/Channel/ProtocolEvent/protocolFilename[u1, 30]
/Channel/ProtocolEvent/protocolFilename[u1, 31]
/Channel/ProtocolEvent/protocolFilename[u1, 32]
/Channel/ProtocolEvent/protocolFilename[u1, 33]
/Channel/ProtocolEvent/protocolFilename[u1, 34]
/Channel/ProtocolEvent/protocolFilename[u1, 35]
/Channel/ProtocolEvent/protocolFilename[u1, 36]
/Channel/ProtocolEvent/protocolFilename[u1, 37]
/Channel/ProtocolEvent/protocolFilename[u1, 38]
/Channel/ProtocolEvent/protocolFilename[u1, 39]
/Channel/ProtocolEvent/protocolFilename[u1, 40]
/Channel/ProtocolEvent/protocolFilename[u1, 41]
/Channel/ProtocolEvent/protocolFilename[u1, 42]
/Channel/ProtocolEvent/protocolFilename[u1, 43]
/Channel/ProtocolEvent/protocolFilename[u1, 44]
/Channel/ProtocolEvent/protocolFilename[u1, 45]
/Channel/ProtocolEvent/protocolFilename[u1, 46]
/Channel/ProtocolEvent/protocolFilename[u1, 47]
/Channel/ProtocolEvent/protocolFilename[u1, 48]
/Channel/ProtocolEvent/protocolFilename[u1, 49]
/Channel/ProtocolEvent/protocolFilename[u1, 50]
/Channel/ProtocolEvent/protocolFilename[u1, 51]
/Channel/ProtocolEvent/protocolFilename[u1, 52]
/Channel/ProtocolEvent/protocolFilename[u1, 53]
/Channel/ProtocolEvent/protocolFilename[u1, 54]
/Channel/ProtocolEvent/protocolFilename[u1, 55]
/Channel/ProtocolEvent/protocolFilename[u1, 56]
/Channel/ProtocolEvent/protocolFilename[u1, 57]
/Channel/ProtocolEvent/protocolFilename[u1, 58]
/Channel/ProtocolEvent/protocolFilename[u1, 59]
/Channel/ProtocolEvent/protocolFilename[u1, 60]
/Channel/ProtocolEvent/protocolFilename[u1, 61]
/Channel/ProtocolEvent/protocolFilename[u1, 62]
/Channel/ProtocolEvent/protocolFilename[u1, 63]
/Channel/ProtocolEvent/protocolFilename[u1, 64]
/Channel/ProtocolEvent/protocolFilename[u1, 65]
/Channel/ProtocolEvent/protocolFilename[u1, 66]
/Channel/ProtocolEvent/protocolFilename[u1, 67]
/Channel/ProtocolEvent/protocolFilename[u1, 68]
/Channel/ProtocolEvent/protocolFilename[u1, 69]
/Channel/ProtocolEvent/protocolFilename[u1, 70]
/Channel/ProtocolEvent/protocolFilename[u1, 71]
/Channel/ProtocolEvent/protocolFilename[u1, 72]
/Channel/ProtocolEvent/protocolFilename[u1, 73]
/Channel/ProtocolEvent/protocolFilename[u1, 74]
/Channel/ProtocolEvent/protocolFilename[u1, 75]
/Channel/ProtocolEvent/protocolFilename[u1, 76]
/Channel/ProtocolEvent/protocolFilename[u1, 77]
/Channel/ProtocolEvent/protocolFilename[u1, 78]
/Channel/ProtocolEvent/protocolFilename[u1, 79]
/Channel/ProtocolEvent/protocolFilename[u1, 80]
/Channel/ProtocolEvent/protocolFilename[u1, 81]
/Channel/ProtocolEvent/protocolFilename[u1, 82]
/Channel/ProtocolEvent/protocolFilename[u1, 83]
/Channel/ProtocolEvent/protocolFilename[u1, 84]
/Channel/ProtocolEvent/protocolFilename[u1, 85]
/Channel/ProtocolEvent/protocolFilename[u1, 86]
/Channel/ProtocolEvent/protocolFilename[u1, 87]
/Channel/ProtocolEvent/protocolFilename[u1, 88]
/Channel/ProtocolEvent/protocolFilename[u1, 89]
/Channel/ProtocolEvent/protocolFilename[u1, 90]
/Channel/ProtocolEvent/protocolFilename[u1, 91]
/Channel/ProtocolEvent/protocolFilename[u1, 92]
/Channel/ProtocolEvent/protocolFilename[u1, 93]
/Channel/ProtocolEvent/protocolFilename[u1, 94]
/Channel/ProtocolEvent/protocolFilename[u1, 95]
/Channel/ProtocolEvent/protocolFilename[u1, 96]
/Channel/ProtocolEvent/protocolFilename[u1, 97]
/Channel/ProtocolEvent/protocolFilename[u1, 98]
/Channel/ProtocolEvent/protocolFilename[u1, 99]
/Channel/ProtocolEvent/protocolFilename[u1, 100]";False
resultPar1;General result value;;;18;Event (see module header);siehe Bausteinkopf;"General result value, the significance is a function of the event.
SYNC_ACT_ACTIVATE, SYNC_ACT_DEACTIVATE, and SYNC_ACT_FIRE: ID of the synchronous action.
All non-stated events do not supply this result value.";TYPE_UWORD;No unit;0;;;/Channel/ProtocolEvent/resultPar1[u<Channel numb>, <Line Index>];"/Channel/ProtocolEvent/resultPar1[u1, 1]
/Channel/ProtocolEvent/resultPar1[u1, 2]
/Channel/ProtocolEvent/resultPar1[u1, 3]
/Channel/ProtocolEvent/resultPar1[u1, 4]
/Channel/ProtocolEvent/resultPar1[u1, 5]
/Channel/ProtocolEvent/resultPar1[u1, 6]
/Channel/ProtocolEvent/resultPar1[u1, 7]
/Channel/ProtocolEvent/resultPar1[u1, 8]
/Channel/ProtocolEvent/resultPar1[u1, 9]
/Channel/ProtocolEvent/resultPar1[u1, 10]
/Channel/ProtocolEvent/resultPar1[u1, 11]
/Channel/ProtocolEvent/resultPar1[u1, 12]
/Channel/ProtocolEvent/resultPar1[u1, 13]
/Channel/ProtocolEvent/resultPar1[u1, 14]
/Channel/ProtocolEvent/resultPar1[u1, 15]
/Channel/ProtocolEvent/resultPar1[u1, 16]
/Channel/ProtocolEvent/resultPar1[u1, 17]
/Channel/ProtocolEvent/resultPar1[u1, 18]
/Channel/ProtocolEvent/resultPar1[u1, 19]
/Channel/ProtocolEvent/resultPar1[u1, 20]
/Channel/ProtocolEvent/resultPar1[u1, 21]
/Channel/ProtocolEvent/resultPar1[u1, 22]
/Channel/ProtocolEvent/resultPar1[u1, 23]
/Channel/ProtocolEvent/resultPar1[u1, 24]
/Channel/ProtocolEvent/resultPar1[u1, 25]
/Channel/ProtocolEvent/resultPar1[u1, 26]
/Channel/ProtocolEvent/resultPar1[u1, 27]
/Channel/ProtocolEvent/resultPar1[u1, 28]
/Channel/ProtocolEvent/resultPar1[u1, 29]
/Channel/ProtocolEvent/resultPar1[u1, 30]
/Channel/ProtocolEvent/resultPar1[u1, 31]
/Channel/ProtocolEvent/resultPar1[u1, 32]
/Channel/ProtocolEvent/resultPar1[u1, 33]
/Channel/ProtocolEvent/resultPar1[u1, 34]
/Channel/ProtocolEvent/resultPar1[u1, 35]
/Channel/ProtocolEvent/resultPar1[u1, 36]
/Channel/ProtocolEvent/resultPar1[u1, 37]
/Channel/ProtocolEvent/resultPar1[u1, 38]
/Channel/ProtocolEvent/resultPar1[u1, 39]
/Channel/ProtocolEvent/resultPar1[u1, 40]
/Channel/ProtocolEvent/resultPar1[u1, 41]
/Channel/ProtocolEvent/resultPar1[u1, 42]
/Channel/ProtocolEvent/resultPar1[u1, 43]
/Channel/ProtocolEvent/resultPar1[u1, 44]
/Channel/ProtocolEvent/resultPar1[u1, 45]
/Channel/ProtocolEvent/resultPar1[u1, 46]
/Channel/ProtocolEvent/resultPar1[u1, 47]
/Channel/ProtocolEvent/resultPar1[u1, 48]
/Channel/ProtocolEvent/resultPar1[u1, 49]
/Channel/ProtocolEvent/resultPar1[u1, 50]
/Channel/ProtocolEvent/resultPar1[u1, 51]
/Channel/ProtocolEvent/resultPar1[u1, 52]
/Channel/ProtocolEvent/resultPar1[u1, 53]
/Channel/ProtocolEvent/resultPar1[u1, 54]
/Channel/ProtocolEvent/resultPar1[u1, 55]
/Channel/ProtocolEvent/resultPar1[u1, 56]
/Channel/ProtocolEvent/resultPar1[u1, 57]
/Channel/ProtocolEvent/resultPar1[u1, 58]
/Channel/ProtocolEvent/resultPar1[u1, 59]
/Channel/ProtocolEvent/resultPar1[u1, 60]
/Channel/ProtocolEvent/resultPar1[u1, 61]
/Channel/ProtocolEvent/resultPar1[u1, 62]
/Channel/ProtocolEvent/resultPar1[u1, 63]
/Channel/ProtocolEvent/resultPar1[u1, 64]
/Channel/ProtocolEvent/resultPar1[u1, 65]
/Channel/ProtocolEvent/resultPar1[u1, 66]
/Channel/ProtocolEvent/resultPar1[u1, 67]
/Channel/ProtocolEvent/resultPar1[u1, 68]
/Channel/ProtocolEvent/resultPar1[u1, 69]
/Channel/ProtocolEvent/resultPar1[u1, 70]
/Channel/ProtocolEvent/resultPar1[u1, 71]
/Channel/ProtocolEvent/resultPar1[u1, 72]
/Channel/ProtocolEvent/resultPar1[u1, 73]
/Channel/ProtocolEvent/resultPar1[u1, 74]
/Channel/ProtocolEvent/resultPar1[u1, 75]
/Channel/ProtocolEvent/resultPar1[u1, 76]
/Channel/ProtocolEvent/resultPar1[u1, 77]
/Channel/ProtocolEvent/resultPar1[u1, 78]
/Channel/ProtocolEvent/resultPar1[u1, 79]
/Channel/ProtocolEvent/resultPar1[u1, 80]
/Channel/ProtocolEvent/resultPar1[u1, 81]
/Channel/ProtocolEvent/resultPar1[u1, 82]
/Channel/ProtocolEvent/resultPar1[u1, 83]
/Channel/ProtocolEvent/resultPar1[u1, 84]
/Channel/ProtocolEvent/resultPar1[u1, 85]
/Channel/ProtocolEvent/resultPar1[u1, 86]
/Channel/ProtocolEvent/resultPar1[u1, 87]
/Channel/ProtocolEvent/resultPar1[u1, 88]
/Channel/ProtocolEvent/resultPar1[u1, 89]
/Channel/ProtocolEvent/resultPar1[u1, 90]
/Channel/ProtocolEvent/resultPar1[u1, 91]
/Channel/ProtocolEvent/resultPar1[u1, 92]
/Channel/ProtocolEvent/resultPar1[u1, 93]
/Channel/ProtocolEvent/resultPar1[u1, 94]
/Channel/ProtocolEvent/resultPar1[u1, 95]
/Channel/ProtocolEvent/resultPar1[u1, 96]
/Channel/ProtocolEvent/resultPar1[u1, 97]
/Channel/ProtocolEvent/resultPar1[u1, 98]
/Channel/ProtocolEvent/resultPar1[u1, 99]
/Channel/ProtocolEvent/resultPar1[u1, 100]";False
skip;Number of events to be skipped;;;3;Event (see module header);siehe Bausteinkopf;Number of events to be skipped;TYPE_UWORD;No unit;0;0.0;;/Channel/ProtocolEvent/skip[u<Channel numb>, <Line Index>];"/Channel/ProtocolEvent/skip[u1, 1]
/Channel/ProtocolEvent/skip[u1, 2]
/Channel/ProtocolEvent/skip[u1, 3]
/Channel/ProtocolEvent/skip[u1, 4]
/Channel/ProtocolEvent/skip[u1, 5]
/Channel/ProtocolEvent/skip[u1, 6]
/Channel/ProtocolEvent/skip[u1, 7]
/Channel/ProtocolEvent/skip[u1, 8]
/Channel/ProtocolEvent/skip[u1, 9]
/Channel/ProtocolEvent/skip[u1, 10]
/Channel/ProtocolEvent/skip[u1, 11]
/Channel/ProtocolEvent/skip[u1, 12]
/Channel/ProtocolEvent/skip[u1, 13]
/Channel/ProtocolEvent/skip[u1, 14]
/Channel/ProtocolEvent/skip[u1, 15]
/Channel/ProtocolEvent/skip[u1, 16]
/Channel/ProtocolEvent/skip[u1, 17]
/Channel/ProtocolEvent/skip[u1, 18]
/Channel/ProtocolEvent/skip[u1, 19]
/Channel/ProtocolEvent/skip[u1, 20]
/Channel/ProtocolEvent/skip[u1, 21]
/Channel/ProtocolEvent/skip[u1, 22]
/Channel/ProtocolEvent/skip[u1, 23]
/Channel/ProtocolEvent/skip[u1, 24]
/Channel/ProtocolEvent/skip[u1, 25]
/Channel/ProtocolEvent/skip[u1, 26]
/Channel/ProtocolEvent/skip[u1, 27]
/Channel/ProtocolEvent/skip[u1, 28]
/Channel/ProtocolEvent/skip[u1, 29]
/Channel/ProtocolEvent/skip[u1, 30]
/Channel/ProtocolEvent/skip[u1, 31]
/Channel/ProtocolEvent/skip[u1, 32]
/Channel/ProtocolEvent/skip[u1, 33]
/Channel/ProtocolEvent/skip[u1, 34]
/Channel/ProtocolEvent/skip[u1, 35]
/Channel/ProtocolEvent/skip[u1, 36]
/Channel/ProtocolEvent/skip[u1, 37]
/Channel/ProtocolEvent/skip[u1, 38]
/Channel/ProtocolEvent/skip[u1, 39]
/Channel/ProtocolEvent/skip[u1, 40]
/Channel/ProtocolEvent/skip[u1, 41]
/Channel/ProtocolEvent/skip[u1, 42]
/Channel/ProtocolEvent/skip[u1, 43]
/Channel/ProtocolEvent/skip[u1, 44]
/Channel/ProtocolEvent/skip[u1, 45]
/Channel/ProtocolEvent/skip[u1, 46]
/Channel/ProtocolEvent/skip[u1, 47]
/Channel/ProtocolEvent/skip[u1, 48]
/Channel/ProtocolEvent/skip[u1, 49]
/Channel/ProtocolEvent/skip[u1, 50]
/Channel/ProtocolEvent/skip[u1, 51]
/Channel/ProtocolEvent/skip[u1, 52]
/Channel/ProtocolEvent/skip[u1, 53]
/Channel/ProtocolEvent/skip[u1, 54]
/Channel/ProtocolEvent/skip[u1, 55]
/Channel/ProtocolEvent/skip[u1, 56]
/Channel/ProtocolEvent/skip[u1, 57]
/Channel/ProtocolEvent/skip[u1, 58]
/Channel/ProtocolEvent/skip[u1, 59]
/Channel/ProtocolEvent/skip[u1, 60]
/Channel/ProtocolEvent/skip[u1, 61]
/Channel/ProtocolEvent/skip[u1, 62]
/Channel/ProtocolEvent/skip[u1, 63]
/Channel/ProtocolEvent/skip[u1, 64]
/Channel/ProtocolEvent/skip[u1, 65]
/Channel/ProtocolEvent/skip[u1, 66]
/Channel/ProtocolEvent/skip[u1, 67]
/Channel/ProtocolEvent/skip[u1, 68]
/Channel/ProtocolEvent/skip[u1, 69]
/Channel/ProtocolEvent/skip[u1, 70]
/Channel/ProtocolEvent/skip[u1, 71]
/Channel/ProtocolEvent/skip[u1, 72]
/Channel/ProtocolEvent/skip[u1, 73]
/Channel/ProtocolEvent/skip[u1, 74]
/Channel/ProtocolEvent/skip[u1, 75]
/Channel/ProtocolEvent/skip[u1, 76]
/Channel/ProtocolEvent/skip[u1, 77]
/Channel/ProtocolEvent/skip[u1, 78]
/Channel/ProtocolEvent/skip[u1, 79]
/Channel/ProtocolEvent/skip[u1, 80]
/Channel/ProtocolEvent/skip[u1, 81]
/Channel/ProtocolEvent/skip[u1, 82]
/Channel/ProtocolEvent/skip[u1, 83]
/Channel/ProtocolEvent/skip[u1, 84]
/Channel/ProtocolEvent/skip[u1, 85]
/Channel/ProtocolEvent/skip[u1, 86]
/Channel/ProtocolEvent/skip[u1, 87]
/Channel/ProtocolEvent/skip[u1, 88]
/Channel/ProtocolEvent/skip[u1, 89]
/Channel/ProtocolEvent/skip[u1, 90]
/Channel/ProtocolEvent/skip[u1, 91]
/Channel/ProtocolEvent/skip[u1, 92]
/Channel/ProtocolEvent/skip[u1, 93]
/Channel/ProtocolEvent/skip[u1, 94]
/Channel/ProtocolEvent/skip[u1, 95]
/Channel/ProtocolEvent/skip[u1, 96]
/Channel/ProtocolEvent/skip[u1, 97]
/Channel/ProtocolEvent/skip[u1, 98]
/Channel/ProtocolEvent/skip[u1, 99]
/Channel/ProtocolEvent/skip[u1, 100]";False
startTriggerLock;Processing block for the start trigger;;;16;;;"Setting, whether the start trigger is not to be processed during this event.

Value Range:
0: Trigger is processed
1: Trigger is not processed";TYPE_UWORD;No unit;0;0.0;1;/Channel/ProtocolEvent/startTriggerLock[u<Channel numb>];/Channel/ProtocolEvent/startTriggerLock[u1];False
stopTriggerLock;Processing block for the stop trigger;;;17;;;"Setting, whether the stop trigger is not to be processed during this event.

Value Range:
0: Trigger is processed
1: Trigger is not processed";TYPE_UWORD;No unit;0;0.0;1;/Channel/ProtocolEvent/stopTriggerLock[u<Channel numb>];/Channel/ProtocolEvent/stopTriggerLock[u1];False
suppressProtLock;traceProtocolLock is inactive;;;19;1;1;"Clears the effect of traceProtocolLock

Value Range:
0: The disable is active
1: The disable is canceled for this event";TYPE_UWORD;No unit;0;0.0;1;/Channel/ProtocolEvent/suppressProtLock[u<Channel numb>, <Line Index>];"/Channel/ProtocolEvent/suppressProtLock[u1, 1]
/Channel/ProtocolEvent/suppressProtLock[u1, 2]
/Channel/ProtocolEvent/suppressProtLock[u1, 3]
/Channel/ProtocolEvent/suppressProtLock[u1, 4]
/Channel/ProtocolEvent/suppressProtLock[u1, 5]
/Channel/ProtocolEvent/suppressProtLock[u1, 6]
/Channel/ProtocolEvent/suppressProtLock[u1, 7]
/Channel/ProtocolEvent/suppressProtLock[u1, 8]
/Channel/ProtocolEvent/suppressProtLock[u1, 9]
/Channel/ProtocolEvent/suppressProtLock[u1, 10]
/Channel/ProtocolEvent/suppressProtLock[u1, 11]
/Channel/ProtocolEvent/suppressProtLock[u1, 12]
/Channel/ProtocolEvent/suppressProtLock[u1, 13]
/Channel/ProtocolEvent/suppressProtLock[u1, 14]
/Channel/ProtocolEvent/suppressProtLock[u1, 15]
/Channel/ProtocolEvent/suppressProtLock[u1, 16]
/Channel/ProtocolEvent/suppressProtLock[u1, 17]
/Channel/ProtocolEvent/suppressProtLock[u1, 18]
/Channel/ProtocolEvent/suppressProtLock[u1, 19]
/Channel/ProtocolEvent/suppressProtLock[u1, 20]
/Channel/ProtocolEvent/suppressProtLock[u1, 21]
/Channel/ProtocolEvent/suppressProtLock[u1, 22]
/Channel/ProtocolEvent/suppressProtLock[u1, 23]
/Channel/ProtocolEvent/suppressProtLock[u1, 24]
/Channel/ProtocolEvent/suppressProtLock[u1, 25]
/Channel/ProtocolEvent/suppressProtLock[u1, 26]
/Channel/ProtocolEvent/suppressProtLock[u1, 27]
/Channel/ProtocolEvent/suppressProtLock[u1, 28]
/Channel/ProtocolEvent/suppressProtLock[u1, 29]
/Channel/ProtocolEvent/suppressProtLock[u1, 30]
/Channel/ProtocolEvent/suppressProtLock[u1, 31]
/Channel/ProtocolEvent/suppressProtLock[u1, 32]
/Channel/ProtocolEvent/suppressProtLock[u1, 33]
/Channel/ProtocolEvent/suppressProtLock[u1, 34]
/Channel/ProtocolEvent/suppressProtLock[u1, 35]
/Channel/ProtocolEvent/suppressProtLock[u1, 36]
/Channel/ProtocolEvent/suppressProtLock[u1, 37]
/Channel/ProtocolEvent/suppressProtLock[u1, 38]
/Channel/ProtocolEvent/suppressProtLock[u1, 39]
/Channel/ProtocolEvent/suppressProtLock[u1, 40]
/Channel/ProtocolEvent/suppressProtLock[u1, 41]
/Channel/ProtocolEvent/suppressProtLock[u1, 42]
/Channel/ProtocolEvent/suppressProtLock[u1, 43]
/Channel/ProtocolEvent/suppressProtLock[u1, 44]
/Channel/ProtocolEvent/suppressProtLock[u1, 45]
/Channel/ProtocolEvent/suppressProtLock[u1, 46]
/Channel/ProtocolEvent/suppressProtLock[u1, 47]
/Channel/ProtocolEvent/suppressProtLock[u1, 48]
/Channel/ProtocolEvent/suppressProtLock[u1, 49]
/Channel/ProtocolEvent/suppressProtLock[u1, 50]
/Channel/ProtocolEvent/suppressProtLock[u1, 51]
/Channel/ProtocolEvent/suppressProtLock[u1, 52]
/Channel/ProtocolEvent/suppressProtLock[u1, 53]
/Channel/ProtocolEvent/suppressProtLock[u1, 54]
/Channel/ProtocolEvent/suppressProtLock[u1, 55]
/Channel/ProtocolEvent/suppressProtLock[u1, 56]
/Channel/ProtocolEvent/suppressProtLock[u1, 57]
/Channel/ProtocolEvent/suppressProtLock[u1, 58]
/Channel/ProtocolEvent/suppressProtLock[u1, 59]
/Channel/ProtocolEvent/suppressProtLock[u1, 60]
/Channel/ProtocolEvent/suppressProtLock[u1, 61]
/Channel/ProtocolEvent/suppressProtLock[u1, 62]
/Channel/ProtocolEvent/suppressProtLock[u1, 63]
/Channel/ProtocolEvent/suppressProtLock[u1, 64]
/Channel/ProtocolEvent/suppressProtLock[u1, 65]
/Channel/ProtocolEvent/suppressProtLock[u1, 66]
/Channel/ProtocolEvent/suppressProtLock[u1, 67]
/Channel/ProtocolEvent/suppressProtLock[u1, 68]
/Channel/ProtocolEvent/suppressProtLock[u1, 69]
/Channel/ProtocolEvent/suppressProtLock[u1, 70]
/Channel/ProtocolEvent/suppressProtLock[u1, 71]
/Channel/ProtocolEvent/suppressProtLock[u1, 72]
/Channel/ProtocolEvent/suppressProtLock[u1, 73]
/Channel/ProtocolEvent/suppressProtLock[u1, 74]
/Channel/ProtocolEvent/suppressProtLock[u1, 75]
/Channel/ProtocolEvent/suppressProtLock[u1, 76]
/Channel/ProtocolEvent/suppressProtLock[u1, 77]
/Channel/ProtocolEvent/suppressProtLock[u1, 78]
/Channel/ProtocolEvent/suppressProtLock[u1, 79]
/Channel/ProtocolEvent/suppressProtLock[u1, 80]
/Channel/ProtocolEvent/suppressProtLock[u1, 81]
/Channel/ProtocolEvent/suppressProtLock[u1, 82]
/Channel/ProtocolEvent/suppressProtLock[u1, 83]
/Channel/ProtocolEvent/suppressProtLock[u1, 84]
/Channel/ProtocolEvent/suppressProtLock[u1, 85]
/Channel/ProtocolEvent/suppressProtLock[u1, 86]
/Channel/ProtocolEvent/suppressProtLock[u1, 87]
/Channel/ProtocolEvent/suppressProtLock[u1, 88]
/Channel/ProtocolEvent/suppressProtLock[u1, 89]
/Channel/ProtocolEvent/suppressProtLock[u1, 90]
/Channel/ProtocolEvent/suppressProtLock[u1, 91]
/Channel/ProtocolEvent/suppressProtLock[u1, 92]
/Channel/ProtocolEvent/suppressProtLock[u1, 93]
/Channel/ProtocolEvent/suppressProtLock[u1, 94]
/Channel/ProtocolEvent/suppressProtLock[u1, 95]
/Channel/ProtocolEvent/suppressProtLock[u1, 96]
/Channel/ProtocolEvent/suppressProtLock[u1, 97]
/Channel/ProtocolEvent/suppressProtLock[u1, 98]
/Channel/ProtocolEvent/suppressProtLock[u1, 99]
/Channel/ProtocolEvent/suppressProtLock[u1, 100]";False
linShift;Translation of a settable frame;"$P_UIFR[x,y,TR]
x=FrameNo,y=Axis";;1;"Frame
Frame index * (numGeoAxes+numAuxAxes) + axis number";$MC_MM_NUM_USER_FRAMES * (numGeoAxes + numAuxAxes);Translation of settable work offset (the physical unit is defined in basicLengthUnit in module Y in area N).;TYPE_DOUBLE;Linear position (mm, inch or user defined);;;;/Channel/UserFrame/linShift[u<Channel numb>, <Line Index>];"/Channel/UserFrame/linShift[u1, 1]
/Channel/UserFrame/linShift[u1, 2]
/Channel/UserFrame/linShift[u1, 3]
/Channel/UserFrame/linShift[u1, 4]
/Channel/UserFrame/linShift[u1, 5]
/Channel/UserFrame/linShift[u1, 6]
/Channel/UserFrame/linShift[u1, 7]
/Channel/UserFrame/linShift[u1, 8]
/Channel/UserFrame/linShift[u1, 9]
/Channel/UserFrame/linShift[u1, 10]
/Channel/UserFrame/linShift[u1, 11]
/Channel/UserFrame/linShift[u1, 12]
/Channel/UserFrame/linShift[u1, 13]
/Channel/UserFrame/linShift[u1, 14]
/Channel/UserFrame/linShift[u1, 15]
/Channel/UserFrame/linShift[u1, 16]
/Channel/UserFrame/linShift[u1, 17]
/Channel/UserFrame/linShift[u1, 18]
/Channel/UserFrame/linShift[u1, 19]
/Channel/UserFrame/linShift[u1, 20]
/Channel/UserFrame/linShift[u1, 21]
/Channel/UserFrame/linShift[u1, 22]
/Channel/UserFrame/linShift[u1, 23]
/Channel/UserFrame/linShift[u1, 24]
/Channel/UserFrame/linShift[u1, 25]
/Channel/UserFrame/linShift[u1, 26]
/Channel/UserFrame/linShift[u1, 27]
/Channel/UserFrame/linShift[u1, 28]
/Channel/UserFrame/linShift[u1, 29]
/Channel/UserFrame/linShift[u1, 30]
/Channel/UserFrame/linShift[u1, 31]
/Channel/UserFrame/linShift[u1, 32]
/Channel/UserFrame/linShift[u1, 33]
/Channel/UserFrame/linShift[u1, 34]
/Channel/UserFrame/linShift[u1, 35]
/Channel/UserFrame/linShift[u1, 36]
/Channel/UserFrame/linShift[u1, 37]
/Channel/UserFrame/linShift[u1, 38]
/Channel/UserFrame/linShift[u1, 39]
/Channel/UserFrame/linShift[u1, 40]
/Channel/UserFrame/linShift[u1, 41]
/Channel/UserFrame/linShift[u1, 42]
/Channel/UserFrame/linShift[u1, 43]
/Channel/UserFrame/linShift[u1, 44]
/Channel/UserFrame/linShift[u1, 45]
/Channel/UserFrame/linShift[u1, 46]
/Channel/UserFrame/linShift[u1, 47]
/Channel/UserFrame/linShift[u1, 48]
/Channel/UserFrame/linShift[u1, 49]
/Channel/UserFrame/linShift[u1, 50]
/Channel/UserFrame/linShift[u1, 51]
/Channel/UserFrame/linShift[u1, 52]
/Channel/UserFrame/linShift[u1, 53]
/Channel/UserFrame/linShift[u1, 54]
/Channel/UserFrame/linShift[u1, 55]
/Channel/UserFrame/linShift[u1, 56]
/Channel/UserFrame/linShift[u1, 57]
/Channel/UserFrame/linShift[u1, 58]
/Channel/UserFrame/linShift[u1, 59]
/Channel/UserFrame/linShift[u1, 60]
/Channel/UserFrame/linShift[u1, 61]
/Channel/UserFrame/linShift[u1, 62]
/Channel/UserFrame/linShift[u1, 63]
/Channel/UserFrame/linShift[u1, 64]
/Channel/UserFrame/linShift[u1, 65]
/Channel/UserFrame/linShift[u1, 66]
/Channel/UserFrame/linShift[u1, 67]
/Channel/UserFrame/linShift[u1, 68]
/Channel/UserFrame/linShift[u1, 69]
/Channel/UserFrame/linShift[u1, 70]
/Channel/UserFrame/linShift[u1, 71]
/Channel/UserFrame/linShift[u1, 72]
/Channel/UserFrame/linShift[u1, 73]
/Channel/UserFrame/linShift[u1, 74]
/Channel/UserFrame/linShift[u1, 75]
/Channel/UserFrame/linShift[u1, 76]
/Channel/UserFrame/linShift[u1, 77]
/Channel/UserFrame/linShift[u1, 78]
/Channel/UserFrame/linShift[u1, 79]
/Channel/UserFrame/linShift[u1, 80]
/Channel/UserFrame/linShift[u1, 81]
/Channel/UserFrame/linShift[u1, 82]
/Channel/UserFrame/linShift[u1, 83]
/Channel/UserFrame/linShift[u1, 84]
/Channel/UserFrame/linShift[u1, 85]
/Channel/UserFrame/linShift[u1, 86]
/Channel/UserFrame/linShift[u1, 87]
/Channel/UserFrame/linShift[u1, 88]
/Channel/UserFrame/linShift[u1, 89]
/Channel/UserFrame/linShift[u1, 90]
/Channel/UserFrame/linShift[u1, 91]
/Channel/UserFrame/linShift[u1, 92]
/Channel/UserFrame/linShift[u1, 93]
/Channel/UserFrame/linShift[u1, 94]
/Channel/UserFrame/linShift[u1, 95]
/Channel/UserFrame/linShift[u1, 96]
/Channel/UserFrame/linShift[u1, 97]
/Channel/UserFrame/linShift[u1, 98]
/Channel/UserFrame/linShift[u1, 99]
/Channel/UserFrame/linShift[u1, 100]";False
aaCpDefLa;Defined leading axis of the following axis;$AA_CPDEFLA[ax,n];;2;See description below;;"The axis index of the nth leading axis which has been defined for the specified following axis

Value Range:
-1 = the specified coupling is not defined
or n == 0
or n > aaCpNumDefLa (= number of defined leading axes of the following axis) 

Line index:
low byte: axis index of following axis (>= 1)
high byte: serial number of leading axis n (>= 1)";TYPE_UWORD;No unit;-1;-1.0;;/Channel/GenericCoupling/aaCpDefLa[u<Channel numb>, <Line Index>];"/Channel/GenericCoupling/aaCpDefLa[u1, 1]
/Channel/GenericCoupling/aaCpDefLa[u1, 2]
/Channel/GenericCoupling/aaCpDefLa[u1, 3]
/Channel/GenericCoupling/aaCpDefLa[u1, 4]
/Channel/GenericCoupling/aaCpDefLa[u1, 5]
/Channel/GenericCoupling/aaCpDefLa[u1, 6]
/Channel/GenericCoupling/aaCpDefLa[u1, 10]
/Channel/GenericCoupling/aaCpDefLa[u1, 12]";False
linShiftFine;Fine offset for frames;"$P_UIFR[x,y,FI]
x=FrameNo,y=Axis";;6;"Frame
Frame index * (numGeoAxes+numAuxAxes) + axis number";$MC_MM_NUM_USER_FRAMES * (numGeoAxes + numAuxAxes);Fine offset with frames, expansion of basic frames and settable frames;TYPE_DOUBLE;Linear position (mm, inch or user defined);;;;/Channel/UserFrame/linShiftFine[u<Channel numb>, <Line Index>];"/Channel/UserFrame/linShiftFine[u1, 1]
/Channel/UserFrame/linShiftFine[u1, 2]
/Channel/UserFrame/linShiftFine[u1, 3]
/Channel/UserFrame/linShiftFine[u1, 4]
/Channel/UserFrame/linShiftFine[u1, 5]
/Channel/UserFrame/linShiftFine[u1, 6]
/Channel/UserFrame/linShiftFine[u1, 7]
/Channel/UserFrame/linShiftFine[u1, 8]
/Channel/UserFrame/linShiftFine[u1, 9]
/Channel/UserFrame/linShiftFine[u1, 10]
/Channel/UserFrame/linShiftFine[u1, 11]
/Channel/UserFrame/linShiftFine[u1, 12]
/Channel/UserFrame/linShiftFine[u1, 13]
/Channel/UserFrame/linShiftFine[u1, 14]
/Channel/UserFrame/linShiftFine[u1, 15]
/Channel/UserFrame/linShiftFine[u1, 16]
/Channel/UserFrame/linShiftFine[u1, 17]
/Channel/UserFrame/linShiftFine[u1, 18]
/Channel/UserFrame/linShiftFine[u1, 19]
/Channel/UserFrame/linShiftFine[u1, 20]
/Channel/UserFrame/linShiftFine[u1, 21]
/Channel/UserFrame/linShiftFine[u1, 22]
/Channel/UserFrame/linShiftFine[u1, 23]
/Channel/UserFrame/linShiftFine[u1, 24]
/Channel/UserFrame/linShiftFine[u1, 25]
/Channel/UserFrame/linShiftFine[u1, 26]
/Channel/UserFrame/linShiftFine[u1, 27]
/Channel/UserFrame/linShiftFine[u1, 28]
/Channel/UserFrame/linShiftFine[u1, 29]
/Channel/UserFrame/linShiftFine[u1, 30]
/Channel/UserFrame/linShiftFine[u1, 31]
/Channel/UserFrame/linShiftFine[u1, 32]
/Channel/UserFrame/linShiftFine[u1, 33]
/Channel/UserFrame/linShiftFine[u1, 34]
/Channel/UserFrame/linShiftFine[u1, 35]
/Channel/UserFrame/linShiftFine[u1, 36]
/Channel/UserFrame/linShiftFine[u1, 37]
/Channel/UserFrame/linShiftFine[u1, 38]
/Channel/UserFrame/linShiftFine[u1, 39]
/Channel/UserFrame/linShiftFine[u1, 40]
/Channel/UserFrame/linShiftFine[u1, 41]
/Channel/UserFrame/linShiftFine[u1, 42]
/Channel/UserFrame/linShiftFine[u1, 43]
/Channel/UserFrame/linShiftFine[u1, 44]
/Channel/UserFrame/linShiftFine[u1, 45]
/Channel/UserFrame/linShiftFine[u1, 46]
/Channel/UserFrame/linShiftFine[u1, 47]
/Channel/UserFrame/linShiftFine[u1, 48]
/Channel/UserFrame/linShiftFine[u1, 49]
/Channel/UserFrame/linShiftFine[u1, 50]
/Channel/UserFrame/linShiftFine[u1, 51]
/Channel/UserFrame/linShiftFine[u1, 52]
/Channel/UserFrame/linShiftFine[u1, 53]
/Channel/UserFrame/linShiftFine[u1, 54]
/Channel/UserFrame/linShiftFine[u1, 55]
/Channel/UserFrame/linShiftFine[u1, 56]
/Channel/UserFrame/linShiftFine[u1, 57]
/Channel/UserFrame/linShiftFine[u1, 58]
/Channel/UserFrame/linShiftFine[u1, 59]
/Channel/UserFrame/linShiftFine[u1, 60]
/Channel/UserFrame/linShiftFine[u1, 61]
/Channel/UserFrame/linShiftFine[u1, 62]
/Channel/UserFrame/linShiftFine[u1, 63]
/Channel/UserFrame/linShiftFine[u1, 64]
/Channel/UserFrame/linShiftFine[u1, 65]
/Channel/UserFrame/linShiftFine[u1, 66]
/Channel/UserFrame/linShiftFine[u1, 67]
/Channel/UserFrame/linShiftFine[u1, 68]
/Channel/UserFrame/linShiftFine[u1, 69]
/Channel/UserFrame/linShiftFine[u1, 70]
/Channel/UserFrame/linShiftFine[u1, 71]
/Channel/UserFrame/linShiftFine[u1, 72]
/Channel/UserFrame/linShiftFine[u1, 73]
/Channel/UserFrame/linShiftFine[u1, 74]
/Channel/UserFrame/linShiftFine[u1, 75]
/Channel/UserFrame/linShiftFine[u1, 76]
/Channel/UserFrame/linShiftFine[u1, 77]
/Channel/UserFrame/linShiftFine[u1, 78]
/Channel/UserFrame/linShiftFine[u1, 79]
/Channel/UserFrame/linShiftFine[u1, 80]
/Channel/UserFrame/linShiftFine[u1, 81]
/Channel/UserFrame/linShiftFine[u1, 82]
/Channel/UserFrame/linShiftFine[u1, 83]
/Channel/UserFrame/linShiftFine[u1, 84]
/Channel/UserFrame/linShiftFine[u1, 85]
/Channel/UserFrame/linShiftFine[u1, 86]
/Channel/UserFrame/linShiftFine[u1, 87]
/Channel/UserFrame/linShiftFine[u1, 88]
/Channel/UserFrame/linShiftFine[u1, 89]
/Channel/UserFrame/linShiftFine[u1, 90]
/Channel/UserFrame/linShiftFine[u1, 91]
/Channel/UserFrame/linShiftFine[u1, 92]
/Channel/UserFrame/linShiftFine[u1, 93]
/Channel/UserFrame/linShiftFine[u1, 94]
/Channel/UserFrame/linShiftFine[u1, 95]
/Channel/UserFrame/linShiftFine[u1, 96]
/Channel/UserFrame/linShiftFine[u1, 97]
/Channel/UserFrame/linShiftFine[u1, 98]
/Channel/UserFrame/linShiftFine[u1, 99]
/Channel/UserFrame/linShiftFine[u1, 100]";False
mirrorImgActive;Mirroring enabled in a settable frame;"$P_UIFR[x,y,MI]
x
=
FrameNo,y=Axis";;4;"Frame
Frame index * (numGeoAxes+numAuxAxes) + axis number";$MC_MM_NUM_USER_FRAMES * (numGeoAxes + numAuxAxes);"Mirroring enabled in a settable work offset

Value Range:
0 = mirroring not active
1 = mirroring active";TYPE_UWORD;No unit;;;;/Channel/UserFrame/mirrorImgActive[u<Channel numb>, <Line Index>];"/Channel/UserFrame/mirrorImgActive[u1, 1]
/Channel/UserFrame/mirrorImgActive[u1, 2]
/Channel/UserFrame/mirrorImgActive[u1, 3]
/Channel/UserFrame/mirrorImgActive[u1, 4]
/Channel/UserFrame/mirrorImgActive[u1, 5]
/Channel/UserFrame/mirrorImgActive[u1, 6]
/Channel/UserFrame/mirrorImgActive[u1, 7]
/Channel/UserFrame/mirrorImgActive[u1, 8]
/Channel/UserFrame/mirrorImgActive[u1, 9]
/Channel/UserFrame/mirrorImgActive[u1, 10]
/Channel/UserFrame/mirrorImgActive[u1, 11]
/Channel/UserFrame/mirrorImgActive[u1, 12]
/Channel/UserFrame/mirrorImgActive[u1, 13]
/Channel/UserFrame/mirrorImgActive[u1, 14]
/Channel/UserFrame/mirrorImgActive[u1, 15]
/Channel/UserFrame/mirrorImgActive[u1, 16]
/Channel/UserFrame/mirrorImgActive[u1, 17]
/Channel/UserFrame/mirrorImgActive[u1, 18]
/Channel/UserFrame/mirrorImgActive[u1, 19]
/Channel/UserFrame/mirrorImgActive[u1, 20]
/Channel/UserFrame/mirrorImgActive[u1, 21]
/Channel/UserFrame/mirrorImgActive[u1, 22]
/Channel/UserFrame/mirrorImgActive[u1, 23]
/Channel/UserFrame/mirrorImgActive[u1, 24]
/Channel/UserFrame/mirrorImgActive[u1, 25]
/Channel/UserFrame/mirrorImgActive[u1, 26]
/Channel/UserFrame/mirrorImgActive[u1, 27]
/Channel/UserFrame/mirrorImgActive[u1, 28]
/Channel/UserFrame/mirrorImgActive[u1, 29]
/Channel/UserFrame/mirrorImgActive[u1, 30]
/Channel/UserFrame/mirrorImgActive[u1, 31]
/Channel/UserFrame/mirrorImgActive[u1, 32]
/Channel/UserFrame/mirrorImgActive[u1, 33]
/Channel/UserFrame/mirrorImgActive[u1, 34]
/Channel/UserFrame/mirrorImgActive[u1, 35]
/Channel/UserFrame/mirrorImgActive[u1, 36]
/Channel/UserFrame/mirrorImgActive[u1, 37]
/Channel/UserFrame/mirrorImgActive[u1, 38]
/Channel/UserFrame/mirrorImgActive[u1, 39]
/Channel/UserFrame/mirrorImgActive[u1, 40]
/Channel/UserFrame/mirrorImgActive[u1, 41]
/Channel/UserFrame/mirrorImgActive[u1, 42]
/Channel/UserFrame/mirrorImgActive[u1, 43]
/Channel/UserFrame/mirrorImgActive[u1, 44]
/Channel/UserFrame/mirrorImgActive[u1, 45]
/Channel/UserFrame/mirrorImgActive[u1, 46]
/Channel/UserFrame/mirrorImgActive[u1, 47]
/Channel/UserFrame/mirrorImgActive[u1, 48]
/Channel/UserFrame/mirrorImgActive[u1, 49]
/Channel/UserFrame/mirrorImgActive[u1, 50]
/Channel/UserFrame/mirrorImgActive[u1, 51]
/Channel/UserFrame/mirrorImgActive[u1, 52]
/Channel/UserFrame/mirrorImgActive[u1, 53]
/Channel/UserFrame/mirrorImgActive[u1, 54]
/Channel/UserFrame/mirrorImgActive[u1, 55]
/Channel/UserFrame/mirrorImgActive[u1, 56]
/Channel/UserFrame/mirrorImgActive[u1, 57]
/Channel/UserFrame/mirrorImgActive[u1, 58]
/Channel/UserFrame/mirrorImgActive[u1, 59]
/Channel/UserFrame/mirrorImgActive[u1, 60]
/Channel/UserFrame/mirrorImgActive[u1, 61]
/Channel/UserFrame/mirrorImgActive[u1, 62]
/Channel/UserFrame/mirrorImgActive[u1, 63]
/Channel/UserFrame/mirrorImgActive[u1, 64]
/Channel/UserFrame/mirrorImgActive[u1, 65]
/Channel/UserFrame/mirrorImgActive[u1, 66]
/Channel/UserFrame/mirrorImgActive[u1, 67]
/Channel/UserFrame/mirrorImgActive[u1, 68]
/Channel/UserFrame/mirrorImgActive[u1, 69]
/Channel/UserFrame/mirrorImgActive[u1, 70]
/Channel/UserFrame/mirrorImgActive[u1, 71]
/Channel/UserFrame/mirrorImgActive[u1, 72]
/Channel/UserFrame/mirrorImgActive[u1, 73]
/Channel/UserFrame/mirrorImgActive[u1, 74]
/Channel/UserFrame/mirrorImgActive[u1, 75]
/Channel/UserFrame/mirrorImgActive[u1, 76]
/Channel/UserFrame/mirrorImgActive[u1, 77]
/Channel/UserFrame/mirrorImgActive[u1, 78]
/Channel/UserFrame/mirrorImgActive[u1, 79]
/Channel/UserFrame/mirrorImgActive[u1, 80]
/Channel/UserFrame/mirrorImgActive[u1, 81]
/Channel/UserFrame/mirrorImgActive[u1, 82]
/Channel/UserFrame/mirrorImgActive[u1, 83]
/Channel/UserFrame/mirrorImgActive[u1, 84]
/Channel/UserFrame/mirrorImgActive[u1, 85]
/Channel/UserFrame/mirrorImgActive[u1, 86]
/Channel/UserFrame/mirrorImgActive[u1, 87]
/Channel/UserFrame/mirrorImgActive[u1, 88]
/Channel/UserFrame/mirrorImgActive[u1, 89]
/Channel/UserFrame/mirrorImgActive[u1, 90]
/Channel/UserFrame/mirrorImgActive[u1, 91]
/Channel/UserFrame/mirrorImgActive[u1, 92]
/Channel/UserFrame/mirrorImgActive[u1, 93]
/Channel/UserFrame/mirrorImgActive[u1, 94]
/Channel/UserFrame/mirrorImgActive[u1, 95]
/Channel/UserFrame/mirrorImgActive[u1, 96]
/Channel/UserFrame/mirrorImgActive[u1, 97]
/Channel/UserFrame/mirrorImgActive[u1, 98]
/Channel/UserFrame/mirrorImgActive[u1, 99]
/Channel/UserFrame/mirrorImgActive[u1, 100]";False
rotation;Rotation of a settable frame;"$P_UIFR[x,y,RT]
x
=
FrameNo,y=Axis";;2;"Frame
Frame index * (numGeoAxes+numAuxAxes) + axis number";$MC_MM_NUM_USER_FRAMES * (numGeoAxes + numAuxAxes);Rotation of a settable work offset;TYPE_DOUBLE;Angle (degree);;;;/Channel/UserFrame/rotation[u<Channel numb>, <Line Index>];"/Channel/UserFrame/rotation[u1, 1]
/Channel/UserFrame/rotation[u1, 2]
/Channel/UserFrame/rotation[u1, 3]
/Channel/UserFrame/rotation[u1, 4]
/Channel/UserFrame/rotation[u1, 5]
/Channel/UserFrame/rotation[u1, 6]
/Channel/UserFrame/rotation[u1, 7]
/Channel/UserFrame/rotation[u1, 8]
/Channel/UserFrame/rotation[u1, 9]
/Channel/UserFrame/rotation[u1, 10]
/Channel/UserFrame/rotation[u1, 11]
/Channel/UserFrame/rotation[u1, 12]
/Channel/UserFrame/rotation[u1, 13]
/Channel/UserFrame/rotation[u1, 14]
/Channel/UserFrame/rotation[u1, 15]
/Channel/UserFrame/rotation[u1, 16]
/Channel/UserFrame/rotation[u1, 17]
/Channel/UserFrame/rotation[u1, 18]
/Channel/UserFrame/rotation[u1, 19]
/Channel/UserFrame/rotation[u1, 20]
/Channel/UserFrame/rotation[u1, 21]
/Channel/UserFrame/rotation[u1, 22]
/Channel/UserFrame/rotation[u1, 23]
/Channel/UserFrame/rotation[u1, 24]
/Channel/UserFrame/rotation[u1, 25]
/Channel/UserFrame/rotation[u1, 26]
/Channel/UserFrame/rotation[u1, 27]
/Channel/UserFrame/rotation[u1, 28]
/Channel/UserFrame/rotation[u1, 29]
/Channel/UserFrame/rotation[u1, 30]
/Channel/UserFrame/rotation[u1, 31]
/Channel/UserFrame/rotation[u1, 32]
/Channel/UserFrame/rotation[u1, 33]
/Channel/UserFrame/rotation[u1, 34]
/Channel/UserFrame/rotation[u1, 35]
/Channel/UserFrame/rotation[u1, 36]
/Channel/UserFrame/rotation[u1, 37]
/Channel/UserFrame/rotation[u1, 38]
/Channel/UserFrame/rotation[u1, 39]
/Channel/UserFrame/rotation[u1, 40]
/Channel/UserFrame/rotation[u1, 41]
/Channel/UserFrame/rotation[u1, 42]
/Channel/UserFrame/rotation[u1, 43]
/Channel/UserFrame/rotation[u1, 44]
/Channel/UserFrame/rotation[u1, 45]
/Channel/UserFrame/rotation[u1, 46]
/Channel/UserFrame/rotation[u1, 47]
/Channel/UserFrame/rotation[u1, 48]
/Channel/UserFrame/rotation[u1, 49]
/Channel/UserFrame/rotation[u1, 50]
/Channel/UserFrame/rotation[u1, 51]
/Channel/UserFrame/rotation[u1, 52]
/Channel/UserFrame/rotation[u1, 53]
/Channel/UserFrame/rotation[u1, 54]
/Channel/UserFrame/rotation[u1, 55]
/Channel/UserFrame/rotation[u1, 56]
/Channel/UserFrame/rotation[u1, 57]
/Channel/UserFrame/rotation[u1, 58]
/Channel/UserFrame/rotation[u1, 59]
/Channel/UserFrame/rotation[u1, 60]
/Channel/UserFrame/rotation[u1, 61]
/Channel/UserFrame/rotation[u1, 62]
/Channel/UserFrame/rotation[u1, 63]
/Channel/UserFrame/rotation[u1, 64]
/Channel/UserFrame/rotation[u1, 65]
/Channel/UserFrame/rotation[u1, 66]
/Channel/UserFrame/rotation[u1, 67]
/Channel/UserFrame/rotation[u1, 68]
/Channel/UserFrame/rotation[u1, 69]
/Channel/UserFrame/rotation[u1, 70]
/Channel/UserFrame/rotation[u1, 71]
/Channel/UserFrame/rotation[u1, 72]
/Channel/UserFrame/rotation[u1, 73]
/Channel/UserFrame/rotation[u1, 74]
/Channel/UserFrame/rotation[u1, 75]
/Channel/UserFrame/rotation[u1, 76]
/Channel/UserFrame/rotation[u1, 77]
/Channel/UserFrame/rotation[u1, 78]
/Channel/UserFrame/rotation[u1, 79]
/Channel/UserFrame/rotation[u1, 80]
/Channel/UserFrame/rotation[u1, 81]
/Channel/UserFrame/rotation[u1, 82]
/Channel/UserFrame/rotation[u1, 83]
/Channel/UserFrame/rotation[u1, 84]
/Channel/UserFrame/rotation[u1, 85]
/Channel/UserFrame/rotation[u1, 86]
/Channel/UserFrame/rotation[u1, 87]
/Channel/UserFrame/rotation[u1, 88]
/Channel/UserFrame/rotation[u1, 89]
/Channel/UserFrame/rotation[u1, 90]
/Channel/UserFrame/rotation[u1, 91]
/Channel/UserFrame/rotation[u1, 92]
/Channel/UserFrame/rotation[u1, 93]
/Channel/UserFrame/rotation[u1, 94]
/Channel/UserFrame/rotation[u1, 95]
/Channel/UserFrame/rotation[u1, 96]
/Channel/UserFrame/rotation[u1, 97]
/Channel/UserFrame/rotation[u1, 98]
/Channel/UserFrame/rotation[u1, 99]
/Channel/UserFrame/rotation[u1, 100]";False
rotationCoordinate;Coordinate rotation of active frames;;;7;Frame index * numMachAxes + 1;20 * numMachAxes;"Rotation around a coordinate of an active work offset
1: Rotation around the first non-existing geometry axis.";TYPE_DOUBLE;Angle (degree);;;;/Channel/ActualFrame/rotationCoordinate[u<Channel numb>, <Line Index>];"/Channel/ActualFrame/rotationCoordinate[u1, 1]
/Channel/ActualFrame/rotationCoordinate[u1, 2]
/Channel/ActualFrame/rotationCoordinate[u1, 3]
/Channel/ActualFrame/rotationCoordinate[u1, 4]
/Channel/ActualFrame/rotationCoordinate[u1, 5]
/Channel/ActualFrame/rotationCoordinate[u1, 6]
/Channel/ActualFrame/rotationCoordinate[u1, 7]
/Channel/ActualFrame/rotationCoordinate[u1, 8]
/Channel/ActualFrame/rotationCoordinate[u1, 9]
/Channel/ActualFrame/rotationCoordinate[u1, 10]
/Channel/ActualFrame/rotationCoordinate[u1, 11]
/Channel/ActualFrame/rotationCoordinate[u1, 12]
/Channel/ActualFrame/rotationCoordinate[u1, 13]
/Channel/ActualFrame/rotationCoordinate[u1, 14]
/Channel/ActualFrame/rotationCoordinate[u1, 15]
/Channel/ActualFrame/rotationCoordinate[u1, 16]
/Channel/ActualFrame/rotationCoordinate[u1, 17]
/Channel/ActualFrame/rotationCoordinate[u1, 18]
/Channel/ActualFrame/rotationCoordinate[u1, 19]
/Channel/ActualFrame/rotationCoordinate[u1, 20]
/Channel/ActualFrame/rotationCoordinate[u1, 21]
/Channel/ActualFrame/rotationCoordinate[u1, 22]
/Channel/ActualFrame/rotationCoordinate[u1, 23]
/Channel/ActualFrame/rotationCoordinate[u1, 24]
/Channel/ActualFrame/rotationCoordinate[u1, 25]
/Channel/ActualFrame/rotationCoordinate[u1, 26]
/Channel/ActualFrame/rotationCoordinate[u1, 27]
/Channel/ActualFrame/rotationCoordinate[u1, 28]
/Channel/ActualFrame/rotationCoordinate[u1, 29]
/Channel/ActualFrame/rotationCoordinate[u1, 30]
/Channel/ActualFrame/rotationCoordinate[u1, 31]
/Channel/ActualFrame/rotationCoordinate[u1, 32]
/Channel/ActualFrame/rotationCoordinate[u1, 33]
/Channel/ActualFrame/rotationCoordinate[u1, 34]
/Channel/ActualFrame/rotationCoordinate[u1, 35]
/Channel/ActualFrame/rotationCoordinate[u1, 36]
/Channel/ActualFrame/rotationCoordinate[u1, 37]
/Channel/ActualFrame/rotationCoordinate[u1, 38]
/Channel/ActualFrame/rotationCoordinate[u1, 39]
/Channel/ActualFrame/rotationCoordinate[u1, 40]
/Channel/ActualFrame/rotationCoordinate[u1, 41]
/Channel/ActualFrame/rotationCoordinate[u1, 42]
/Channel/ActualFrame/rotationCoordinate[u1, 43]
/Channel/ActualFrame/rotationCoordinate[u1, 44]
/Channel/ActualFrame/rotationCoordinate[u1, 45]
/Channel/ActualFrame/rotationCoordinate[u1, 46]
/Channel/ActualFrame/rotationCoordinate[u1, 47]
/Channel/ActualFrame/rotationCoordinate[u1, 48]
/Channel/ActualFrame/rotationCoordinate[u1, 49]
/Channel/ActualFrame/rotationCoordinate[u1, 50]
/Channel/ActualFrame/rotationCoordinate[u1, 51]
/Channel/ActualFrame/rotationCoordinate[u1, 52]
/Channel/ActualFrame/rotationCoordinate[u1, 53]
/Channel/ActualFrame/rotationCoordinate[u1, 54]
/Channel/ActualFrame/rotationCoordinate[u1, 55]
/Channel/ActualFrame/rotationCoordinate[u1, 56]
/Channel/ActualFrame/rotationCoordinate[u1, 57]
/Channel/ActualFrame/rotationCoordinate[u1, 58]
/Channel/ActualFrame/rotationCoordinate[u1, 59]
/Channel/ActualFrame/rotationCoordinate[u1, 60]
/Channel/ActualFrame/rotationCoordinate[u1, 61]
/Channel/ActualFrame/rotationCoordinate[u1, 62]
/Channel/ActualFrame/rotationCoordinate[u1, 63]
/Channel/ActualFrame/rotationCoordinate[u1, 64]
/Channel/ActualFrame/rotationCoordinate[u1, 65]
/Channel/ActualFrame/rotationCoordinate[u1, 66]
/Channel/ActualFrame/rotationCoordinate[u1, 67]
/Channel/ActualFrame/rotationCoordinate[u1, 68]
/Channel/ActualFrame/rotationCoordinate[u1, 69]
/Channel/ActualFrame/rotationCoordinate[u1, 70]
/Channel/ActualFrame/rotationCoordinate[u1, 71]
/Channel/ActualFrame/rotationCoordinate[u1, 72]
/Channel/ActualFrame/rotationCoordinate[u1, 73]
/Channel/ActualFrame/rotationCoordinate[u1, 74]
/Channel/ActualFrame/rotationCoordinate[u1, 75]
/Channel/ActualFrame/rotationCoordinate[u1, 76]
/Channel/ActualFrame/rotationCoordinate[u1, 77]
/Channel/ActualFrame/rotationCoordinate[u1, 78]
/Channel/ActualFrame/rotationCoordinate[u1, 79]
/Channel/ActualFrame/rotationCoordinate[u1, 80]
/Channel/ActualFrame/rotationCoordinate[u1, 81]
/Channel/ActualFrame/rotationCoordinate[u1, 82]
/Channel/ActualFrame/rotationCoordinate[u1, 83]
/Channel/ActualFrame/rotationCoordinate[u1, 84]
/Channel/ActualFrame/rotationCoordinate[u1, 85]
/Channel/ActualFrame/rotationCoordinate[u1, 86]
/Channel/ActualFrame/rotationCoordinate[u1, 87]
/Channel/ActualFrame/rotationCoordinate[u1, 88]
/Channel/ActualFrame/rotationCoordinate[u1, 89]
/Channel/ActualFrame/rotationCoordinate[u1, 90]
/Channel/ActualFrame/rotationCoordinate[u1, 91]
/Channel/ActualFrame/rotationCoordinate[u1, 92]
/Channel/ActualFrame/rotationCoordinate[u1, 93]
/Channel/ActualFrame/rotationCoordinate[u1, 94]
/Channel/ActualFrame/rotationCoordinate[u1, 95]
/Channel/ActualFrame/rotationCoordinate[u1, 96]
/Channel/ActualFrame/rotationCoordinate[u1, 97]
/Channel/ActualFrame/rotationCoordinate[u1, 98]
/Channel/ActualFrame/rotationCoordinate[u1, 99]
/Channel/ActualFrame/rotationCoordinate[u1, 100]";False
scaleFact;Scaling factor of a settable frame;"$P_UIFR[x,y,SC]
x
=
FrameNo,y=Axis";;3;"Frame
Frame index * (numGeoAxes+numAuxAxes) + axis number";$MC_MM_NUM_USER_FRAMES * (numGeoAxes + numAuxAxes);Scaling factor of a settable work offset;TYPE_DOUBLE;No unit;;;;/Channel/UserFrame/scaleFact[u<Channel numb>, <Line Index>];"/Channel/UserFrame/scaleFact[u1, 1]
/Channel/UserFrame/scaleFact[u1, 2]
/Channel/UserFrame/scaleFact[u1, 3]
/Channel/UserFrame/scaleFact[u1, 4]
/Channel/UserFrame/scaleFact[u1, 5]
/Channel/UserFrame/scaleFact[u1, 6]
/Channel/UserFrame/scaleFact[u1, 7]
/Channel/UserFrame/scaleFact[u1, 8]
/Channel/UserFrame/scaleFact[u1, 9]
/Channel/UserFrame/scaleFact[u1, 10]
/Channel/UserFrame/scaleFact[u1, 11]
/Channel/UserFrame/scaleFact[u1, 12]
/Channel/UserFrame/scaleFact[u1, 13]
/Channel/UserFrame/scaleFact[u1, 14]
/Channel/UserFrame/scaleFact[u1, 15]
/Channel/UserFrame/scaleFact[u1, 16]
/Channel/UserFrame/scaleFact[u1, 17]
/Channel/UserFrame/scaleFact[u1, 18]
/Channel/UserFrame/scaleFact[u1, 19]
/Channel/UserFrame/scaleFact[u1, 20]
/Channel/UserFrame/scaleFact[u1, 21]
/Channel/UserFrame/scaleFact[u1, 22]
/Channel/UserFrame/scaleFact[u1, 23]
/Channel/UserFrame/scaleFact[u1, 24]
/Channel/UserFrame/scaleFact[u1, 25]
/Channel/UserFrame/scaleFact[u1, 26]
/Channel/UserFrame/scaleFact[u1, 27]
/Channel/UserFrame/scaleFact[u1, 28]
/Channel/UserFrame/scaleFact[u1, 29]
/Channel/UserFrame/scaleFact[u1, 30]
/Channel/UserFrame/scaleFact[u1, 31]
/Channel/UserFrame/scaleFact[u1, 32]
/Channel/UserFrame/scaleFact[u1, 33]
/Channel/UserFrame/scaleFact[u1, 34]
/Channel/UserFrame/scaleFact[u1, 35]
/Channel/UserFrame/scaleFact[u1, 36]
/Channel/UserFrame/scaleFact[u1, 37]
/Channel/UserFrame/scaleFact[u1, 38]
/Channel/UserFrame/scaleFact[u1, 39]
/Channel/UserFrame/scaleFact[u1, 40]
/Channel/UserFrame/scaleFact[u1, 41]
/Channel/UserFrame/scaleFact[u1, 42]
/Channel/UserFrame/scaleFact[u1, 43]
/Channel/UserFrame/scaleFact[u1, 44]
/Channel/UserFrame/scaleFact[u1, 45]
/Channel/UserFrame/scaleFact[u1, 46]
/Channel/UserFrame/scaleFact[u1, 47]
/Channel/UserFrame/scaleFact[u1, 48]
/Channel/UserFrame/scaleFact[u1, 49]
/Channel/UserFrame/scaleFact[u1, 50]
/Channel/UserFrame/scaleFact[u1, 51]
/Channel/UserFrame/scaleFact[u1, 52]
/Channel/UserFrame/scaleFact[u1, 53]
/Channel/UserFrame/scaleFact[u1, 54]
/Channel/UserFrame/scaleFact[u1, 55]
/Channel/UserFrame/scaleFact[u1, 56]
/Channel/UserFrame/scaleFact[u1, 57]
/Channel/UserFrame/scaleFact[u1, 58]
/Channel/UserFrame/scaleFact[u1, 59]
/Channel/UserFrame/scaleFact[u1, 60]
/Channel/UserFrame/scaleFact[u1, 61]
/Channel/UserFrame/scaleFact[u1, 62]
/Channel/UserFrame/scaleFact[u1, 63]
/Channel/UserFrame/scaleFact[u1, 64]
/Channel/UserFrame/scaleFact[u1, 65]
/Channel/UserFrame/scaleFact[u1, 66]
/Channel/UserFrame/scaleFact[u1, 67]
/Channel/UserFrame/scaleFact[u1, 68]
/Channel/UserFrame/scaleFact[u1, 69]
/Channel/UserFrame/scaleFact[u1, 70]
/Channel/UserFrame/scaleFact[u1, 71]
/Channel/UserFrame/scaleFact[u1, 72]
/Channel/UserFrame/scaleFact[u1, 73]
/Channel/UserFrame/scaleFact[u1, 74]
/Channel/UserFrame/scaleFact[u1, 75]
/Channel/UserFrame/scaleFact[u1, 76]
/Channel/UserFrame/scaleFact[u1, 77]
/Channel/UserFrame/scaleFact[u1, 78]
/Channel/UserFrame/scaleFact[u1, 79]
/Channel/UserFrame/scaleFact[u1, 80]
/Channel/UserFrame/scaleFact[u1, 81]
/Channel/UserFrame/scaleFact[u1, 82]
/Channel/UserFrame/scaleFact[u1, 83]
/Channel/UserFrame/scaleFact[u1, 84]
/Channel/UserFrame/scaleFact[u1, 85]
/Channel/UserFrame/scaleFact[u1, 86]
/Channel/UserFrame/scaleFact[u1, 87]
/Channel/UserFrame/scaleFact[u1, 88]
/Channel/UserFrame/scaleFact[u1, 89]
/Channel/UserFrame/scaleFact[u1, 90]
/Channel/UserFrame/scaleFact[u1, 91]
/Channel/UserFrame/scaleFact[u1, 92]
/Channel/UserFrame/scaleFact[u1, 93]
/Channel/UserFrame/scaleFact[u1, 94]
/Channel/UserFrame/scaleFact[u1, 95]
/Channel/UserFrame/scaleFact[u1, 96]
/Channel/UserFrame/scaleFact[u1, 97]
/Channel/UserFrame/scaleFact[u1, 98]
/Channel/UserFrame/scaleFact[u1, 99]
/Channel/UserFrame/scaleFact[u1, 100]";False
actPunchRate;Strokes per minute;;;6;;1;Strokes per minute;TYPE_UWORD;No unit;;;;/Channel/Nibbling/actPunchRate[u<Channel numb>];/Channel/Nibbling/actPunchRate[u1];False
numElementsFastFifoTooSmall;Number of entries Fifo buffer undersized;;;11;Event (see module header);siehe Bausteinkopf;For diagnosis: Number of entries by which the Fifo buffer is undersized;TYPE_UWORD;No unit;0;0.0;;/Channel/ProtocolEvent/numElementsFastFifoTooSmall[u<Channel numb>, <Line Index>];"/Channel/ProtocolEvent/numElementsFastFifoTooSmall[u1, 1]
/Channel/ProtocolEvent/numElementsFastFifoTooSmall[u1, 2]
/Channel/ProtocolEvent/numElementsFastFifoTooSmall[u1, 3]
/Channel/ProtocolEvent/numElementsFastFifoTooSmall[u1, 4]
/Channel/ProtocolEvent/numElementsFastFifoTooSmall[u1, 5]
/Channel/ProtocolEvent/numElementsFastFifoTooSmall[u1, 6]
/Channel/ProtocolEvent/numElementsFastFifoTooSmall[u1, 7]
/Channel/ProtocolEvent/numElementsFastFifoTooSmall[u1, 8]
/Channel/ProtocolEvent/numElementsFastFifoTooSmall[u1, 9]
/Channel/ProtocolEvent/numElementsFastFifoTooSmall[u1, 10]
/Channel/ProtocolEvent/numElementsFastFifoTooSmall[u1, 11]
/Channel/ProtocolEvent/numElementsFastFifoTooSmall[u1, 12]
/Channel/ProtocolEvent/numElementsFastFifoTooSmall[u1, 13]
/Channel/ProtocolEvent/numElementsFastFifoTooSmall[u1, 14]
/Channel/ProtocolEvent/numElementsFastFifoTooSmall[u1, 15]
/Channel/ProtocolEvent/numElementsFastFifoTooSmall[u1, 16]
/Channel/ProtocolEvent/numElementsFastFifoTooSmall[u1, 17]
/Channel/ProtocolEvent/numElementsFastFifoTooSmall[u1, 18]
/Channel/ProtocolEvent/numElementsFastFifoTooSmall[u1, 19]
/Channel/ProtocolEvent/numElementsFastFifoTooSmall[u1, 20]
/Channel/ProtocolEvent/numElementsFastFifoTooSmall[u1, 21]
/Channel/ProtocolEvent/numElementsFastFifoTooSmall[u1, 22]
/Channel/ProtocolEvent/numElementsFastFifoTooSmall[u1, 23]
/Channel/ProtocolEvent/numElementsFastFifoTooSmall[u1, 24]
/Channel/ProtocolEvent/numElementsFastFifoTooSmall[u1, 25]
/Channel/ProtocolEvent/numElementsFastFifoTooSmall[u1, 26]
/Channel/ProtocolEvent/numElementsFastFifoTooSmall[u1, 27]
/Channel/ProtocolEvent/numElementsFastFifoTooSmall[u1, 28]
/Channel/ProtocolEvent/numElementsFastFifoTooSmall[u1, 29]
/Channel/ProtocolEvent/numElementsFastFifoTooSmall[u1, 30]
/Channel/ProtocolEvent/numElementsFastFifoTooSmall[u1, 31]
/Channel/ProtocolEvent/numElementsFastFifoTooSmall[u1, 32]
/Channel/ProtocolEvent/numElementsFastFifoTooSmall[u1, 33]
/Channel/ProtocolEvent/numElementsFastFifoTooSmall[u1, 34]
/Channel/ProtocolEvent/numElementsFastFifoTooSmall[u1, 35]
/Channel/ProtocolEvent/numElementsFastFifoTooSmall[u1, 36]
/Channel/ProtocolEvent/numElementsFastFifoTooSmall[u1, 37]
/Channel/ProtocolEvent/numElementsFastFifoTooSmall[u1, 38]
/Channel/ProtocolEvent/numElementsFastFifoTooSmall[u1, 39]
/Channel/ProtocolEvent/numElementsFastFifoTooSmall[u1, 40]
/Channel/ProtocolEvent/numElementsFastFifoTooSmall[u1, 41]
/Channel/ProtocolEvent/numElementsFastFifoTooSmall[u1, 42]
/Channel/ProtocolEvent/numElementsFastFifoTooSmall[u1, 43]
/Channel/ProtocolEvent/numElementsFastFifoTooSmall[u1, 44]
/Channel/ProtocolEvent/numElementsFastFifoTooSmall[u1, 45]
/Channel/ProtocolEvent/numElementsFastFifoTooSmall[u1, 46]
/Channel/ProtocolEvent/numElementsFastFifoTooSmall[u1, 47]
/Channel/ProtocolEvent/numElementsFastFifoTooSmall[u1, 48]
/Channel/ProtocolEvent/numElementsFastFifoTooSmall[u1, 49]
/Channel/ProtocolEvent/numElementsFastFifoTooSmall[u1, 50]
/Channel/ProtocolEvent/numElementsFastFifoTooSmall[u1, 51]
/Channel/ProtocolEvent/numElementsFastFifoTooSmall[u1, 52]
/Channel/ProtocolEvent/numElementsFastFifoTooSmall[u1, 53]
/Channel/ProtocolEvent/numElementsFastFifoTooSmall[u1, 54]
/Channel/ProtocolEvent/numElementsFastFifoTooSmall[u1, 55]
/Channel/ProtocolEvent/numElementsFastFifoTooSmall[u1, 56]
/Channel/ProtocolEvent/numElementsFastFifoTooSmall[u1, 57]
/Channel/ProtocolEvent/numElementsFastFifoTooSmall[u1, 58]
/Channel/ProtocolEvent/numElementsFastFifoTooSmall[u1, 59]
/Channel/ProtocolEvent/numElementsFastFifoTooSmall[u1, 60]
/Channel/ProtocolEvent/numElementsFastFifoTooSmall[u1, 61]
/Channel/ProtocolEvent/numElementsFastFifoTooSmall[u1, 62]
/Channel/ProtocolEvent/numElementsFastFifoTooSmall[u1, 63]
/Channel/ProtocolEvent/numElementsFastFifoTooSmall[u1, 64]
/Channel/ProtocolEvent/numElementsFastFifoTooSmall[u1, 65]
/Channel/ProtocolEvent/numElementsFastFifoTooSmall[u1, 66]
/Channel/ProtocolEvent/numElementsFastFifoTooSmall[u1, 67]
/Channel/ProtocolEvent/numElementsFastFifoTooSmall[u1, 68]
/Channel/ProtocolEvent/numElementsFastFifoTooSmall[u1, 69]
/Channel/ProtocolEvent/numElementsFastFifoTooSmall[u1, 70]
/Channel/ProtocolEvent/numElementsFastFifoTooSmall[u1, 71]
/Channel/ProtocolEvent/numElementsFastFifoTooSmall[u1, 72]
/Channel/ProtocolEvent/numElementsFastFifoTooSmall[u1, 73]
/Channel/ProtocolEvent/numElementsFastFifoTooSmall[u1, 74]
/Channel/ProtocolEvent/numElementsFastFifoTooSmall[u1, 75]
/Channel/ProtocolEvent/numElementsFastFifoTooSmall[u1, 76]
/Channel/ProtocolEvent/numElementsFastFifoTooSmall[u1, 77]
/Channel/ProtocolEvent/numElementsFastFifoTooSmall[u1, 78]
/Channel/ProtocolEvent/numElementsFastFifoTooSmall[u1, 79]
/Channel/ProtocolEvent/numElementsFastFifoTooSmall[u1, 80]
/Channel/ProtocolEvent/numElementsFastFifoTooSmall[u1, 81]
/Channel/ProtocolEvent/numElementsFastFifoTooSmall[u1, 82]
/Channel/ProtocolEvent/numElementsFastFifoTooSmall[u1, 83]
/Channel/ProtocolEvent/numElementsFastFifoTooSmall[u1, 84]
/Channel/ProtocolEvent/numElementsFastFifoTooSmall[u1, 85]
/Channel/ProtocolEvent/numElementsFastFifoTooSmall[u1, 86]
/Channel/ProtocolEvent/numElementsFastFifoTooSmall[u1, 87]
/Channel/ProtocolEvent/numElementsFastFifoTooSmall[u1, 88]
/Channel/ProtocolEvent/numElementsFastFifoTooSmall[u1, 89]
/Channel/ProtocolEvent/numElementsFastFifoTooSmall[u1, 90]
/Channel/ProtocolEvent/numElementsFastFifoTooSmall[u1, 91]
/Channel/ProtocolEvent/numElementsFastFifoTooSmall[u1, 92]
/Channel/ProtocolEvent/numElementsFastFifoTooSmall[u1, 93]
/Channel/ProtocolEvent/numElementsFastFifoTooSmall[u1, 94]
/Channel/ProtocolEvent/numElementsFastFifoTooSmall[u1, 95]
/Channel/ProtocolEvent/numElementsFastFifoTooSmall[u1, 96]
/Channel/ProtocolEvent/numElementsFastFifoTooSmall[u1, 97]
/Channel/ProtocolEvent/numElementsFastFifoTooSmall[u1, 98]
/Channel/ProtocolEvent/numElementsFastFifoTooSmall[u1, 99]
/Channel/ProtocolEvent/numElementsFastFifoTooSmall[u1, 100]";False
maxNetFileLengthTooSmall;Number of bytes log file undersized;;;9;Event (see module header);siehe Bausteinkopf;For diagnosis: Number of (net) bytes by which log file is undersized;TYPE_UWORD;No unit;0;0.0;;/Channel/ProtocolEvent/maxNetFileLengthTooSmall[u<Channel numb>, <Line Index>];"/Channel/ProtocolEvent/maxNetFileLengthTooSmall[u1, 1]
/Channel/ProtocolEvent/maxNetFileLengthTooSmall[u1, 2]
/Channel/ProtocolEvent/maxNetFileLengthTooSmall[u1, 3]
/Channel/ProtocolEvent/maxNetFileLengthTooSmall[u1, 4]
/Channel/ProtocolEvent/maxNetFileLengthTooSmall[u1, 5]
/Channel/ProtocolEvent/maxNetFileLengthTooSmall[u1, 6]
/Channel/ProtocolEvent/maxNetFileLengthTooSmall[u1, 7]
/Channel/ProtocolEvent/maxNetFileLengthTooSmall[u1, 8]
/Channel/ProtocolEvent/maxNetFileLengthTooSmall[u1, 9]
/Channel/ProtocolEvent/maxNetFileLengthTooSmall[u1, 10]
/Channel/ProtocolEvent/maxNetFileLengthTooSmall[u1, 11]
/Channel/ProtocolEvent/maxNetFileLengthTooSmall[u1, 12]
/Channel/ProtocolEvent/maxNetFileLengthTooSmall[u1, 13]
/Channel/ProtocolEvent/maxNetFileLengthTooSmall[u1, 14]
/Channel/ProtocolEvent/maxNetFileLengthTooSmall[u1, 15]
/Channel/ProtocolEvent/maxNetFileLengthTooSmall[u1, 16]
/Channel/ProtocolEvent/maxNetFileLengthTooSmall[u1, 17]
/Channel/ProtocolEvent/maxNetFileLengthTooSmall[u1, 18]
/Channel/ProtocolEvent/maxNetFileLengthTooSmall[u1, 19]
/Channel/ProtocolEvent/maxNetFileLengthTooSmall[u1, 20]
/Channel/ProtocolEvent/maxNetFileLengthTooSmall[u1, 21]
/Channel/ProtocolEvent/maxNetFileLengthTooSmall[u1, 22]
/Channel/ProtocolEvent/maxNetFileLengthTooSmall[u1, 23]
/Channel/ProtocolEvent/maxNetFileLengthTooSmall[u1, 24]
/Channel/ProtocolEvent/maxNetFileLengthTooSmall[u1, 25]
/Channel/ProtocolEvent/maxNetFileLengthTooSmall[u1, 26]
/Channel/ProtocolEvent/maxNetFileLengthTooSmall[u1, 27]
/Channel/ProtocolEvent/maxNetFileLengthTooSmall[u1, 28]
/Channel/ProtocolEvent/maxNetFileLengthTooSmall[u1, 29]
/Channel/ProtocolEvent/maxNetFileLengthTooSmall[u1, 30]
/Channel/ProtocolEvent/maxNetFileLengthTooSmall[u1, 31]
/Channel/ProtocolEvent/maxNetFileLengthTooSmall[u1, 32]
/Channel/ProtocolEvent/maxNetFileLengthTooSmall[u1, 33]
/Channel/ProtocolEvent/maxNetFileLengthTooSmall[u1, 34]
/Channel/ProtocolEvent/maxNetFileLengthTooSmall[u1, 35]
/Channel/ProtocolEvent/maxNetFileLengthTooSmall[u1, 36]
/Channel/ProtocolEvent/maxNetFileLengthTooSmall[u1, 37]
/Channel/ProtocolEvent/maxNetFileLengthTooSmall[u1, 38]
/Channel/ProtocolEvent/maxNetFileLengthTooSmall[u1, 39]
/Channel/ProtocolEvent/maxNetFileLengthTooSmall[u1, 40]
/Channel/ProtocolEvent/maxNetFileLengthTooSmall[u1, 41]
/Channel/ProtocolEvent/maxNetFileLengthTooSmall[u1, 42]
/Channel/ProtocolEvent/maxNetFileLengthTooSmall[u1, 43]
/Channel/ProtocolEvent/maxNetFileLengthTooSmall[u1, 44]
/Channel/ProtocolEvent/maxNetFileLengthTooSmall[u1, 45]
/Channel/ProtocolEvent/maxNetFileLengthTooSmall[u1, 46]
/Channel/ProtocolEvent/maxNetFileLengthTooSmall[u1, 47]
/Channel/ProtocolEvent/maxNetFileLengthTooSmall[u1, 48]
/Channel/ProtocolEvent/maxNetFileLengthTooSmall[u1, 49]
/Channel/ProtocolEvent/maxNetFileLengthTooSmall[u1, 50]
/Channel/ProtocolEvent/maxNetFileLengthTooSmall[u1, 51]
/Channel/ProtocolEvent/maxNetFileLengthTooSmall[u1, 52]
/Channel/ProtocolEvent/maxNetFileLengthTooSmall[u1, 53]
/Channel/ProtocolEvent/maxNetFileLengthTooSmall[u1, 54]
/Channel/ProtocolEvent/maxNetFileLengthTooSmall[u1, 55]
/Channel/ProtocolEvent/maxNetFileLengthTooSmall[u1, 56]
/Channel/ProtocolEvent/maxNetFileLengthTooSmall[u1, 57]
/Channel/ProtocolEvent/maxNetFileLengthTooSmall[u1, 58]
/Channel/ProtocolEvent/maxNetFileLengthTooSmall[u1, 59]
/Channel/ProtocolEvent/maxNetFileLengthTooSmall[u1, 60]
/Channel/ProtocolEvent/maxNetFileLengthTooSmall[u1, 61]
/Channel/ProtocolEvent/maxNetFileLengthTooSmall[u1, 62]
/Channel/ProtocolEvent/maxNetFileLengthTooSmall[u1, 63]
/Channel/ProtocolEvent/maxNetFileLengthTooSmall[u1, 64]
/Channel/ProtocolEvent/maxNetFileLengthTooSmall[u1, 65]
/Channel/ProtocolEvent/maxNetFileLengthTooSmall[u1, 66]
/Channel/ProtocolEvent/maxNetFileLengthTooSmall[u1, 67]
/Channel/ProtocolEvent/maxNetFileLengthTooSmall[u1, 68]
/Channel/ProtocolEvent/maxNetFileLengthTooSmall[u1, 69]
/Channel/ProtocolEvent/maxNetFileLengthTooSmall[u1, 70]
/Channel/ProtocolEvent/maxNetFileLengthTooSmall[u1, 71]
/Channel/ProtocolEvent/maxNetFileLengthTooSmall[u1, 72]
/Channel/ProtocolEvent/maxNetFileLengthTooSmall[u1, 73]
/Channel/ProtocolEvent/maxNetFileLengthTooSmall[u1, 74]
/Channel/ProtocolEvent/maxNetFileLengthTooSmall[u1, 75]
/Channel/ProtocolEvent/maxNetFileLengthTooSmall[u1, 76]
/Channel/ProtocolEvent/maxNetFileLengthTooSmall[u1, 77]
/Channel/ProtocolEvent/maxNetFileLengthTooSmall[u1, 78]
/Channel/ProtocolEvent/maxNetFileLengthTooSmall[u1, 79]
/Channel/ProtocolEvent/maxNetFileLengthTooSmall[u1, 80]
/Channel/ProtocolEvent/maxNetFileLengthTooSmall[u1, 81]
/Channel/ProtocolEvent/maxNetFileLengthTooSmall[u1, 82]
/Channel/ProtocolEvent/maxNetFileLengthTooSmall[u1, 83]
/Channel/ProtocolEvent/maxNetFileLengthTooSmall[u1, 84]
/Channel/ProtocolEvent/maxNetFileLengthTooSmall[u1, 85]
/Channel/ProtocolEvent/maxNetFileLengthTooSmall[u1, 86]
/Channel/ProtocolEvent/maxNetFileLengthTooSmall[u1, 87]
/Channel/ProtocolEvent/maxNetFileLengthTooSmall[u1, 88]
/Channel/ProtocolEvent/maxNetFileLengthTooSmall[u1, 89]
/Channel/ProtocolEvent/maxNetFileLengthTooSmall[u1, 90]
/Channel/ProtocolEvent/maxNetFileLengthTooSmall[u1, 91]
/Channel/ProtocolEvent/maxNetFileLengthTooSmall[u1, 92]
/Channel/ProtocolEvent/maxNetFileLengthTooSmall[u1, 93]
/Channel/ProtocolEvent/maxNetFileLengthTooSmall[u1, 94]
/Channel/ProtocolEvent/maxNetFileLengthTooSmall[u1, 95]
/Channel/ProtocolEvent/maxNetFileLengthTooSmall[u1, 96]
/Channel/ProtocolEvent/maxNetFileLengthTooSmall[u1, 97]
/Channel/ProtocolEvent/maxNetFileLengthTooSmall[u1, 98]
/Channel/ProtocolEvent/maxNetFileLengthTooSmall[u1, 99]
/Channel/ProtocolEvent/maxNetFileLengthTooSmall[u1, 100]";False
maxGrossFileLengthUsed;Maximum log file size;;;8;Event (see module header);siehe Bausteinkopf;For diagnosis: Maximum gross size of log file;TYPE_UWORD;No unit;0;0.0;;/Channel/ProtocolEvent/maxGrossFileLengthUsed[u<Channel numb>, <Line Index>];"/Channel/ProtocolEvent/maxGrossFileLengthUsed[u1, 1]
/Channel/ProtocolEvent/maxGrossFileLengthUsed[u1, 2]
/Channel/ProtocolEvent/maxGrossFileLengthUsed[u1, 3]
/Channel/ProtocolEvent/maxGrossFileLengthUsed[u1, 4]
/Channel/ProtocolEvent/maxGrossFileLengthUsed[u1, 5]
/Channel/ProtocolEvent/maxGrossFileLengthUsed[u1, 6]
/Channel/ProtocolEvent/maxGrossFileLengthUsed[u1, 7]
/Channel/ProtocolEvent/maxGrossFileLengthUsed[u1, 8]
/Channel/ProtocolEvent/maxGrossFileLengthUsed[u1, 9]
/Channel/ProtocolEvent/maxGrossFileLengthUsed[u1, 10]
/Channel/ProtocolEvent/maxGrossFileLengthUsed[u1, 11]
/Channel/ProtocolEvent/maxGrossFileLengthUsed[u1, 12]
/Channel/ProtocolEvent/maxGrossFileLengthUsed[u1, 13]
/Channel/ProtocolEvent/maxGrossFileLengthUsed[u1, 14]
/Channel/ProtocolEvent/maxGrossFileLengthUsed[u1, 15]
/Channel/ProtocolEvent/maxGrossFileLengthUsed[u1, 16]
/Channel/ProtocolEvent/maxGrossFileLengthUsed[u1, 17]
/Channel/ProtocolEvent/maxGrossFileLengthUsed[u1, 18]
/Channel/ProtocolEvent/maxGrossFileLengthUsed[u1, 19]
/Channel/ProtocolEvent/maxGrossFileLengthUsed[u1, 20]
/Channel/ProtocolEvent/maxGrossFileLengthUsed[u1, 21]
/Channel/ProtocolEvent/maxGrossFileLengthUsed[u1, 22]
/Channel/ProtocolEvent/maxGrossFileLengthUsed[u1, 23]
/Channel/ProtocolEvent/maxGrossFileLengthUsed[u1, 24]
/Channel/ProtocolEvent/maxGrossFileLengthUsed[u1, 25]
/Channel/ProtocolEvent/maxGrossFileLengthUsed[u1, 26]
/Channel/ProtocolEvent/maxGrossFileLengthUsed[u1, 27]
/Channel/ProtocolEvent/maxGrossFileLengthUsed[u1, 28]
/Channel/ProtocolEvent/maxGrossFileLengthUsed[u1, 29]
/Channel/ProtocolEvent/maxGrossFileLengthUsed[u1, 30]
/Channel/ProtocolEvent/maxGrossFileLengthUsed[u1, 31]
/Channel/ProtocolEvent/maxGrossFileLengthUsed[u1, 32]
/Channel/ProtocolEvent/maxGrossFileLengthUsed[u1, 33]
/Channel/ProtocolEvent/maxGrossFileLengthUsed[u1, 34]
/Channel/ProtocolEvent/maxGrossFileLengthUsed[u1, 35]
/Channel/ProtocolEvent/maxGrossFileLengthUsed[u1, 36]
/Channel/ProtocolEvent/maxGrossFileLengthUsed[u1, 37]
/Channel/ProtocolEvent/maxGrossFileLengthUsed[u1, 38]
/Channel/ProtocolEvent/maxGrossFileLengthUsed[u1, 39]
/Channel/ProtocolEvent/maxGrossFileLengthUsed[u1, 40]
/Channel/ProtocolEvent/maxGrossFileLengthUsed[u1, 41]
/Channel/ProtocolEvent/maxGrossFileLengthUsed[u1, 42]
/Channel/ProtocolEvent/maxGrossFileLengthUsed[u1, 43]
/Channel/ProtocolEvent/maxGrossFileLengthUsed[u1, 44]
/Channel/ProtocolEvent/maxGrossFileLengthUsed[u1, 45]
/Channel/ProtocolEvent/maxGrossFileLengthUsed[u1, 46]
/Channel/ProtocolEvent/maxGrossFileLengthUsed[u1, 47]
/Channel/ProtocolEvent/maxGrossFileLengthUsed[u1, 48]
/Channel/ProtocolEvent/maxGrossFileLengthUsed[u1, 49]
/Channel/ProtocolEvent/maxGrossFileLengthUsed[u1, 50]
/Channel/ProtocolEvent/maxGrossFileLengthUsed[u1, 51]
/Channel/ProtocolEvent/maxGrossFileLengthUsed[u1, 52]
/Channel/ProtocolEvent/maxGrossFileLengthUsed[u1, 53]
/Channel/ProtocolEvent/maxGrossFileLengthUsed[u1, 54]
/Channel/ProtocolEvent/maxGrossFileLengthUsed[u1, 55]
/Channel/ProtocolEvent/maxGrossFileLengthUsed[u1, 56]
/Channel/ProtocolEvent/maxGrossFileLengthUsed[u1, 57]
/Channel/ProtocolEvent/maxGrossFileLengthUsed[u1, 58]
/Channel/ProtocolEvent/maxGrossFileLengthUsed[u1, 59]
/Channel/ProtocolEvent/maxGrossFileLengthUsed[u1, 60]
/Channel/ProtocolEvent/maxGrossFileLengthUsed[u1, 61]
/Channel/ProtocolEvent/maxGrossFileLengthUsed[u1, 62]
/Channel/ProtocolEvent/maxGrossFileLengthUsed[u1, 63]
/Channel/ProtocolEvent/maxGrossFileLengthUsed[u1, 64]
/Channel/ProtocolEvent/maxGrossFileLengthUsed[u1, 65]
/Channel/ProtocolEvent/maxGrossFileLengthUsed[u1, 66]
/Channel/ProtocolEvent/maxGrossFileLengthUsed[u1, 67]
/Channel/ProtocolEvent/maxGrossFileLengthUsed[u1, 68]
/Channel/ProtocolEvent/maxGrossFileLengthUsed[u1, 69]
/Channel/ProtocolEvent/maxGrossFileLengthUsed[u1, 70]
/Channel/ProtocolEvent/maxGrossFileLengthUsed[u1, 71]
/Channel/ProtocolEvent/maxGrossFileLengthUsed[u1, 72]
/Channel/ProtocolEvent/maxGrossFileLengthUsed[u1, 73]
/Channel/ProtocolEvent/maxGrossFileLengthUsed[u1, 74]
/Channel/ProtocolEvent/maxGrossFileLengthUsed[u1, 75]
/Channel/ProtocolEvent/maxGrossFileLengthUsed[u1, 76]
/Channel/ProtocolEvent/maxGrossFileLengthUsed[u1, 77]
/Channel/ProtocolEvent/maxGrossFileLengthUsed[u1, 78]
/Channel/ProtocolEvent/maxGrossFileLengthUsed[u1, 79]
/Channel/ProtocolEvent/maxGrossFileLengthUsed[u1, 80]
/Channel/ProtocolEvent/maxGrossFileLengthUsed[u1, 81]
/Channel/ProtocolEvent/maxGrossFileLengthUsed[u1, 82]
/Channel/ProtocolEvent/maxGrossFileLengthUsed[u1, 83]
/Channel/ProtocolEvent/maxGrossFileLengthUsed[u1, 84]
/Channel/ProtocolEvent/maxGrossFileLengthUsed[u1, 85]
/Channel/ProtocolEvent/maxGrossFileLengthUsed[u1, 86]
/Channel/ProtocolEvent/maxGrossFileLengthUsed[u1, 87]
/Channel/ProtocolEvent/maxGrossFileLengthUsed[u1, 88]
/Channel/ProtocolEvent/maxGrossFileLengthUsed[u1, 89]
/Channel/ProtocolEvent/maxGrossFileLengthUsed[u1, 90]
/Channel/ProtocolEvent/maxGrossFileLengthUsed[u1, 91]
/Channel/ProtocolEvent/maxGrossFileLengthUsed[u1, 92]
/Channel/ProtocolEvent/maxGrossFileLengthUsed[u1, 93]
/Channel/ProtocolEvent/maxGrossFileLengthUsed[u1, 94]
/Channel/ProtocolEvent/maxGrossFileLengthUsed[u1, 95]
/Channel/ProtocolEvent/maxGrossFileLengthUsed[u1, 96]
/Channel/ProtocolEvent/maxGrossFileLengthUsed[u1, 97]
/Channel/ProtocolEvent/maxGrossFileLengthUsed[u1, 98]
/Channel/ProtocolEvent/maxGrossFileLengthUsed[u1, 99]
/Channel/ProtocolEvent/maxGrossFileLengthUsed[u1, 100]";False
maxFileLength;Maximum length of log file;;;5;Event (see module header);siehe Bausteinkopf;"Maximum length of the log file.
Values less than 1024 are interpreted as KB, larger values as bytes. The minimum permissible length is 3000.";TYPE_UWORD;No unit;0;0.0;;/Channel/ProtocolEvent/maxFileLength[u<Channel numb>, <Line Index>];"/Channel/ProtocolEvent/maxFileLength[u1, 1]
/Channel/ProtocolEvent/maxFileLength[u1, 2]
/Channel/ProtocolEvent/maxFileLength[u1, 3]
/Channel/ProtocolEvent/maxFileLength[u1, 4]
/Channel/ProtocolEvent/maxFileLength[u1, 5]
/Channel/ProtocolEvent/maxFileLength[u1, 6]
/Channel/ProtocolEvent/maxFileLength[u1, 7]
/Channel/ProtocolEvent/maxFileLength[u1, 8]
/Channel/ProtocolEvent/maxFileLength[u1, 9]
/Channel/ProtocolEvent/maxFileLength[u1, 10]
/Channel/ProtocolEvent/maxFileLength[u1, 11]
/Channel/ProtocolEvent/maxFileLength[u1, 12]
/Channel/ProtocolEvent/maxFileLength[u1, 13]
/Channel/ProtocolEvent/maxFileLength[u1, 14]
/Channel/ProtocolEvent/maxFileLength[u1, 15]
/Channel/ProtocolEvent/maxFileLength[u1, 16]
/Channel/ProtocolEvent/maxFileLength[u1, 17]
/Channel/ProtocolEvent/maxFileLength[u1, 18]
/Channel/ProtocolEvent/maxFileLength[u1, 19]
/Channel/ProtocolEvent/maxFileLength[u1, 20]
/Channel/ProtocolEvent/maxFileLength[u1, 21]
/Channel/ProtocolEvent/maxFileLength[u1, 22]
/Channel/ProtocolEvent/maxFileLength[u1, 23]
/Channel/ProtocolEvent/maxFileLength[u1, 24]
/Channel/ProtocolEvent/maxFileLength[u1, 25]
/Channel/ProtocolEvent/maxFileLength[u1, 26]
/Channel/ProtocolEvent/maxFileLength[u1, 27]
/Channel/ProtocolEvent/maxFileLength[u1, 28]
/Channel/ProtocolEvent/maxFileLength[u1, 29]
/Channel/ProtocolEvent/maxFileLength[u1, 30]
/Channel/ProtocolEvent/maxFileLength[u1, 31]
/Channel/ProtocolEvent/maxFileLength[u1, 32]
/Channel/ProtocolEvent/maxFileLength[u1, 33]
/Channel/ProtocolEvent/maxFileLength[u1, 34]
/Channel/ProtocolEvent/maxFileLength[u1, 35]
/Channel/ProtocolEvent/maxFileLength[u1, 36]
/Channel/ProtocolEvent/maxFileLength[u1, 37]
/Channel/ProtocolEvent/maxFileLength[u1, 38]
/Channel/ProtocolEvent/maxFileLength[u1, 39]
/Channel/ProtocolEvent/maxFileLength[u1, 40]
/Channel/ProtocolEvent/maxFileLength[u1, 41]
/Channel/ProtocolEvent/maxFileLength[u1, 42]
/Channel/ProtocolEvent/maxFileLength[u1, 43]
/Channel/ProtocolEvent/maxFileLength[u1, 44]
/Channel/ProtocolEvent/maxFileLength[u1, 45]
/Channel/ProtocolEvent/maxFileLength[u1, 46]
/Channel/ProtocolEvent/maxFileLength[u1, 47]
/Channel/ProtocolEvent/maxFileLength[u1, 48]
/Channel/ProtocolEvent/maxFileLength[u1, 49]
/Channel/ProtocolEvent/maxFileLength[u1, 50]
/Channel/ProtocolEvent/maxFileLength[u1, 51]
/Channel/ProtocolEvent/maxFileLength[u1, 52]
/Channel/ProtocolEvent/maxFileLength[u1, 53]
/Channel/ProtocolEvent/maxFileLength[u1, 54]
/Channel/ProtocolEvent/maxFileLength[u1, 55]
/Channel/ProtocolEvent/maxFileLength[u1, 56]
/Channel/ProtocolEvent/maxFileLength[u1, 57]
/Channel/ProtocolEvent/maxFileLength[u1, 58]
/Channel/ProtocolEvent/maxFileLength[u1, 59]
/Channel/ProtocolEvent/maxFileLength[u1, 60]
/Channel/ProtocolEvent/maxFileLength[u1, 61]
/Channel/ProtocolEvent/maxFileLength[u1, 62]
/Channel/ProtocolEvent/maxFileLength[u1, 63]
/Channel/ProtocolEvent/maxFileLength[u1, 64]
/Channel/ProtocolEvent/maxFileLength[u1, 65]
/Channel/ProtocolEvent/maxFileLength[u1, 66]
/Channel/ProtocolEvent/maxFileLength[u1, 67]
/Channel/ProtocolEvent/maxFileLength[u1, 68]
/Channel/ProtocolEvent/maxFileLength[u1, 69]
/Channel/ProtocolEvent/maxFileLength[u1, 70]
/Channel/ProtocolEvent/maxFileLength[u1, 71]
/Channel/ProtocolEvent/maxFileLength[u1, 72]
/Channel/ProtocolEvent/maxFileLength[u1, 73]
/Channel/ProtocolEvent/maxFileLength[u1, 74]
/Channel/ProtocolEvent/maxFileLength[u1, 75]
/Channel/ProtocolEvent/maxFileLength[u1, 76]
/Channel/ProtocolEvent/maxFileLength[u1, 77]
/Channel/ProtocolEvent/maxFileLength[u1, 78]
/Channel/ProtocolEvent/maxFileLength[u1, 79]
/Channel/ProtocolEvent/maxFileLength[u1, 80]
/Channel/ProtocolEvent/maxFileLength[u1, 81]
/Channel/ProtocolEvent/maxFileLength[u1, 82]
/Channel/ProtocolEvent/maxFileLength[u1, 83]
/Channel/ProtocolEvent/maxFileLength[u1, 84]
/Channel/ProtocolEvent/maxFileLength[u1, 85]
/Channel/ProtocolEvent/maxFileLength[u1, 86]
/Channel/ProtocolEvent/maxFileLength[u1, 87]
/Channel/ProtocolEvent/maxFileLength[u1, 88]
/Channel/ProtocolEvent/maxFileLength[u1, 89]
/Channel/ProtocolEvent/maxFileLength[u1, 90]
/Channel/ProtocolEvent/maxFileLength[u1, 91]
/Channel/ProtocolEvent/maxFileLength[u1, 92]
/Channel/ProtocolEvent/maxFileLength[u1, 93]
/Channel/ProtocolEvent/maxFileLength[u1, 94]
/Channel/ProtocolEvent/maxFileLength[u1, 95]
/Channel/ProtocolEvent/maxFileLength[u1, 96]
/Channel/ProtocolEvent/maxFileLength[u1, 97]
/Channel/ProtocolEvent/maxFileLength[u1, 98]
/Channel/ProtocolEvent/maxFileLength[u1, 99]
/Channel/ProtocolEvent/maxFileLength[u1, 100]";False
maxElementsFastFifoUsed;Maximum Fifo buffer fill level reached;;;10;Event (see module header);siehe Bausteinkopf;For diagnosis: Maximum number of entries in the FIFO buffer;TYPE_UWORD;No unit;0;0.0;;/Channel/ProtocolEvent/maxElementsFastFifoUsed[u<Channel numb>, <Line Index>];"/Channel/ProtocolEvent/maxElementsFastFifoUsed[u1, 1]
/Channel/ProtocolEvent/maxElementsFastFifoUsed[u1, 2]
/Channel/ProtocolEvent/maxElementsFastFifoUsed[u1, 3]
/Channel/ProtocolEvent/maxElementsFastFifoUsed[u1, 4]
/Channel/ProtocolEvent/maxElementsFastFifoUsed[u1, 5]
/Channel/ProtocolEvent/maxElementsFastFifoUsed[u1, 6]
/Channel/ProtocolEvent/maxElementsFastFifoUsed[u1, 7]
/Channel/ProtocolEvent/maxElementsFastFifoUsed[u1, 8]
/Channel/ProtocolEvent/maxElementsFastFifoUsed[u1, 9]
/Channel/ProtocolEvent/maxElementsFastFifoUsed[u1, 10]
/Channel/ProtocolEvent/maxElementsFastFifoUsed[u1, 11]
/Channel/ProtocolEvent/maxElementsFastFifoUsed[u1, 12]
/Channel/ProtocolEvent/maxElementsFastFifoUsed[u1, 13]
/Channel/ProtocolEvent/maxElementsFastFifoUsed[u1, 14]
/Channel/ProtocolEvent/maxElementsFastFifoUsed[u1, 15]
/Channel/ProtocolEvent/maxElementsFastFifoUsed[u1, 16]
/Channel/ProtocolEvent/maxElementsFastFifoUsed[u1, 17]
/Channel/ProtocolEvent/maxElementsFastFifoUsed[u1, 18]
/Channel/ProtocolEvent/maxElementsFastFifoUsed[u1, 19]
/Channel/ProtocolEvent/maxElementsFastFifoUsed[u1, 20]
/Channel/ProtocolEvent/maxElementsFastFifoUsed[u1, 21]
/Channel/ProtocolEvent/maxElementsFastFifoUsed[u1, 22]
/Channel/ProtocolEvent/maxElementsFastFifoUsed[u1, 23]
/Channel/ProtocolEvent/maxElementsFastFifoUsed[u1, 24]
/Channel/ProtocolEvent/maxElementsFastFifoUsed[u1, 25]
/Channel/ProtocolEvent/maxElementsFastFifoUsed[u1, 26]
/Channel/ProtocolEvent/maxElementsFastFifoUsed[u1, 27]
/Channel/ProtocolEvent/maxElementsFastFifoUsed[u1, 28]
/Channel/ProtocolEvent/maxElementsFastFifoUsed[u1, 29]
/Channel/ProtocolEvent/maxElementsFastFifoUsed[u1, 30]
/Channel/ProtocolEvent/maxElementsFastFifoUsed[u1, 31]
/Channel/ProtocolEvent/maxElementsFastFifoUsed[u1, 32]
/Channel/ProtocolEvent/maxElementsFastFifoUsed[u1, 33]
/Channel/ProtocolEvent/maxElementsFastFifoUsed[u1, 34]
/Channel/ProtocolEvent/maxElementsFastFifoUsed[u1, 35]
/Channel/ProtocolEvent/maxElementsFastFifoUsed[u1, 36]
/Channel/ProtocolEvent/maxElementsFastFifoUsed[u1, 37]
/Channel/ProtocolEvent/maxElementsFastFifoUsed[u1, 38]
/Channel/ProtocolEvent/maxElementsFastFifoUsed[u1, 39]
/Channel/ProtocolEvent/maxElementsFastFifoUsed[u1, 40]
/Channel/ProtocolEvent/maxElementsFastFifoUsed[u1, 41]
/Channel/ProtocolEvent/maxElementsFastFifoUsed[u1, 42]
/Channel/ProtocolEvent/maxElementsFastFifoUsed[u1, 43]
/Channel/ProtocolEvent/maxElementsFastFifoUsed[u1, 44]
/Channel/ProtocolEvent/maxElementsFastFifoUsed[u1, 45]
/Channel/ProtocolEvent/maxElementsFastFifoUsed[u1, 46]
/Channel/ProtocolEvent/maxElementsFastFifoUsed[u1, 47]
/Channel/ProtocolEvent/maxElementsFastFifoUsed[u1, 48]
/Channel/ProtocolEvent/maxElementsFastFifoUsed[u1, 49]
/Channel/ProtocolEvent/maxElementsFastFifoUsed[u1, 50]
/Channel/ProtocolEvent/maxElementsFastFifoUsed[u1, 51]
/Channel/ProtocolEvent/maxElementsFastFifoUsed[u1, 52]
/Channel/ProtocolEvent/maxElementsFastFifoUsed[u1, 53]
/Channel/ProtocolEvent/maxElementsFastFifoUsed[u1, 54]
/Channel/ProtocolEvent/maxElementsFastFifoUsed[u1, 55]
/Channel/ProtocolEvent/maxElementsFastFifoUsed[u1, 56]
/Channel/ProtocolEvent/maxElementsFastFifoUsed[u1, 57]
/Channel/ProtocolEvent/maxElementsFastFifoUsed[u1, 58]
/Channel/ProtocolEvent/maxElementsFastFifoUsed[u1, 59]
/Channel/ProtocolEvent/maxElementsFastFifoUsed[u1, 60]
/Channel/ProtocolEvent/maxElementsFastFifoUsed[u1, 61]
/Channel/ProtocolEvent/maxElementsFastFifoUsed[u1, 62]
/Channel/ProtocolEvent/maxElementsFastFifoUsed[u1, 63]
/Channel/ProtocolEvent/maxElementsFastFifoUsed[u1, 64]
/Channel/ProtocolEvent/maxElementsFastFifoUsed[u1, 65]
/Channel/ProtocolEvent/maxElementsFastFifoUsed[u1, 66]
/Channel/ProtocolEvent/maxElementsFastFifoUsed[u1, 67]
/Channel/ProtocolEvent/maxElementsFastFifoUsed[u1, 68]
/Channel/ProtocolEvent/maxElementsFastFifoUsed[u1, 69]
/Channel/ProtocolEvent/maxElementsFastFifoUsed[u1, 70]
/Channel/ProtocolEvent/maxElementsFastFifoUsed[u1, 71]
/Channel/ProtocolEvent/maxElementsFastFifoUsed[u1, 72]
/Channel/ProtocolEvent/maxElementsFastFifoUsed[u1, 73]
/Channel/ProtocolEvent/maxElementsFastFifoUsed[u1, 74]
/Channel/ProtocolEvent/maxElementsFastFifoUsed[u1, 75]
/Channel/ProtocolEvent/maxElementsFastFifoUsed[u1, 76]
/Channel/ProtocolEvent/maxElementsFastFifoUsed[u1, 77]
/Channel/ProtocolEvent/maxElementsFastFifoUsed[u1, 78]
/Channel/ProtocolEvent/maxElementsFastFifoUsed[u1, 79]
/Channel/ProtocolEvent/maxElementsFastFifoUsed[u1, 80]
/Channel/ProtocolEvent/maxElementsFastFifoUsed[u1, 81]
/Channel/ProtocolEvent/maxElementsFastFifoUsed[u1, 82]
/Channel/ProtocolEvent/maxElementsFastFifoUsed[u1, 83]
/Channel/ProtocolEvent/maxElementsFastFifoUsed[u1, 84]
/Channel/ProtocolEvent/maxElementsFastFifoUsed[u1, 85]
/Channel/ProtocolEvent/maxElementsFastFifoUsed[u1, 86]
/Channel/ProtocolEvent/maxElementsFastFifoUsed[u1, 87]
/Channel/ProtocolEvent/maxElementsFastFifoUsed[u1, 88]
/Channel/ProtocolEvent/maxElementsFastFifoUsed[u1, 89]
/Channel/ProtocolEvent/maxElementsFastFifoUsed[u1, 90]
/Channel/ProtocolEvent/maxElementsFastFifoUsed[u1, 91]
/Channel/ProtocolEvent/maxElementsFastFifoUsed[u1, 92]
/Channel/ProtocolEvent/maxElementsFastFifoUsed[u1, 93]
/Channel/ProtocolEvent/maxElementsFastFifoUsed[u1, 94]
/Channel/ProtocolEvent/maxElementsFastFifoUsed[u1, 95]
/Channel/ProtocolEvent/maxElementsFastFifoUsed[u1, 96]
/Channel/ProtocolEvent/maxElementsFastFifoUsed[u1, 97]
/Channel/ProtocolEvent/maxElementsFastFifoUsed[u1, 98]
/Channel/ProtocolEvent/maxElementsFastFifoUsed[u1, 99]
/Channel/ProtocolEvent/maxElementsFastFifoUsed[u1, 100]";False
headerType;Type of header in the data record;;;21;Event (see module header);siehe Bausteinkopf;"Type of header in the data record

Value Range:
0: No header
1: Short header with the following structure:
UDword dataStamp; // Data record identified by a consecutive number
UWord event; // Enter type of event that occurred
UWord protCount; // The number of times the event has been logged
2: Long header with the following structure: 
UDword dataStamp; // Data record identified by a consecutive number
UWord event; // Enter type of event that occurred
UByte chan; // Channel in which the event occurred
UByte dummy1; // Still free
UDword protCount; // The number of times the event has been logged
UDword dummy2; // Still free
3: Mid-length header, non-aligned with the following structure: 
UDword dataStamp; // Data record identified by a consecutive number
UWord event; // Enter type of event that occurred
UByte chan; // Channel in which the event occurred
UByte dummy1; // Still free
UDword protCount; // The number of times the event has been logged";TYPE_UWORD;No unit;1;0.0;3;/Channel/ProtocolEvent/headerType[u<Channel numb>, <Line Index>];"/Channel/ProtocolEvent/headerType[u1, 1]
/Channel/ProtocolEvent/headerType[u1, 2]
/Channel/ProtocolEvent/headerType[u1, 3]
/Channel/ProtocolEvent/headerType[u1, 4]
/Channel/ProtocolEvent/headerType[u1, 5]
/Channel/ProtocolEvent/headerType[u1, 6]
/Channel/ProtocolEvent/headerType[u1, 7]
/Channel/ProtocolEvent/headerType[u1, 8]
/Channel/ProtocolEvent/headerType[u1, 9]
/Channel/ProtocolEvent/headerType[u1, 10]
/Channel/ProtocolEvent/headerType[u1, 11]
/Channel/ProtocolEvent/headerType[u1, 12]
/Channel/ProtocolEvent/headerType[u1, 13]
/Channel/ProtocolEvent/headerType[u1, 14]
/Channel/ProtocolEvent/headerType[u1, 15]
/Channel/ProtocolEvent/headerType[u1, 16]
/Channel/ProtocolEvent/headerType[u1, 17]
/Channel/ProtocolEvent/headerType[u1, 18]
/Channel/ProtocolEvent/headerType[u1, 19]
/Channel/ProtocolEvent/headerType[u1, 20]
/Channel/ProtocolEvent/headerType[u1, 21]
/Channel/ProtocolEvent/headerType[u1, 22]
/Channel/ProtocolEvent/headerType[u1, 23]
/Channel/ProtocolEvent/headerType[u1, 24]
/Channel/ProtocolEvent/headerType[u1, 25]
/Channel/ProtocolEvent/headerType[u1, 26]
/Channel/ProtocolEvent/headerType[u1, 27]
/Channel/ProtocolEvent/headerType[u1, 28]
/Channel/ProtocolEvent/headerType[u1, 29]
/Channel/ProtocolEvent/headerType[u1, 30]
/Channel/ProtocolEvent/headerType[u1, 31]
/Channel/ProtocolEvent/headerType[u1, 32]
/Channel/ProtocolEvent/headerType[u1, 33]
/Channel/ProtocolEvent/headerType[u1, 34]
/Channel/ProtocolEvent/headerType[u1, 35]
/Channel/ProtocolEvent/headerType[u1, 36]
/Channel/ProtocolEvent/headerType[u1, 37]
/Channel/ProtocolEvent/headerType[u1, 38]
/Channel/ProtocolEvent/headerType[u1, 39]
/Channel/ProtocolEvent/headerType[u1, 40]
/Channel/ProtocolEvent/headerType[u1, 41]
/Channel/ProtocolEvent/headerType[u1, 42]
/Channel/ProtocolEvent/headerType[u1, 43]
/Channel/ProtocolEvent/headerType[u1, 44]
/Channel/ProtocolEvent/headerType[u1, 45]
/Channel/ProtocolEvent/headerType[u1, 46]
/Channel/ProtocolEvent/headerType[u1, 47]
/Channel/ProtocolEvent/headerType[u1, 48]
/Channel/ProtocolEvent/headerType[u1, 49]
/Channel/ProtocolEvent/headerType[u1, 50]
/Channel/ProtocolEvent/headerType[u1, 51]
/Channel/ProtocolEvent/headerType[u1, 52]
/Channel/ProtocolEvent/headerType[u1, 53]
/Channel/ProtocolEvent/headerType[u1, 54]
/Channel/ProtocolEvent/headerType[u1, 55]
/Channel/ProtocolEvent/headerType[u1, 56]
/Channel/ProtocolEvent/headerType[u1, 57]
/Channel/ProtocolEvent/headerType[u1, 58]
/Channel/ProtocolEvent/headerType[u1, 59]
/Channel/ProtocolEvent/headerType[u1, 60]
/Channel/ProtocolEvent/headerType[u1, 61]
/Channel/ProtocolEvent/headerType[u1, 62]
/Channel/ProtocolEvent/headerType[u1, 63]
/Channel/ProtocolEvent/headerType[u1, 64]
/Channel/ProtocolEvent/headerType[u1, 65]
/Channel/ProtocolEvent/headerType[u1, 66]
/Channel/ProtocolEvent/headerType[u1, 67]
/Channel/ProtocolEvent/headerType[u1, 68]
/Channel/ProtocolEvent/headerType[u1, 69]
/Channel/ProtocolEvent/headerType[u1, 70]
/Channel/ProtocolEvent/headerType[u1, 71]
/Channel/ProtocolEvent/headerType[u1, 72]
/Channel/ProtocolEvent/headerType[u1, 73]
/Channel/ProtocolEvent/headerType[u1, 74]
/Channel/ProtocolEvent/headerType[u1, 75]
/Channel/ProtocolEvent/headerType[u1, 76]
/Channel/ProtocolEvent/headerType[u1, 77]
/Channel/ProtocolEvent/headerType[u1, 78]
/Channel/ProtocolEvent/headerType[u1, 79]
/Channel/ProtocolEvent/headerType[u1, 80]
/Channel/ProtocolEvent/headerType[u1, 81]
/Channel/ProtocolEvent/headerType[u1, 82]
/Channel/ProtocolEvent/headerType[u1, 83]
/Channel/ProtocolEvent/headerType[u1, 84]
/Channel/ProtocolEvent/headerType[u1, 85]
/Channel/ProtocolEvent/headerType[u1, 86]
/Channel/ProtocolEvent/headerType[u1, 87]
/Channel/ProtocolEvent/headerType[u1, 88]
/Channel/ProtocolEvent/headerType[u1, 89]
/Channel/ProtocolEvent/headerType[u1, 90]
/Channel/ProtocolEvent/headerType[u1, 91]
/Channel/ProtocolEvent/headerType[u1, 92]
/Channel/ProtocolEvent/headerType[u1, 93]
/Channel/ProtocolEvent/headerType[u1, 94]
/Channel/ProtocolEvent/headerType[u1, 95]
/Channel/ProtocolEvent/headerType[u1, 96]
/Channel/ProtocolEvent/headerType[u1, 97]
/Channel/ProtocolEvent/headerType[u1, 98]
/Channel/ProtocolEvent/headerType[u1, 99]
/Channel/ProtocolEvent/headerType[u1, 100]";False
eventActiveStatus;State;;;12;Event (see module header);siehe Bausteinkopf;"For diagnosis: Event state

Value Range:
0: Activated
1: Not activated
2: Cannot be activated because the sum of the variable lengths is too large
3: Cannot be activated because the internal resources are not sufficient
4: Cannot be activated because the protocol file cannot be created
100-...- cannot be activated because the variable specification with the index (value - 100) is wrong";TYPE_UWORD;No unit;0;0.0;;/Channel/ProtocolEvent/eventActiveStatus[u<Channel numb>, <Line Index>];"/Channel/ProtocolEvent/eventActiveStatus[u1, 1]
/Channel/ProtocolEvent/eventActiveStatus[u1, 2]
/Channel/ProtocolEvent/eventActiveStatus[u1, 3]
/Channel/ProtocolEvent/eventActiveStatus[u1, 4]
/Channel/ProtocolEvent/eventActiveStatus[u1, 5]
/Channel/ProtocolEvent/eventActiveStatus[u1, 6]
/Channel/ProtocolEvent/eventActiveStatus[u1, 7]
/Channel/ProtocolEvent/eventActiveStatus[u1, 8]
/Channel/ProtocolEvent/eventActiveStatus[u1, 9]
/Channel/ProtocolEvent/eventActiveStatus[u1, 10]
/Channel/ProtocolEvent/eventActiveStatus[u1, 11]
/Channel/ProtocolEvent/eventActiveStatus[u1, 12]
/Channel/ProtocolEvent/eventActiveStatus[u1, 13]
/Channel/ProtocolEvent/eventActiveStatus[u1, 14]
/Channel/ProtocolEvent/eventActiveStatus[u1, 15]
/Channel/ProtocolEvent/eventActiveStatus[u1, 16]
/Channel/ProtocolEvent/eventActiveStatus[u1, 17]
/Channel/ProtocolEvent/eventActiveStatus[u1, 18]
/Channel/ProtocolEvent/eventActiveStatus[u1, 19]
/Channel/ProtocolEvent/eventActiveStatus[u1, 20]
/Channel/ProtocolEvent/eventActiveStatus[u1, 21]
/Channel/ProtocolEvent/eventActiveStatus[u1, 22]
/Channel/ProtocolEvent/eventActiveStatus[u1, 23]
/Channel/ProtocolEvent/eventActiveStatus[u1, 24]
/Channel/ProtocolEvent/eventActiveStatus[u1, 25]
/Channel/ProtocolEvent/eventActiveStatus[u1, 26]
/Channel/ProtocolEvent/eventActiveStatus[u1, 27]
/Channel/ProtocolEvent/eventActiveStatus[u1, 28]
/Channel/ProtocolEvent/eventActiveStatus[u1, 29]
/Channel/ProtocolEvent/eventActiveStatus[u1, 30]
/Channel/ProtocolEvent/eventActiveStatus[u1, 31]
/Channel/ProtocolEvent/eventActiveStatus[u1, 32]
/Channel/ProtocolEvent/eventActiveStatus[u1, 33]
/Channel/ProtocolEvent/eventActiveStatus[u1, 34]
/Channel/ProtocolEvent/eventActiveStatus[u1, 35]
/Channel/ProtocolEvent/eventActiveStatus[u1, 36]
/Channel/ProtocolEvent/eventActiveStatus[u1, 37]
/Channel/ProtocolEvent/eventActiveStatus[u1, 38]
/Channel/ProtocolEvent/eventActiveStatus[u1, 39]
/Channel/ProtocolEvent/eventActiveStatus[u1, 40]
/Channel/ProtocolEvent/eventActiveStatus[u1, 41]
/Channel/ProtocolEvent/eventActiveStatus[u1, 42]
/Channel/ProtocolEvent/eventActiveStatus[u1, 43]
/Channel/ProtocolEvent/eventActiveStatus[u1, 44]
/Channel/ProtocolEvent/eventActiveStatus[u1, 45]
/Channel/ProtocolEvent/eventActiveStatus[u1, 46]
/Channel/ProtocolEvent/eventActiveStatus[u1, 47]
/Channel/ProtocolEvent/eventActiveStatus[u1, 48]
/Channel/ProtocolEvent/eventActiveStatus[u1, 49]
/Channel/ProtocolEvent/eventActiveStatus[u1, 50]
/Channel/ProtocolEvent/eventActiveStatus[u1, 51]
/Channel/ProtocolEvent/eventActiveStatus[u1, 52]
/Channel/ProtocolEvent/eventActiveStatus[u1, 53]
/Channel/ProtocolEvent/eventActiveStatus[u1, 54]
/Channel/ProtocolEvent/eventActiveStatus[u1, 55]
/Channel/ProtocolEvent/eventActiveStatus[u1, 56]
/Channel/ProtocolEvent/eventActiveStatus[u1, 57]
/Channel/ProtocolEvent/eventActiveStatus[u1, 58]
/Channel/ProtocolEvent/eventActiveStatus[u1, 59]
/Channel/ProtocolEvent/eventActiveStatus[u1, 60]
/Channel/ProtocolEvent/eventActiveStatus[u1, 61]
/Channel/ProtocolEvent/eventActiveStatus[u1, 62]
/Channel/ProtocolEvent/eventActiveStatus[u1, 63]
/Channel/ProtocolEvent/eventActiveStatus[u1, 64]
/Channel/ProtocolEvent/eventActiveStatus[u1, 65]
/Channel/ProtocolEvent/eventActiveStatus[u1, 66]
/Channel/ProtocolEvent/eventActiveStatus[u1, 67]
/Channel/ProtocolEvent/eventActiveStatus[u1, 68]
/Channel/ProtocolEvent/eventActiveStatus[u1, 69]
/Channel/ProtocolEvent/eventActiveStatus[u1, 70]
/Channel/ProtocolEvent/eventActiveStatus[u1, 71]
/Channel/ProtocolEvent/eventActiveStatus[u1, 72]
/Channel/ProtocolEvent/eventActiveStatus[u1, 73]
/Channel/ProtocolEvent/eventActiveStatus[u1, 74]
/Channel/ProtocolEvent/eventActiveStatus[u1, 75]
/Channel/ProtocolEvent/eventActiveStatus[u1, 76]
/Channel/ProtocolEvent/eventActiveStatus[u1, 77]
/Channel/ProtocolEvent/eventActiveStatus[u1, 78]
/Channel/ProtocolEvent/eventActiveStatus[u1, 79]
/Channel/ProtocolEvent/eventActiveStatus[u1, 80]
/Channel/ProtocolEvent/eventActiveStatus[u1, 81]
/Channel/ProtocolEvent/eventActiveStatus[u1, 82]
/Channel/ProtocolEvent/eventActiveStatus[u1, 83]
/Channel/ProtocolEvent/eventActiveStatus[u1, 84]
/Channel/ProtocolEvent/eventActiveStatus[u1, 85]
/Channel/ProtocolEvent/eventActiveStatus[u1, 86]
/Channel/ProtocolEvent/eventActiveStatus[u1, 87]
/Channel/ProtocolEvent/eventActiveStatus[u1, 88]
/Channel/ProtocolEvent/eventActiveStatus[u1, 89]
/Channel/ProtocolEvent/eventActiveStatus[u1, 90]
/Channel/ProtocolEvent/eventActiveStatus[u1, 91]
/Channel/ProtocolEvent/eventActiveStatus[u1, 92]
/Channel/ProtocolEvent/eventActiveStatus[u1, 93]
/Channel/ProtocolEvent/eventActiveStatus[u1, 94]
/Channel/ProtocolEvent/eventActiveStatus[u1, 95]
/Channel/ProtocolEvent/eventActiveStatus[u1, 96]
/Channel/ProtocolEvent/eventActiveStatus[u1, 97]
/Channel/ProtocolEvent/eventActiveStatus[u1, 98]
/Channel/ProtocolEvent/eventActiveStatus[u1, 99]
/Channel/ProtocolEvent/eventActiveStatus[u1, 100]";False
eventActive;Event state;;;1;Event (see module header);siehe Bausteinkopf;"Event state

Value Range:
0: Not active
1: Active
2: Deactivate and release data set";TYPE_UWORD;No unit;0;0.0;2;/Channel/ProtocolEvent/eventActive[u<Channel numb>, <Line Index>];"/Channel/ProtocolEvent/eventActive[u1, 1]
/Channel/ProtocolEvent/eventActive[u1, 2]
/Channel/ProtocolEvent/eventActive[u1, 3]
/Channel/ProtocolEvent/eventActive[u1, 4]
/Channel/ProtocolEvent/eventActive[u1, 5]
/Channel/ProtocolEvent/eventActive[u1, 6]
/Channel/ProtocolEvent/eventActive[u1, 7]
/Channel/ProtocolEvent/eventActive[u1, 8]
/Channel/ProtocolEvent/eventActive[u1, 9]
/Channel/ProtocolEvent/eventActive[u1, 10]
/Channel/ProtocolEvent/eventActive[u1, 11]
/Channel/ProtocolEvent/eventActive[u1, 12]
/Channel/ProtocolEvent/eventActive[u1, 13]
/Channel/ProtocolEvent/eventActive[u1, 14]
/Channel/ProtocolEvent/eventActive[u1, 15]
/Channel/ProtocolEvent/eventActive[u1, 16]
/Channel/ProtocolEvent/eventActive[u1, 17]
/Channel/ProtocolEvent/eventActive[u1, 18]
/Channel/ProtocolEvent/eventActive[u1, 19]
/Channel/ProtocolEvent/eventActive[u1, 20]
/Channel/ProtocolEvent/eventActive[u1, 21]
/Channel/ProtocolEvent/eventActive[u1, 22]
/Channel/ProtocolEvent/eventActive[u1, 23]
/Channel/ProtocolEvent/eventActive[u1, 24]
/Channel/ProtocolEvent/eventActive[u1, 25]
/Channel/ProtocolEvent/eventActive[u1, 26]
/Channel/ProtocolEvent/eventActive[u1, 27]
/Channel/ProtocolEvent/eventActive[u1, 28]
/Channel/ProtocolEvent/eventActive[u1, 29]
/Channel/ProtocolEvent/eventActive[u1, 30]
/Channel/ProtocolEvent/eventActive[u1, 31]
/Channel/ProtocolEvent/eventActive[u1, 32]
/Channel/ProtocolEvent/eventActive[u1, 33]
/Channel/ProtocolEvent/eventActive[u1, 34]
/Channel/ProtocolEvent/eventActive[u1, 35]
/Channel/ProtocolEvent/eventActive[u1, 36]
/Channel/ProtocolEvent/eventActive[u1, 37]
/Channel/ProtocolEvent/eventActive[u1, 38]
/Channel/ProtocolEvent/eventActive[u1, 39]
/Channel/ProtocolEvent/eventActive[u1, 40]
/Channel/ProtocolEvent/eventActive[u1, 41]
/Channel/ProtocolEvent/eventActive[u1, 42]
/Channel/ProtocolEvent/eventActive[u1, 43]
/Channel/ProtocolEvent/eventActive[u1, 44]
/Channel/ProtocolEvent/eventActive[u1, 45]
/Channel/ProtocolEvent/eventActive[u1, 46]
/Channel/ProtocolEvent/eventActive[u1, 47]
/Channel/ProtocolEvent/eventActive[u1, 48]
/Channel/ProtocolEvent/eventActive[u1, 49]
/Channel/ProtocolEvent/eventActive[u1, 50]
/Channel/ProtocolEvent/eventActive[u1, 51]
/Channel/ProtocolEvent/eventActive[u1, 52]
/Channel/ProtocolEvent/eventActive[u1, 53]
/Channel/ProtocolEvent/eventActive[u1, 54]
/Channel/ProtocolEvent/eventActive[u1, 55]
/Channel/ProtocolEvent/eventActive[u1, 56]
/Channel/ProtocolEvent/eventActive[u1, 57]
/Channel/ProtocolEvent/eventActive[u1, 58]
/Channel/ProtocolEvent/eventActive[u1, 59]
/Channel/ProtocolEvent/eventActive[u1, 60]
/Channel/ProtocolEvent/eventActive[u1, 61]
/Channel/ProtocolEvent/eventActive[u1, 62]
/Channel/ProtocolEvent/eventActive[u1, 63]
/Channel/ProtocolEvent/eventActive[u1, 64]
/Channel/ProtocolEvent/eventActive[u1, 65]
/Channel/ProtocolEvent/eventActive[u1, 66]
/Channel/ProtocolEvent/eventActive[u1, 67]
/Channel/ProtocolEvent/eventActive[u1, 68]
/Channel/ProtocolEvent/eventActive[u1, 69]
/Channel/ProtocolEvent/eventActive[u1, 70]
/Channel/ProtocolEvent/eventActive[u1, 71]
/Channel/ProtocolEvent/eventActive[u1, 72]
/Channel/ProtocolEvent/eventActive[u1, 73]
/Channel/ProtocolEvent/eventActive[u1, 74]
/Channel/ProtocolEvent/eventActive[u1, 75]
/Channel/ProtocolEvent/eventActive[u1, 76]
/Channel/ProtocolEvent/eventActive[u1, 77]
/Channel/ProtocolEvent/eventActive[u1, 78]
/Channel/ProtocolEvent/eventActive[u1, 79]
/Channel/ProtocolEvent/eventActive[u1, 80]
/Channel/ProtocolEvent/eventActive[u1, 81]
/Channel/ProtocolEvent/eventActive[u1, 82]
/Channel/ProtocolEvent/eventActive[u1, 83]
/Channel/ProtocolEvent/eventActive[u1, 84]
/Channel/ProtocolEvent/eventActive[u1, 85]
/Channel/ProtocolEvent/eventActive[u1, 86]
/Channel/ProtocolEvent/eventActive[u1, 87]
/Channel/ProtocolEvent/eventActive[u1, 88]
/Channel/ProtocolEvent/eventActive[u1, 89]
/Channel/ProtocolEvent/eventActive[u1, 90]
/Channel/ProtocolEvent/eventActive[u1, 91]
/Channel/ProtocolEvent/eventActive[u1, 92]
/Channel/ProtocolEvent/eventActive[u1, 93]
/Channel/ProtocolEvent/eventActive[u1, 94]
/Channel/ProtocolEvent/eventActive[u1, 95]
/Channel/ProtocolEvent/eventActive[u1, 96]
/Channel/ProtocolEvent/eventActive[u1, 97]
/Channel/ProtocolEvent/eventActive[u1, 98]
/Channel/ProtocolEvent/eventActive[u1, 99]
/Channel/ProtocolEvent/eventActive[u1, 100]";False
dataUploaded;Bytes read to the Fifo file;;;14;;;Number of bytes already uploaded from the Fifo file;TYPE_DWORD;No unit;0;;;/Channel/ProtocolEvent/dataUploaded[u<Channel numb>];/Channel/ProtocolEvent/dataUploaded[u1];False
dataProtok;Bytes written to the Fifo file;;;15;;;Number of bytes entered in the Fifo file;TYPE_DWORD;No unit;0;;;/Channel/ProtocolEvent/dataProtok[u<Channel numb>];/Channel/ProtocolEvent/dataProtok[u1];False
dataListIndex;Index of data list;;;6;Event (see module header);siehe Bausteinkopf;"Index of data list to be used

Value Range:
All valid columns in module ETPD - 1)";TYPE_UWORD;No unit;0;0.0;;/Channel/ProtocolEvent/dataListIndex[u<Channel numb>, <Line Index>];"/Channel/ProtocolEvent/dataListIndex[u1, 1]
/Channel/ProtocolEvent/dataListIndex[u1, 2]
/Channel/ProtocolEvent/dataListIndex[u1, 3]
/Channel/ProtocolEvent/dataListIndex[u1, 4]
/Channel/ProtocolEvent/dataListIndex[u1, 5]
/Channel/ProtocolEvent/dataListIndex[u1, 6]
/Channel/ProtocolEvent/dataListIndex[u1, 7]
/Channel/ProtocolEvent/dataListIndex[u1, 8]
/Channel/ProtocolEvent/dataListIndex[u1, 9]
/Channel/ProtocolEvent/dataListIndex[u1, 10]
/Channel/ProtocolEvent/dataListIndex[u1, 11]
/Channel/ProtocolEvent/dataListIndex[u1, 12]
/Channel/ProtocolEvent/dataListIndex[u1, 13]
/Channel/ProtocolEvent/dataListIndex[u1, 14]
/Channel/ProtocolEvent/dataListIndex[u1, 15]
/Channel/ProtocolEvent/dataListIndex[u1, 16]
/Channel/ProtocolEvent/dataListIndex[u1, 17]
/Channel/ProtocolEvent/dataListIndex[u1, 18]
/Channel/ProtocolEvent/dataListIndex[u1, 19]
/Channel/ProtocolEvent/dataListIndex[u1, 20]
/Channel/ProtocolEvent/dataListIndex[u1, 21]
/Channel/ProtocolEvent/dataListIndex[u1, 22]
/Channel/ProtocolEvent/dataListIndex[u1, 23]
/Channel/ProtocolEvent/dataListIndex[u1, 24]
/Channel/ProtocolEvent/dataListIndex[u1, 25]
/Channel/ProtocolEvent/dataListIndex[u1, 26]
/Channel/ProtocolEvent/dataListIndex[u1, 27]
/Channel/ProtocolEvent/dataListIndex[u1, 28]
/Channel/ProtocolEvent/dataListIndex[u1, 29]
/Channel/ProtocolEvent/dataListIndex[u1, 30]
/Channel/ProtocolEvent/dataListIndex[u1, 31]
/Channel/ProtocolEvent/dataListIndex[u1, 32]
/Channel/ProtocolEvent/dataListIndex[u1, 33]
/Channel/ProtocolEvent/dataListIndex[u1, 34]
/Channel/ProtocolEvent/dataListIndex[u1, 35]
/Channel/ProtocolEvent/dataListIndex[u1, 36]
/Channel/ProtocolEvent/dataListIndex[u1, 37]
/Channel/ProtocolEvent/dataListIndex[u1, 38]
/Channel/ProtocolEvent/dataListIndex[u1, 39]
/Channel/ProtocolEvent/dataListIndex[u1, 40]
/Channel/ProtocolEvent/dataListIndex[u1, 41]
/Channel/ProtocolEvent/dataListIndex[u1, 42]
/Channel/ProtocolEvent/dataListIndex[u1, 43]
/Channel/ProtocolEvent/dataListIndex[u1, 44]
/Channel/ProtocolEvent/dataListIndex[u1, 45]
/Channel/ProtocolEvent/dataListIndex[u1, 46]
/Channel/ProtocolEvent/dataListIndex[u1, 47]
/Channel/ProtocolEvent/dataListIndex[u1, 48]
/Channel/ProtocolEvent/dataListIndex[u1, 49]
/Channel/ProtocolEvent/dataListIndex[u1, 50]
/Channel/ProtocolEvent/dataListIndex[u1, 51]
/Channel/ProtocolEvent/dataListIndex[u1, 52]
/Channel/ProtocolEvent/dataListIndex[u1, 53]
/Channel/ProtocolEvent/dataListIndex[u1, 54]
/Channel/ProtocolEvent/dataListIndex[u1, 55]
/Channel/ProtocolEvent/dataListIndex[u1, 56]
/Channel/ProtocolEvent/dataListIndex[u1, 57]
/Channel/ProtocolEvent/dataListIndex[u1, 58]
/Channel/ProtocolEvent/dataListIndex[u1, 59]
/Channel/ProtocolEvent/dataListIndex[u1, 60]
/Channel/ProtocolEvent/dataListIndex[u1, 61]
/Channel/ProtocolEvent/dataListIndex[u1, 62]
/Channel/ProtocolEvent/dataListIndex[u1, 63]
/Channel/ProtocolEvent/dataListIndex[u1, 64]
/Channel/ProtocolEvent/dataListIndex[u1, 65]
/Channel/ProtocolEvent/dataListIndex[u1, 66]
/Channel/ProtocolEvent/dataListIndex[u1, 67]
/Channel/ProtocolEvent/dataListIndex[u1, 68]
/Channel/ProtocolEvent/dataListIndex[u1, 69]
/Channel/ProtocolEvent/dataListIndex[u1, 70]
/Channel/ProtocolEvent/dataListIndex[u1, 71]
/Channel/ProtocolEvent/dataListIndex[u1, 72]
/Channel/ProtocolEvent/dataListIndex[u1, 73]
/Channel/ProtocolEvent/dataListIndex[u1, 74]
/Channel/ProtocolEvent/dataListIndex[u1, 75]
/Channel/ProtocolEvent/dataListIndex[u1, 76]
/Channel/ProtocolEvent/dataListIndex[u1, 77]
/Channel/ProtocolEvent/dataListIndex[u1, 78]
/Channel/ProtocolEvent/dataListIndex[u1, 79]
/Channel/ProtocolEvent/dataListIndex[u1, 80]
/Channel/ProtocolEvent/dataListIndex[u1, 81]
/Channel/ProtocolEvent/dataListIndex[u1, 82]
/Channel/ProtocolEvent/dataListIndex[u1, 83]
/Channel/ProtocolEvent/dataListIndex[u1, 84]
/Channel/ProtocolEvent/dataListIndex[u1, 85]
/Channel/ProtocolEvent/dataListIndex[u1, 86]
/Channel/ProtocolEvent/dataListIndex[u1, 87]
/Channel/ProtocolEvent/dataListIndex[u1, 88]
/Channel/ProtocolEvent/dataListIndex[u1, 89]
/Channel/ProtocolEvent/dataListIndex[u1, 90]
/Channel/ProtocolEvent/dataListIndex[u1, 91]
/Channel/ProtocolEvent/dataListIndex[u1, 92]
/Channel/ProtocolEvent/dataListIndex[u1, 93]
/Channel/ProtocolEvent/dataListIndex[u1, 94]
/Channel/ProtocolEvent/dataListIndex[u1, 95]
/Channel/ProtocolEvent/dataListIndex[u1, 96]
/Channel/ProtocolEvent/dataListIndex[u1, 97]
/Channel/ProtocolEvent/dataListIndex[u1, 98]
/Channel/ProtocolEvent/dataListIndex[u1, 99]
/Channel/ProtocolEvent/dataListIndex[u1, 100]";False
countActivatedL;Number of times the event has occurred.;;;20;Event (see module header);siehe Bausteinkopf;Number of times the event has occurred.;TYPE_DWORD;No unit;0;;;/Channel/ProtocolEvent/countActivatedL[u<Channel numb>, <Line Index>];"/Channel/ProtocolEvent/countActivatedL[u1, 1]
/Channel/ProtocolEvent/countActivatedL[u1, 2]
/Channel/ProtocolEvent/countActivatedL[u1, 3]
/Channel/ProtocolEvent/countActivatedL[u1, 4]
/Channel/ProtocolEvent/countActivatedL[u1, 5]
/Channel/ProtocolEvent/countActivatedL[u1, 6]
/Channel/ProtocolEvent/countActivatedL[u1, 7]
/Channel/ProtocolEvent/countActivatedL[u1, 8]
/Channel/ProtocolEvent/countActivatedL[u1, 9]
/Channel/ProtocolEvent/countActivatedL[u1, 10]
/Channel/ProtocolEvent/countActivatedL[u1, 11]
/Channel/ProtocolEvent/countActivatedL[u1, 12]
/Channel/ProtocolEvent/countActivatedL[u1, 13]
/Channel/ProtocolEvent/countActivatedL[u1, 14]
/Channel/ProtocolEvent/countActivatedL[u1, 15]
/Channel/ProtocolEvent/countActivatedL[u1, 16]
/Channel/ProtocolEvent/countActivatedL[u1, 17]
/Channel/ProtocolEvent/countActivatedL[u1, 18]
/Channel/ProtocolEvent/countActivatedL[u1, 19]
/Channel/ProtocolEvent/countActivatedL[u1, 20]
/Channel/ProtocolEvent/countActivatedL[u1, 21]
/Channel/ProtocolEvent/countActivatedL[u1, 22]
/Channel/ProtocolEvent/countActivatedL[u1, 23]
/Channel/ProtocolEvent/countActivatedL[u1, 24]
/Channel/ProtocolEvent/countActivatedL[u1, 25]
/Channel/ProtocolEvent/countActivatedL[u1, 26]
/Channel/ProtocolEvent/countActivatedL[u1, 27]
/Channel/ProtocolEvent/countActivatedL[u1, 28]
/Channel/ProtocolEvent/countActivatedL[u1, 29]
/Channel/ProtocolEvent/countActivatedL[u1, 30]
/Channel/ProtocolEvent/countActivatedL[u1, 31]
/Channel/ProtocolEvent/countActivatedL[u1, 32]
/Channel/ProtocolEvent/countActivatedL[u1, 33]
/Channel/ProtocolEvent/countActivatedL[u1, 34]
/Channel/ProtocolEvent/countActivatedL[u1, 35]
/Channel/ProtocolEvent/countActivatedL[u1, 36]
/Channel/ProtocolEvent/countActivatedL[u1, 37]
/Channel/ProtocolEvent/countActivatedL[u1, 38]
/Channel/ProtocolEvent/countActivatedL[u1, 39]
/Channel/ProtocolEvent/countActivatedL[u1, 40]
/Channel/ProtocolEvent/countActivatedL[u1, 41]
/Channel/ProtocolEvent/countActivatedL[u1, 42]
/Channel/ProtocolEvent/countActivatedL[u1, 43]
/Channel/ProtocolEvent/countActivatedL[u1, 44]
/Channel/ProtocolEvent/countActivatedL[u1, 45]
/Channel/ProtocolEvent/countActivatedL[u1, 46]
/Channel/ProtocolEvent/countActivatedL[u1, 47]
/Channel/ProtocolEvent/countActivatedL[u1, 48]
/Channel/ProtocolEvent/countActivatedL[u1, 49]
/Channel/ProtocolEvent/countActivatedL[u1, 50]
/Channel/ProtocolEvent/countActivatedL[u1, 51]
/Channel/ProtocolEvent/countActivatedL[u1, 52]
/Channel/ProtocolEvent/countActivatedL[u1, 53]
/Channel/ProtocolEvent/countActivatedL[u1, 54]
/Channel/ProtocolEvent/countActivatedL[u1, 55]
/Channel/ProtocolEvent/countActivatedL[u1, 56]
/Channel/ProtocolEvent/countActivatedL[u1, 57]
/Channel/ProtocolEvent/countActivatedL[u1, 58]
/Channel/ProtocolEvent/countActivatedL[u1, 59]
/Channel/ProtocolEvent/countActivatedL[u1, 60]
/Channel/ProtocolEvent/countActivatedL[u1, 61]
/Channel/ProtocolEvent/countActivatedL[u1, 62]
/Channel/ProtocolEvent/countActivatedL[u1, 63]
/Channel/ProtocolEvent/countActivatedL[u1, 64]
/Channel/ProtocolEvent/countActivatedL[u1, 65]
/Channel/ProtocolEvent/countActivatedL[u1, 66]
/Channel/ProtocolEvent/countActivatedL[u1, 67]
/Channel/ProtocolEvent/countActivatedL[u1, 68]
/Channel/ProtocolEvent/countActivatedL[u1, 69]
/Channel/ProtocolEvent/countActivatedL[u1, 70]
/Channel/ProtocolEvent/countActivatedL[u1, 71]
/Channel/ProtocolEvent/countActivatedL[u1, 72]
/Channel/ProtocolEvent/countActivatedL[u1, 73]
/Channel/ProtocolEvent/countActivatedL[u1, 74]
/Channel/ProtocolEvent/countActivatedL[u1, 75]
/Channel/ProtocolEvent/countActivatedL[u1, 76]
/Channel/ProtocolEvent/countActivatedL[u1, 77]
/Channel/ProtocolEvent/countActivatedL[u1, 78]
/Channel/ProtocolEvent/countActivatedL[u1, 79]
/Channel/ProtocolEvent/countActivatedL[u1, 80]
/Channel/ProtocolEvent/countActivatedL[u1, 81]
/Channel/ProtocolEvent/countActivatedL[u1, 82]
/Channel/ProtocolEvent/countActivatedL[u1, 83]
/Channel/ProtocolEvent/countActivatedL[u1, 84]
/Channel/ProtocolEvent/countActivatedL[u1, 85]
/Channel/ProtocolEvent/countActivatedL[u1, 86]
/Channel/ProtocolEvent/countActivatedL[u1, 87]
/Channel/ProtocolEvent/countActivatedL[u1, 88]
/Channel/ProtocolEvent/countActivatedL[u1, 89]
/Channel/ProtocolEvent/countActivatedL[u1, 90]
/Channel/ProtocolEvent/countActivatedL[u1, 91]
/Channel/ProtocolEvent/countActivatedL[u1, 92]
/Channel/ProtocolEvent/countActivatedL[u1, 93]
/Channel/ProtocolEvent/countActivatedL[u1, 94]
/Channel/ProtocolEvent/countActivatedL[u1, 95]
/Channel/ProtocolEvent/countActivatedL[u1, 96]
/Channel/ProtocolEvent/countActivatedL[u1, 97]
/Channel/ProtocolEvent/countActivatedL[u1, 98]
/Channel/ProtocolEvent/countActivatedL[u1, 99]
/Channel/ProtocolEvent/countActivatedL[u1, 100]";False
countActivated;Number of occurrences of event;;;13;;;Number of times the event has occurred;TYPE_UWORD;No unit;0;;;/Channel/ProtocolEvent/countActivated[u<Channel numb>];/Channel/ProtocolEvent/countActivated[u1];False
asciiMode;Data logging format;;;7;Event (see module header);siehe Bausteinkopf;"Data logging format

Value Range:
0: Data recorded in binary format with fixed alignment to 8 bytes
1: Data recorded in ASCII format
2: Data recorded in binary format with variable alignment
3: Data recorded in binary format with variable alignment and optimization of two consecutive data records of the same event. In this case, only the header is logged, not the actual data.";TYPE_UWORD;No unit;0;0.0;3;/Channel/ProtocolEvent/asciiMode[u<Channel numb>, <Line Index>];"/Channel/ProtocolEvent/asciiMode[u1, 1]
/Channel/ProtocolEvent/asciiMode[u1, 2]
/Channel/ProtocolEvent/asciiMode[u1, 3]
/Channel/ProtocolEvent/asciiMode[u1, 4]
/Channel/ProtocolEvent/asciiMode[u1, 5]
/Channel/ProtocolEvent/asciiMode[u1, 6]
/Channel/ProtocolEvent/asciiMode[u1, 7]
/Channel/ProtocolEvent/asciiMode[u1, 8]
/Channel/ProtocolEvent/asciiMode[u1, 9]
/Channel/ProtocolEvent/asciiMode[u1, 10]
/Channel/ProtocolEvent/asciiMode[u1, 11]
/Channel/ProtocolEvent/asciiMode[u1, 12]
/Channel/ProtocolEvent/asciiMode[u1, 13]
/Channel/ProtocolEvent/asciiMode[u1, 14]
/Channel/ProtocolEvent/asciiMode[u1, 15]
/Channel/ProtocolEvent/asciiMode[u1, 16]
/Channel/ProtocolEvent/asciiMode[u1, 17]
/Channel/ProtocolEvent/asciiMode[u1, 18]
/Channel/ProtocolEvent/asciiMode[u1, 19]
/Channel/ProtocolEvent/asciiMode[u1, 20]
/Channel/ProtocolEvent/asciiMode[u1, 21]
/Channel/ProtocolEvent/asciiMode[u1, 22]
/Channel/ProtocolEvent/asciiMode[u1, 23]
/Channel/ProtocolEvent/asciiMode[u1, 24]
/Channel/ProtocolEvent/asciiMode[u1, 25]
/Channel/ProtocolEvent/asciiMode[u1, 26]
/Channel/ProtocolEvent/asciiMode[u1, 27]
/Channel/ProtocolEvent/asciiMode[u1, 28]
/Channel/ProtocolEvent/asciiMode[u1, 29]
/Channel/ProtocolEvent/asciiMode[u1, 30]
/Channel/ProtocolEvent/asciiMode[u1, 31]
/Channel/ProtocolEvent/asciiMode[u1, 32]
/Channel/ProtocolEvent/asciiMode[u1, 33]
/Channel/ProtocolEvent/asciiMode[u1, 34]
/Channel/ProtocolEvent/asciiMode[u1, 35]
/Channel/ProtocolEvent/asciiMode[u1, 36]
/Channel/ProtocolEvent/asciiMode[u1, 37]
/Channel/ProtocolEvent/asciiMode[u1, 38]
/Channel/ProtocolEvent/asciiMode[u1, 39]
/Channel/ProtocolEvent/asciiMode[u1, 40]
/Channel/ProtocolEvent/asciiMode[u1, 41]
/Channel/ProtocolEvent/asciiMode[u1, 42]
/Channel/ProtocolEvent/asciiMode[u1, 43]
/Channel/ProtocolEvent/asciiMode[u1, 44]
/Channel/ProtocolEvent/asciiMode[u1, 45]
/Channel/ProtocolEvent/asciiMode[u1, 46]
/Channel/ProtocolEvent/asciiMode[u1, 47]
/Channel/ProtocolEvent/asciiMode[u1, 48]
/Channel/ProtocolEvent/asciiMode[u1, 49]
/Channel/ProtocolEvent/asciiMode[u1, 50]
/Channel/ProtocolEvent/asciiMode[u1, 51]
/Channel/ProtocolEvent/asciiMode[u1, 52]
/Channel/ProtocolEvent/asciiMode[u1, 53]
/Channel/ProtocolEvent/asciiMode[u1, 54]
/Channel/ProtocolEvent/asciiMode[u1, 55]
/Channel/ProtocolEvent/asciiMode[u1, 56]
/Channel/ProtocolEvent/asciiMode[u1, 57]
/Channel/ProtocolEvent/asciiMode[u1, 58]
/Channel/ProtocolEvent/asciiMode[u1, 59]
/Channel/ProtocolEvent/asciiMode[u1, 60]
/Channel/ProtocolEvent/asciiMode[u1, 61]
/Channel/ProtocolEvent/asciiMode[u1, 62]
/Channel/ProtocolEvent/asciiMode[u1, 63]
/Channel/ProtocolEvent/asciiMode[u1, 64]
/Channel/ProtocolEvent/asciiMode[u1, 65]
/Channel/ProtocolEvent/asciiMode[u1, 66]
/Channel/ProtocolEvent/asciiMode[u1, 67]
/Channel/ProtocolEvent/asciiMode[u1, 68]
/Channel/ProtocolEvent/asciiMode[u1, 69]
/Channel/ProtocolEvent/asciiMode[u1, 70]
/Channel/ProtocolEvent/asciiMode[u1, 71]
/Channel/ProtocolEvent/asciiMode[u1, 72]
/Channel/ProtocolEvent/asciiMode[u1, 73]
/Channel/ProtocolEvent/asciiMode[u1, 74]
/Channel/ProtocolEvent/asciiMode[u1, 75]
/Channel/ProtocolEvent/asciiMode[u1, 76]
/Channel/ProtocolEvent/asciiMode[u1, 77]
/Channel/ProtocolEvent/asciiMode[u1, 78]
/Channel/ProtocolEvent/asciiMode[u1, 79]
/Channel/ProtocolEvent/asciiMode[u1, 80]
/Channel/ProtocolEvent/asciiMode[u1, 81]
/Channel/ProtocolEvent/asciiMode[u1, 82]
/Channel/ProtocolEvent/asciiMode[u1, 83]
/Channel/ProtocolEvent/asciiMode[u1, 84]
/Channel/ProtocolEvent/asciiMode[u1, 85]
/Channel/ProtocolEvent/asciiMode[u1, 86]
/Channel/ProtocolEvent/asciiMode[u1, 87]
/Channel/ProtocolEvent/asciiMode[u1, 88]
/Channel/ProtocolEvent/asciiMode[u1, 89]
/Channel/ProtocolEvent/asciiMode[u1, 90]
/Channel/ProtocolEvent/asciiMode[u1, 91]
/Channel/ProtocolEvent/asciiMode[u1, 92]
/Channel/ProtocolEvent/asciiMode[u1, 93]
/Channel/ProtocolEvent/asciiMode[u1, 94]
/Channel/ProtocolEvent/asciiMode[u1, 95]
/Channel/ProtocolEvent/asciiMode[u1, 96]
/Channel/ProtocolEvent/asciiMode[u1, 97]
/Channel/ProtocolEvent/asciiMode[u1, 98]
/Channel/ProtocolEvent/asciiMode[u1, 99]
/Channel/ProtocolEvent/asciiMode[u1, 100]";False
sumCycleTimeNet;Sum of net run times;;;17;See description below;(1000 * numCores) + 13;"Sum of net run times in ms

Line index:
Selects a specific SW task on the NCK:
Line index 1: SERVO
Line index 2: IPO
Line index 3: VL
Line index 4: PLC
Line index 5: SYNACT
Line index 6: COS
Line index 7: DRIVE (low prior.)
Line index 8: EXCOM (domain services)
Line index 9: CYCLE (SERVO+IPO times related to an IPO cycle)
Line index 10: NCK (NCK in total related to an IPO cycle)
This value is only available for solution line systems.
This time is restricted by MD $NCK_PCOS_TIME_RATIO
to a portion of the IPO cycle.
Line index 11: INT (compile cycles in the interpreter)
Line index 12: EES (EES - async. - subtask)
Line index 13: PREPJOB (non-cyclic task on an auxiliary core)

An offset to the above line index determines the core on which the task runs: 
0: Any core 
1000: Main core 
2000: Additional core 1 
3000: Additional core 2";TYPE_DOUBLE;Time (ms);;;;/Channel/ChannelDiagnose/sumCycleTimeNet[u<Channel numb>, <Line Index>];"/Channel/ChannelDiagnose/sumCycleTimeNet[u1, 1]
/Channel/ChannelDiagnose/sumCycleTimeNet[u1, 2]
/Channel/ChannelDiagnose/sumCycleTimeNet[u1, 3]
/Channel/ChannelDiagnose/sumCycleTimeNet[u1, 4]
/Channel/ChannelDiagnose/sumCycleTimeNet[u1, 5]
/Channel/ChannelDiagnose/sumCycleTimeNet[u1, 6]
/Channel/ChannelDiagnose/sumCycleTimeNet[u1, 7]
/Channel/ChannelDiagnose/sumCycleTimeNet[u1, 8]
/Channel/ChannelDiagnose/sumCycleTimeNet[u1, 9]
/Channel/ChannelDiagnose/sumCycleTimeNet[u1, 10]
/Channel/ChannelDiagnose/sumCycleTimeNet[u1, 11]
/Channel/ChannelDiagnose/sumCycleTimeNet[u1, 100]";False
aveCycleTimeNet;Average net run time;;;16;See description below;(1000 * numCores) + 13;"Average net run time in s

Line index:
Selects a specific SW task on the NCK:
Line index 1: SERVO
Line index 2: IPO
Line index 3: VL
Line index 4: PLC
Line index 5: SYNACT
Line index 6: COS
Line index 7: DRIVE (low prior.)
Line index 8: EXCOM (domain services)
Line index 9: CYCLE (SERVO+IPO times related to an IPO cycle)
Line index 10: NCK (NCK in total related to an IPO cycle)
This value is only available for solution line systems.
This time is restricted by MD $NCK_PCOS_TIME_RATIO
to a portion of the IPO cycle.
Line index 11: INT (compile cycles in the interpreter)
Line index 12: EES (EES - async. - subtask)
Line index 13: PREPJOB (non-cyclic task on an auxiliary core)

An offset to the above line index determines the core on which the task runs: 
0: Any core 
1000: Main core 
2000: Additional core 1 
3000: Additional core 2";TYPE_DOUBLE;Time (ms);;;;/Channel/ChannelDiagnose/aveCycleTimeNet[u<Channel numb>, <Line Index>];"/Channel/ChannelDiagnose/aveCycleTimeNet[u1, 1]
/Channel/ChannelDiagnose/aveCycleTimeNet[u1, 2]
/Channel/ChannelDiagnose/aveCycleTimeNet[u1, 3]
/Channel/ChannelDiagnose/aveCycleTimeNet[u1, 4]
/Channel/ChannelDiagnose/aveCycleTimeNet[u1, 5]
/Channel/ChannelDiagnose/aveCycleTimeNet[u1, 6]
/Channel/ChannelDiagnose/aveCycleTimeNet[u1, 7]
/Channel/ChannelDiagnose/aveCycleTimeNet[u1, 8]
/Channel/ChannelDiagnose/aveCycleTimeNet[u1, 9]
/Channel/ChannelDiagnose/aveCycleTimeNet[u1, 10]
/Channel/ChannelDiagnose/aveCycleTimeNet[u1, 11]
/Channel/ChannelDiagnose/aveCycleTimeNet[u1, 100]";False
operatingTime;Total runtime NC programs;$AC_OPERATING_TIME;;8;1;1;"Total runtime of NC programs in Automatic mode
( in seconds ):
The runtimes of all programs are summed between
NC Start and Program End/NC Reset.
The timer is set to zero on every control boot.";TYPE_DOUBLE;Time (s or user defined);0.0;;;/Channel/ChannelDiagnose/operatingTime[u<Channel numb>, <Line Index>];"/Channel/ChannelDiagnose/operatingTime[u1, 1]
/Channel/ChannelDiagnose/operatingTime[u1, 2]
/Channel/ChannelDiagnose/operatingTime[u1, 3]
/Channel/ChannelDiagnose/operatingTime[u1, 4]
/Channel/ChannelDiagnose/operatingTime[u1, 5]
/Channel/ChannelDiagnose/operatingTime[u1, 6]
/Channel/ChannelDiagnose/operatingTime[u1, 7]
/Channel/ChannelDiagnose/operatingTime[u1, 8]
/Channel/ChannelDiagnose/operatingTime[u1, 9]
/Channel/ChannelDiagnose/operatingTime[u1, 10]
/Channel/ChannelDiagnose/operatingTime[u1, 11]
/Channel/ChannelDiagnose/operatingTime[u1, 100]";False
automCutSegment;Automatic block division;;;3;;1;"Identifier that indicates which type of automatic block division is active. The division is specified by the commands 'SPP' and 'SPN' in the part program.

Value Range:
0 = no block division
1 = number of segments per block ('SNP')
2 = segments of fixed length ('SPP')";TYPE_UWORD;No unit;;;;/Channel/Nibbling/automCutSegment[u<Channel numb>];/Channel/Nibbling/automCutSegment[u1];False
numStrokes;Number of strokes;;;4;;1;Number of strokes when the instruction 'SPN' divides the block into segments (variable 'automCutSegment' = 1).;TYPE_UWORD;No unit;;;;/Channel/Nibbling/numStrokes[u<Channel numb>];/Channel/Nibbling/numStrokes[u1];False
partDistance;Length of the path between punches;;;9;;1;If the block has been divided in segments with the instruction 'SPP' (variable 'automCutSegment' = 2) the variable specifies the length of the path between the punches.;TYPE_DOUBLE;Linear position (mm, inch or user defined);;;;/Channel/Nibbling/partDistance[u<Channel numb>];/Channel/Nibbling/partDistance[u1];False
aTcFct;Command number;$AC_TC_FCT;;76;1;1;Command number;TYPE_UWORD;No unit;;;;/Channel/State/aTcFct[u<Channel numb>, <Line Index>];/Channel/State/aTcFct[u1, 1];False
aTcToolIs;Type of distance coding for the multitool;$AC_TC_TOOLIS;;345;1;1;0 = Tool, 1,2,3 = Type of distance coding for the multitool;TYPE_UWORD;No unit;;;;/Channel/State/aTcToolIs[u<Channel numb>, <Line Index>];/Channel/State/aTcToolIs[u1, 1];False
aTcTno;T number;$AC_TC_TNO;;79;1;1;T number of new tool;TYPE_UWORD;No unit;;;;/Channel/State/aTcTno[u<Channel numb>, <Line Index>];/Channel/State/aTcTno[u1, 1];False
aTcThno;Number of toolholder;$AC_TC_THNO;;78;1;1;Number of toolholder for new tool;TYPE_UWORD;No unit;;;;/Channel/State/aTcThno[u<Channel numb>, <Line Index>];/Channel/State/aTcThno[u1, 1];False
aTcStatus;Command status;$AC_TC_STATUS;;77;1;1;Command status;TYPE_UWORD;No unit;;;;/Channel/State/aTcStatus[u<Channel numb>, <Line Index>];/Channel/State/aTcStatus[u1, 1];False
aTcMto;Target magazine old tool;$AC_TC_MTO;;86;1;1;Target magazine number of old tool;TYPE_UWORD;No unit;;;;/Channel/State/aTcMto[u<Channel numb>, <Line Index>];/Channel/State/aTcMto[u1, 1];False
aTcMtn;Target magazine new tool;$AC_TC_MTN;;82;1;1;Target magazine number of new tool;TYPE_UWORD;No unit;;;;/Channel/State/aTcMtn[u<Channel numb>, <Line Index>];/Channel/State/aTcMtn[u1, 1];False
aTcMmyn;Magazine of the new tool;$AC_TC_MMYN;;180;1;1;Owner magazine number of the new tool;TYPE_UWORD;No unit;;-1.0;32000;/Channel/State/aTcMmyn[u<Channel numb>, <Line Index>];/Channel/State/aTcMmyn[u1, 1];False
aTcMfo;Source magazine old tool;$AC_TC_MFO;;84;1;1;Source magazine number of old tool;TYPE_UWORD;No unit;;;;/Channel/State/aTcMfo[u<Channel numb>, <Line Index>];/Channel/State/aTcMfo[u1, 1];False
aTcMfn;Source magazine new tool;$AC_TC_MFN;;80;1;1;Source magazine of new tool;TYPE_UWORD;No unit;;;;/Channel/State/aTcMfn[u<Channel numb>, <Line Index>];/Channel/State/aTcMfn[u1, 1];False
aTcLto;Target location number old tool;$AC_TC_LTO;;87;1;1;Target location number of old tool;TYPE_UWORD;No unit;;;;/Channel/State/aTcLto[u<Channel numb>, <Line Index>];/Channel/State/aTcLto[u1, 1];False
aTcLtn;Target location number new tool;$AC_TC_LTN;;83;1;1;Target location number of new tool;TYPE_UWORD;No unit;;;;/Channel/State/aTcLtn[u<Channel numb>, <Line Index>];/Channel/State/aTcLtn[u1, 1];False
aTcLmyn;Location number of the new tool;$AC_TC_LMYN;;181;1;1;Owner location number of the new tool;TYPE_UWORD;No unit;;-1.0;32000;/Channel/State/aTcLmyn[u<Channel numb>, <Line Index>];/Channel/State/aTcLmyn[u1, 1];False
aTcLfo;Source location number old tool;$AC_TC_LFO;;85;1;1;Source location number of old tool;TYPE_UWORD;No unit;;;;/Channel/State/aTcLfo[u<Channel numb>, <Line Index>];/Channel/State/aTcLfo[u1, 1];False
aTcLfn;Source location number new tool;$AC_TC_LFN;;81;1;1;Source location number of new tool;TYPE_UWORD;No unit;;;;/Channel/State/aTcLfn[u<Channel numb>, <Line Index>];/Channel/State/aTcLfn[u1, 1];False
aTcCmdC;Command counter variable;$AC_TC_CMDC;;163;1;1;"Counter variable: aTcCmdC (CoMmandCounter) is incremented by
1 every time the tool management outputs a command to the PLC.";TYPE_UWORD;No unit;0;0.0;;/Channel/State/aTcCmdC[u<Channel numb>, <Line Index>];/Channel/State/aTcCmdC[u1, 1];False
punchActive;Punching or nibbling active;;;1;;1;"Identification of punching or nibbling active. The part program turns off/on punching and nibbling with 'SPOF', 'SON' and 'PON'.
Rapid punching and nibbling are turned on/off with 'SONS' and 'PONS'.

The variable 'punchActive' specified the present state.

Value Range:
0 = inactive
1 = punching active
2 = nibbling active
3 = rapid punching active
4 = rapid nibbling active";TYPE_UWORD;No unit;;;;/Channel/Nibbling/punchActive[u<Channel numb>];/Channel/Nibbling/punchActive[u1];False
aTcAckC;Acknowledgment counter variable;$AC_TC_ACKC;;164;1;1;"Counter variable: aTcAckC (AcknowledgeCounter) is incremented by 1 
every time the PLC acknowledges a tool management command.";TYPE_UWORD;No unit;0;0.0;;/Channel/State/aTcAckC[u<Channel numb>, <Line Index>];/Channel/State/aTcAckC[u1, 1];False
aMonifact;Factor for tool life monitoring;$A_MONIFACT;;254;1;1;Factor for tool life monitoring;TYPE_DOUBLE;No unit;0;0.0;;/Channel/State/aMonifact[u<Channel numb>, <Line Index>];/Channel/State/aMonifact[u1, 1];False
aLinkTransRate;Link transfer rate;$A_LINK_TRANS_RATE;;88;"1
1";1;"Link transfer rate
Number of link variables that can still be transferred in the
current IPO cycle via the NCU link communication.
If this variable is read in the context of the lead, it always
outputs the maximum available bandwidth.";TYPE_UWORD;No unit;;0.0;;/Channel/State/aLinkTransRate[u<Channel numb>, <Line Index>];/Channel/State/aLinkTransRate[u1, 1];False
aGG;active G function in synchronized action;$A_GG;;253;Number of the G function group;/N/YNCFL/Gruppe_NUM;active G function in synchronized action;TYPE_UWORD;No unit;0;0.0;;/Channel/State/aGG[u<Channel numb>, <Line Index>];"/Channel/State/aGG[u1, 1]
/Channel/State/aGG[u1, 2]
/Channel/State/aGG[u1, 3]
/Channel/State/aGG[u1, 4]
/Channel/State/aGG[u1, 5]
/Channel/State/aGG[u1, 6]
/Channel/State/aGG[u1, 7]
/Channel/State/aGG[u1, 8]
/Channel/State/aGG[u1, 9]
/Channel/State/aGG[u1, 10]
/Channel/State/aGG[u1, 11]
/Channel/State/aGG[u1, 12]
/Channel/State/aGG[u1, 13]
/Channel/State/aGG[u1, 14]
/Channel/State/aGG[u1, 15]
/Channel/State/aGG[u1, 16]
/Channel/State/aGG[u1, 17]
/Channel/State/aGG[u1, 18]
/Channel/State/aGG[u1, 19]
/Channel/State/aGG[u1, 20]
/Channel/State/aGG[u1, 21]
/Channel/State/aGG[u1, 22]
/Channel/State/aGG[u1, 23]
/Channel/State/aGG[u1, 24]
/Channel/State/aGG[u1, 25]
/Channel/State/aGG[u1, 26]
/Channel/State/aGG[u1, 27]
/Channel/State/aGG[u1, 28]
/Channel/State/aGG[u1, 29]
/Channel/State/aGG[u1, 30]
/Channel/State/aGG[u1, 31]
/Channel/State/aGG[u1, 32]
/Channel/State/aGG[u1, 33]
/Channel/State/aGG[u1, 34]
/Channel/State/aGG[u1, 35]
/Channel/State/aGG[u1, 36]
/Channel/State/aGG[u1, 37]
/Channel/State/aGG[u1, 38]
/Channel/State/aGG[u1, 39]
/Channel/State/aGG[u1, 40]
/Channel/State/aGG[u1, 41]
/Channel/State/aGG[u1, 42]
/Channel/State/aGG[u1, 43]
/Channel/State/aGG[u1, 44]
/Channel/State/aGG[u1, 45]
/Channel/State/aGG[u1, 46]
/Channel/State/aGG[u1, 47]
/Channel/State/aGG[u1, 48]
/Channel/State/aGG[u1, 49]
/Channel/State/aGG[u1, 50]
/Channel/State/aGG[u1, 51]
/Channel/State/aGG[u1, 52]
/Channel/State/aGG[u1, 53]
/Channel/State/aGG[u1, 54]
/Channel/State/aGG[u1, 55]
/Channel/State/aGG[u1, 56]
/Channel/State/aGG[u1, 57]
/Channel/State/aGG[u1, 58]
/Channel/State/aGG[u1, 59]
/Channel/State/aGG[u1, 60]
/Channel/State/aGG[u1, 61]
/Channel/State/aGG[u1, 62]
/Channel/State/aGG[u1, 63]";False
G0Mode;G00: Path axes traverse as pos. axes;$AC_G0MODE;;130;1;1;"G00 is active and $MC_G0_LINEAR_MODE is FALSE (Siemens mode) or $MC_EXTERN_G0_LINEAR_MODE is FALSE (ISO mode) and therefore non-linear interpolation is active with G0, i.e. the path axes are traversed as positioning axes.

Value Range:
0: G00 not active
1: G00 and linear interpolation active
2: G00 and non-linear interpolation active";TYPE_UWORD;No unit;0;0.0;2;/Channel/State/G0Mode[u<Channel numb>, <Line Index>];/Channel/State/G0Mode[u1, 1];False
rpa;R variables;"$R[x]
x
=
ParameterNo";R;1;"ParameterNo
R number + 1";MM_NUM_R_PARAM + 1;R variables;TYPE_DOUBLE;No unit;;;;/Channel/Parameter/rpa[u<Channel numb>, <Line Index>];"/Channel/Parameter/rpa[u1, 1]
/Channel/Parameter/rpa[u1, 2]
/Channel/Parameter/rpa[u1, 3]
/Channel/Parameter/rpa[u1, 4]
/Channel/Parameter/rpa[u1, 5]
/Channel/Parameter/rpa[u1, 6]
/Channel/Parameter/rpa[u1, 7]
/Channel/Parameter/rpa[u1, 8]
/Channel/Parameter/rpa[u1, 9]
/Channel/Parameter/rpa[u1, 10]
/Channel/Parameter/rpa[u1, 11]
/Channel/Parameter/rpa[u1, 12]
/Channel/Parameter/rpa[u1, 13]
/Channel/Parameter/rpa[u1, 14]
/Channel/Parameter/rpa[u1, 15]
/Channel/Parameter/rpa[u1, 16]
/Channel/Parameter/rpa[u1, 17]
/Channel/Parameter/rpa[u1, 18]
/Channel/Parameter/rpa[u1, 19]
/Channel/Parameter/rpa[u1, 20]
/Channel/Parameter/rpa[u1, 21]
/Channel/Parameter/rpa[u1, 22]
/Channel/Parameter/rpa[u1, 23]
/Channel/Parameter/rpa[u1, 24]
/Channel/Parameter/rpa[u1, 25]
/Channel/Parameter/rpa[u1, 26]
/Channel/Parameter/rpa[u1, 27]
/Channel/Parameter/rpa[u1, 28]
/Channel/Parameter/rpa[u1, 29]
/Channel/Parameter/rpa[u1, 30]
/Channel/Parameter/rpa[u1, 31]
/Channel/Parameter/rpa[u1, 32]
/Channel/Parameter/rpa[u1, 33]
/Channel/Parameter/rpa[u1, 34]
/Channel/Parameter/rpa[u1, 35]
/Channel/Parameter/rpa[u1, 36]
/Channel/Parameter/rpa[u1, 37]
/Channel/Parameter/rpa[u1, 38]
/Channel/Parameter/rpa[u1, 39]
/Channel/Parameter/rpa[u1, 40]
/Channel/Parameter/rpa[u1, 41]
/Channel/Parameter/rpa[u1, 42]
/Channel/Parameter/rpa[u1, 43]
/Channel/Parameter/rpa[u1, 44]
/Channel/Parameter/rpa[u1, 45]
/Channel/Parameter/rpa[u1, 46]
/Channel/Parameter/rpa[u1, 47]
/Channel/Parameter/rpa[u1, 48]
/Channel/Parameter/rpa[u1, 49]
/Channel/Parameter/rpa[u1, 50]
/Channel/Parameter/rpa[u1, 51]
/Channel/Parameter/rpa[u1, 52]
/Channel/Parameter/rpa[u1, 53]
/Channel/Parameter/rpa[u1, 54]
/Channel/Parameter/rpa[u1, 55]
/Channel/Parameter/rpa[u1, 56]
/Channel/Parameter/rpa[u1, 57]
/Channel/Parameter/rpa[u1, 58]
/Channel/Parameter/rpa[u1, 59]
/Channel/Parameter/rpa[u1, 60]
/Channel/Parameter/rpa[u1, 61]
/Channel/Parameter/rpa[u1, 62]
/Channel/Parameter/rpa[u1, 63]
/Channel/Parameter/rpa[u1, 64]
/Channel/Parameter/rpa[u1, 65]
/Channel/Parameter/rpa[u1, 66]
/Channel/Parameter/rpa[u1, 67]
/Channel/Parameter/rpa[u1, 68]
/Channel/Parameter/rpa[u1, 69]
/Channel/Parameter/rpa[u1, 70]
/Channel/Parameter/rpa[u1, 71]
/Channel/Parameter/rpa[u1, 72]
/Channel/Parameter/rpa[u1, 73]
/Channel/Parameter/rpa[u1, 74]
/Channel/Parameter/rpa[u1, 75]
/Channel/Parameter/rpa[u1, 76]
/Channel/Parameter/rpa[u1, 77]
/Channel/Parameter/rpa[u1, 78]
/Channel/Parameter/rpa[u1, 79]
/Channel/Parameter/rpa[u1, 80]
/Channel/Parameter/rpa[u1, 81]
/Channel/Parameter/rpa[u1, 82]
/Channel/Parameter/rpa[u1, 83]
/Channel/Parameter/rpa[u1, 84]
/Channel/Parameter/rpa[u1, 85]
/Channel/Parameter/rpa[u1, 86]
/Channel/Parameter/rpa[u1, 87]
/Channel/Parameter/rpa[u1, 88]
/Channel/Parameter/rpa[u1, 89]
/Channel/Parameter/rpa[u1, 90]
/Channel/Parameter/rpa[u1, 91]
/Channel/Parameter/rpa[u1, 92]
/Channel/Parameter/rpa[u1, 93]
/Channel/Parameter/rpa[u1, 94]
/Channel/Parameter/rpa[u1, 95]
/Channel/Parameter/rpa[u1, 96]
/Channel/Parameter/rpa[u1, 97]
/Channel/Parameter/rpa[u1, 98]
/Channel/Parameter/rpa[u1, 99]
/Channel/Parameter/rpa[u1, 100]";False
declarProtObjectReal;Real parameter(s) of a protection zone;;;1004;See description below;10;"Real parameters of the declaration of a variable protection zone

Line index:
Number of the real parameter. The number and significance
of the real parameters depend on the fourth string parameter
(declarProtObjectString, row index 4).";TYPE_DOUBLE;No unit;;;;/Channel/ProtectedArea/declarProtObjectReal[u<Channel numb>, <Line Index>];"/Channel/ProtectedArea/declarProtObjectReal[u1, 1]
/Channel/ProtectedArea/declarProtObjectReal[u1, 2]
/Channel/ProtectedArea/declarProtObjectReal[u1, 3]
/Channel/ProtectedArea/declarProtObjectReal[u1, 4]
/Channel/ProtectedArea/declarProtObjectReal[u1, 5]
/Channel/ProtectedArea/declarProtObjectReal[u1, 6]
/Channel/ProtectedArea/declarProtObjectReal[u1, 7]
/Channel/ProtectedArea/declarProtObjectReal[u1, 8]
/Channel/ProtectedArea/declarProtObjectReal[u1, 9]
/Channel/ProtectedArea/declarProtObjectReal[u1, 10]";False
declarProtObjectString;String parameter(s) of a protection zone;;;1003;Number of the string parameter;4;String parameter(s) of the declaration of a variable protection zone;TYPE_STRING;No unit;;;;/Channel/ProtectedArea/declarProtObjectString[u<Channel numb>, <Line Index>];"/Channel/ProtectedArea/declarProtObjectString[u1, 1]
/Channel/ProtectedArea/declarProtObjectString[u1, 2]
/Channel/ProtectedArea/declarProtObjectString[u1, 3]
/Channel/ProtectedArea/declarProtObjectString[u1, 4]";False
declarProtObject;Declaration of a variable protection zone;;;1002;1;1;"Declaration of a variable protection zone

Value Range:
0=No object
1=WORKPIECE
2=FIXTURE";TYPE_UWORD;No unit;;;;/Channel/ProtectedArea/declarProtObject[u<Channel numb>, <Line Index>];/Channel/ProtectedArea/declarProtObject[u1, 1];False
acCollPos;Collision position in world coordinates;;;1001;"Coord. no.
1,2,3 = X,Y,Z coordinate of position";3;"Contact point between two collision bodies during a collision alarm.
Corresponds with system variable $AC_COLLPOS";TYPE_DOUBLE;Linear position (mm, inch or user defined);;;;/Channel/ProtectedArea/acCollPos[u<Channel numb>, <Line Index>];"/Channel/ProtectedArea/acCollPos[u1, 1]
/Channel/ProtectedArea/acCollPos[u1, 2]
/Channel/ProtectedArea/acCollPos[u1, 3]";False
collisionAlarm;Collision of two protection zones OD19830;$ON_COLLISION_MASK;;1000;See description below;3;"Collision of two protection zones

Line index:
1: 0=No collision in the channel, otherwise alarm number
2: Number of the first protection zone
3: Number of the second protection zone";TYPE_UWORD;No unit;;;;/Channel/ProtectedArea/collisionAlarm[u<Channel numb>, <Line Index>];"/Channel/ProtectedArea/collisionAlarm[u1, 1]
/Channel/ProtectedArea/collisionAlarm[u1, 2]
/Channel/ProtectedArea/collisionAlarm[u1, 3]
/Channel/ProtectedArea/collisionAlarm[u1, 4]
/Channel/ProtectedArea/collisionAlarm[u1, 5]
/Channel/ProtectedArea/collisionAlarm[u1, 6]
/Channel/ProtectedArea/collisionAlarm[u1, 7]
/Channel/ProtectedArea/collisionAlarm[u1, 8]
/Channel/ProtectedArea/collisionAlarm[u1, 9]
/Channel/ProtectedArea/collisionAlarm[u1, 10]
/Channel/ProtectedArea/collisionAlarm[u1, 11]
/Channel/ProtectedArea/collisionAlarm[u1, 12]
/Channel/ProtectedArea/collisionAlarm[u1, 13]
/Channel/ProtectedArea/collisionAlarm[u1, 14]
/Channel/ProtectedArea/collisionAlarm[u1, 15]
/Channel/ProtectedArea/collisionAlarm[u1, 16]
/Channel/ProtectedArea/collisionAlarm[u1, 17]
/Channel/ProtectedArea/collisionAlarm[u1, 18]
/Channel/ProtectedArea/collisionAlarm[u1, 19]
/Channel/ProtectedArea/collisionAlarm[u1, 20]
/Channel/ProtectedArea/collisionAlarm[u1, 21]
/Channel/ProtectedArea/collisionAlarm[u1, 22]
/Channel/ProtectedArea/collisionAlarm[u1, 23]
/Channel/ProtectedArea/collisionAlarm[u1, 24]
/Channel/ProtectedArea/collisionAlarm[u1, 25]
/Channel/ProtectedArea/collisionAlarm[u1, 26]
/Channel/ProtectedArea/collisionAlarm[u1, 27]
/Channel/ProtectedArea/collisionAlarm[u1, 28]
/Channel/ProtectedArea/collisionAlarm[u1, 29]
/Channel/ProtectedArea/collisionAlarm[u1, 30]
/Channel/ProtectedArea/collisionAlarm[u1, 31]
/Channel/ProtectedArea/collisionAlarm[u1, 32]
/Channel/ProtectedArea/collisionAlarm[u1, 33]
/Channel/ProtectedArea/collisionAlarm[u1, 34]
/Channel/ProtectedArea/collisionAlarm[u1, 35]
/Channel/ProtectedArea/collisionAlarm[u1, 36]
/Channel/ProtectedArea/collisionAlarm[u1, 37]
/Channel/ProtectedArea/collisionAlarm[u1, 38]
/Channel/ProtectedArea/collisionAlarm[u1, 39]
/Channel/ProtectedArea/collisionAlarm[u1, 40]
/Channel/ProtectedArea/collisionAlarm[u1, 41]
/Channel/ProtectedArea/collisionAlarm[u1, 42]
/Channel/ProtectedArea/collisionAlarm[u1, 43]
/Channel/ProtectedArea/collisionAlarm[u1, 44]
/Channel/ProtectedArea/collisionAlarm[u1, 45]
/Channel/ProtectedArea/collisionAlarm[u1, 46]
/Channel/ProtectedArea/collisionAlarm[u1, 47]
/Channel/ProtectedArea/collisionAlarm[u1, 48]
/Channel/ProtectedArea/collisionAlarm[u1, 49]
/Channel/ProtectedArea/collisionAlarm[u1, 50]
/Channel/ProtectedArea/collisionAlarm[u1, 51]
/Channel/ProtectedArea/collisionAlarm[u1, 52]
/Channel/ProtectedArea/collisionAlarm[u1, 53]
/Channel/ProtectedArea/collisionAlarm[u1, 54]
/Channel/ProtectedArea/collisionAlarm[u1, 55]
/Channel/ProtectedArea/collisionAlarm[u1, 56]
/Channel/ProtectedArea/collisionAlarm[u1, 57]
/Channel/ProtectedArea/collisionAlarm[u1, 58]
/Channel/ProtectedArea/collisionAlarm[u1, 59]
/Channel/ProtectedArea/collisionAlarm[u1, 60]
/Channel/ProtectedArea/collisionAlarm[u1, 61]
/Channel/ProtectedArea/collisionAlarm[u1, 62]
/Channel/ProtectedArea/collisionAlarm[u1, 63]
/Channel/ProtectedArea/collisionAlarm[u1, 64]
/Channel/ProtectedArea/collisionAlarm[u1, 65]
/Channel/ProtectedArea/collisionAlarm[u1, 66]
/Channel/ProtectedArea/collisionAlarm[u1, 67]
/Channel/ProtectedArea/collisionAlarm[u1, 68]
/Channel/ProtectedArea/collisionAlarm[u1, 69]
/Channel/ProtectedArea/collisionAlarm[u1, 70]
/Channel/ProtectedArea/collisionAlarm[u1, 71]
/Channel/ProtectedArea/collisionAlarm[u1, 72]
/Channel/ProtectedArea/collisionAlarm[u1, 73]
/Channel/ProtectedArea/collisionAlarm[u1, 74]
/Channel/ProtectedArea/collisionAlarm[u1, 75]
/Channel/ProtectedArea/collisionAlarm[u1, 76]
/Channel/ProtectedArea/collisionAlarm[u1, 77]
/Channel/ProtectedArea/collisionAlarm[u1, 78]
/Channel/ProtectedArea/collisionAlarm[u1, 79]
/Channel/ProtectedArea/collisionAlarm[u1, 80]
/Channel/ProtectedArea/collisionAlarm[u1, 81]
/Channel/ProtectedArea/collisionAlarm[u1, 82]
/Channel/ProtectedArea/collisionAlarm[u1, 83]
/Channel/ProtectedArea/collisionAlarm[u1, 84]
/Channel/ProtectedArea/collisionAlarm[u1, 85]
/Channel/ProtectedArea/collisionAlarm[u1, 86]
/Channel/ProtectedArea/collisionAlarm[u1, 87]
/Channel/ProtectedArea/collisionAlarm[u1, 88]
/Channel/ProtectedArea/collisionAlarm[u1, 89]
/Channel/ProtectedArea/collisionAlarm[u1, 90]
/Channel/ProtectedArea/collisionAlarm[u1, 91]
/Channel/ProtectedArea/collisionAlarm[u1, 92]
/Channel/ProtectedArea/collisionAlarm[u1, 93]
/Channel/ProtectedArea/collisionAlarm[u1, 94]
/Channel/ProtectedArea/collisionAlarm[u1, 95]
/Channel/ProtectedArea/collisionAlarm[u1, 96]
/Channel/ProtectedArea/collisionAlarm[u1, 97]
/Channel/ProtectedArea/collisionAlarm[u1, 98]
/Channel/ProtectedArea/collisionAlarm[u1, 99]
/Channel/ProtectedArea/collisionAlarm[u1, 100]";False
strokeNr;Current stroke number;;;5;;1;Current stroke number;TYPE_UWORD;No unit;;;;/Channel/Nibbling/strokeNr[u<Channel numb>];/Channel/Nibbling/strokeNr[u1];False
punchDelayTime;Punching delay time SD 42400: PUNCH_DWELL_TIME;;;8;;1;Punching delay time;TYPE_DOUBLE;Time (ms);;;;/Channel/Nibbling/punchDelayTime[u<Channel numb>];/Channel/Nibbling/punchDelayTime[u1];False
punchDelayActive;Punching with delay active;;;2;;1;"Identifier that indicates whether punching with delay is active. The part program can turn on/off the delay with the instructions 'PDELAYON' and 'PDELAYOF'. The variable 'PunchDelayActive' indicates the present state.

Value Range:
0 = inactive
1 = active";TYPE_UWORD;No unit;;;;/Channel/Nibbling/punchDelayActive[u<Channel numb>];/Channel/Nibbling/punchDelayActive[u1];False
minCycleTimeNetPo;Minimum net run time;;;12;See description below;100;"Minimum net run time since cold restart in ms.

Line index:
Selects a specific SW task on the NCK:
Line index 1: SERVO
Line index 2: IPO
Line index 3: VL
Line index 4: PLC
Line index 5: SYNACT
Line index 6: COS
Line index 7: DRIVE (low prior.)
Line index 8: EXCOM (domain services)
Line index 9: CYCLE (SERVO+IPO times related to an IPO cycle)
Line index 10: NCK (NCK in total related to an IPO cycle)
This value is only available for solution line systems.
This time is restricted by MD $NCK_PCOS_TIME_RATIO
to a portion of the IPO cycle.
Line index 11: INT (compile cycles in the interpreter)
Line index 100: ALL (all task, only for write access)
Line index 12: EES (EES - async. - subtask)
Line index 13: PREPJOB (non-cyclic task on an auxiliary core)";TYPE_DOUBLE;Time (ms);;;;/Channel/ChannelDiagnose/minCycleTimeNetPo[u<Channel numb>, <Line Index>];"/Channel/ChannelDiagnose/minCycleTimeNetPo[u1, 1]
/Channel/ChannelDiagnose/minCycleTimeNetPo[u1, 2]
/Channel/ChannelDiagnose/minCycleTimeNetPo[u1, 3]
/Channel/ChannelDiagnose/minCycleTimeNetPo[u1, 4]
/Channel/ChannelDiagnose/minCycleTimeNetPo[u1, 5]
/Channel/ChannelDiagnose/minCycleTimeNetPo[u1, 6]
/Channel/ChannelDiagnose/minCycleTimeNetPo[u1, 7]
/Channel/ChannelDiagnose/minCycleTimeNetPo[u1, 8]
/Channel/ChannelDiagnose/minCycleTimeNetPo[u1, 9]
/Channel/ChannelDiagnose/minCycleTimeNetPo[u1, 10]
/Channel/ChannelDiagnose/minCycleTimeNetPo[u1, 11]
/Channel/ChannelDiagnose/minCycleTimeNetPo[u1, 100]";False
minCycleTimeBrutPo;Minimum gross run time;;;14;See description below;100;"Minimum gross run time since cold restart in ms.

Line index:
Selects a specific SW task on the NCK:
Line index 1: SERVO
Line index 2: IPO
Line index 3: VL
Line index 4: PLC
Line index 5: SYNACT
Line index 6: COS
Line index 7: DRIVE (low prior.)
Line index 8: EXCOM (domain services)
Line index 9: CYCLE (SERVO+IPO times related to an IPO cycle)
Line index 10: NCK (NCK in total related to an IPO cycle)
This value is only available for solution line systems.
This time is restricted by MD $NCK_PCOS_TIME_RATIO
to a portion of the IPO cycle.
Line index 11: INT (compile cycles in the interpreter)
Line index 100: ALL (all task, only for write access)
Line index 12: EES (EES - async. - subtask)
Line index 13: PREPJOB (non-cyclic task on an auxiliary core)";TYPE_DOUBLE;Time (ms);;;;/Channel/ChannelDiagnose/minCycleTimeBrutPo[u<Channel numb>, <Line Index>];"/Channel/ChannelDiagnose/minCycleTimeBrutPo[u1, 1]
/Channel/ChannelDiagnose/minCycleTimeBrutPo[u1, 2]
/Channel/ChannelDiagnose/minCycleTimeBrutPo[u1, 3]
/Channel/ChannelDiagnose/minCycleTimeBrutPo[u1, 4]
/Channel/ChannelDiagnose/minCycleTimeBrutPo[u1, 5]
/Channel/ChannelDiagnose/minCycleTimeBrutPo[u1, 6]
/Channel/ChannelDiagnose/minCycleTimeBrutPo[u1, 7]
/Channel/ChannelDiagnose/minCycleTimeBrutPo[u1, 8]
/Channel/ChannelDiagnose/minCycleTimeBrutPo[u1, 9]
/Channel/ChannelDiagnose/minCycleTimeBrutPo[u1, 10]
/Channel/ChannelDiagnose/minCycleTimeBrutPo[u1, 11]
/Channel/ChannelDiagnose/minCycleTimeBrutPo[u1, 100]";False
maxCycleTimeNetPo;Maximum net run time;;;13;See description below;100;"Maximum net run time since cold restart in ms.

Line index:
Selects a specific SW task on the NCK:
Line index 1: SERVO
Line index 2: IPO
Line index 3: VL
Line index 4: PLC
Line index 5: SYNACT
Line index 6: COS
Line index 7: DRIVE (low prior.)
Line index 8: EXCOM (domain services)
Line index 9: CYCLE (SERVO+IPO times related to an IPO cycle)
Line index 10: NCK (NCK in total related to an IPO cycle)
This value is only available for solution line systems.
This time is restricted by MD $NCK_PCOS_TIME_RATIO
to a portion of the IPO cycle.
Line index 11: INT (compile cycles in the interpreter)
Line index 100: ALL (all task, only for write access)
Line index 12: EES (EES - async. - subtask)
Line index 13: PREPJOB (non-cyclic task on an auxiliary core)";TYPE_DOUBLE;Time (ms);;;;/Channel/ChannelDiagnose/maxCycleTimeNetPo[u<Channel numb>, <Line Index>];"/Channel/ChannelDiagnose/maxCycleTimeNetPo[u1, 1]
/Channel/ChannelDiagnose/maxCycleTimeNetPo[u1, 2]
/Channel/ChannelDiagnose/maxCycleTimeNetPo[u1, 3]
/Channel/ChannelDiagnose/maxCycleTimeNetPo[u1, 4]
/Channel/ChannelDiagnose/maxCycleTimeNetPo[u1, 5]
/Channel/ChannelDiagnose/maxCycleTimeNetPo[u1, 6]
/Channel/ChannelDiagnose/maxCycleTimeNetPo[u1, 7]
/Channel/ChannelDiagnose/maxCycleTimeNetPo[u1, 8]
/Channel/ChannelDiagnose/maxCycleTimeNetPo[u1, 9]
/Channel/ChannelDiagnose/maxCycleTimeNetPo[u1, 10]
/Channel/ChannelDiagnose/maxCycleTimeNetPo[u1, 11]
/Channel/ChannelDiagnose/maxCycleTimeNetPo[u1, 100]";False
aaCpfAccelTotal;Proportion of axis acceleration of all couplings;$AA_CPFACCT[a];;22;Axis index of the following axis;numMachAxes;"Proportion of axis acceleration due to the coupled axes.
The sum of the dependent proportion of the acceleration
of all leading axes for the stated following axis, FAx.";TYPE_DOUBLE;No unit;;;;/Channel/GenericCoupling/aaCpfAccelTotal[u<Channel numb>, <Line Index>];"/Channel/GenericCoupling/aaCpfAccelTotal[u1, 1]
/Channel/GenericCoupling/aaCpfAccelTotal[u1, 2]
/Channel/GenericCoupling/aaCpfAccelTotal[u1, 3]
/Channel/GenericCoupling/aaCpfAccelTotal[u1, 4]
/Channel/GenericCoupling/aaCpfAccelTotal[u1, 5]
/Channel/GenericCoupling/aaCpfAccelTotal[u1, 6]
/Channel/GenericCoupling/aaCpfAccelTotal[u1, 10]
/Channel/GenericCoupling/aaCpfAccelTotal[u1, 12]";False
aaCpSynCoVel;Synchronization coarse velocity tolerance;$AA_CPSYNCOV[a];;37;Axis index of the following axis;numMachAxes;Coarse velocity tolerance for coupling synchronization;TYPE_DOUBLE;No unit;;;;/Channel/GenericCoupling/aaCpSynCoVel[u<Channel numb>, <Line Index>];"/Channel/GenericCoupling/aaCpSynCoVel[u1, 1]
/Channel/GenericCoupling/aaCpSynCoVel[u1, 2]
/Channel/GenericCoupling/aaCpSynCoVel[u1, 3]
/Channel/GenericCoupling/aaCpSynCoVel[u1, 4]
/Channel/GenericCoupling/aaCpSynCoVel[u1, 5]
/Channel/GenericCoupling/aaCpSynCoVel[u1, 6]
/Channel/GenericCoupling/aaCpSynCoVel[u1, 10]
/Channel/GenericCoupling/aaCpSynCoVel[u1, 12]";False
aaCpSynFiPos;Synchronization fine positioning tolerance;$AA_CPSYNFIP[a];;36;Axis index of the following axis;numMachAxes;Fine positioning tolerance for coupling synchronization;TYPE_DOUBLE;No unit;;;;/Channel/GenericCoupling/aaCpSynFiPos[u<Channel numb>, <Line Index>];"/Channel/GenericCoupling/aaCpSynFiPos[u1, 1]
/Channel/GenericCoupling/aaCpSynFiPos[u1, 2]
/Channel/GenericCoupling/aaCpSynFiPos[u1, 3]
/Channel/GenericCoupling/aaCpSynFiPos[u1, 4]
/Channel/GenericCoupling/aaCpSynFiPos[u1, 5]
/Channel/GenericCoupling/aaCpSynFiPos[u1, 6]
/Channel/GenericCoupling/aaCpSynFiPos[u1, 10]
/Channel/GenericCoupling/aaCpSynFiPos[u1, 12]";False
aaCpSynCoPos;Synchronization coarse positioning tolerance;$AA_CPSYNCOP[a];;35;Axis index of the following axis;numMachAxes;Coarse positioning tolerance for coupling synchronization;TYPE_DOUBLE;No unit;;;;/Channel/GenericCoupling/aaCpSynCoPos[u<Channel numb>, <Line Index>];"/Channel/GenericCoupling/aaCpSynCoPos[u1, 1]
/Channel/GenericCoupling/aaCpSynCoPos[u1, 2]
/Channel/GenericCoupling/aaCpSynCoPos[u1, 3]
/Channel/GenericCoupling/aaCpSynCoPos[u1, 4]
/Channel/GenericCoupling/aaCpSynCoPos[u1, 5]
/Channel/GenericCoupling/aaCpSynCoPos[u1, 6]
/Channel/GenericCoupling/aaCpSynCoPos[u1, 10]
/Channel/GenericCoupling/aaCpSynCoPos[u1, 12]";False
aaCplOutScale;Output scaling factor of coupling factor;$AA_CPLOUTSC[a,b];;34;(Axis index of the slave axis) * numMachAxes + (axis index of the master axis);numMachAxes * numMachAxes;Output scaling factor of coupling factor;TYPE_DOUBLE;No unit;;;;/Channel/GenericCoupling/aaCplOutScale[u<Channel numb>, <Line Index>];"/Channel/GenericCoupling/aaCplOutScale[u1, 1]
/Channel/GenericCoupling/aaCplOutScale[u1, 2]
/Channel/GenericCoupling/aaCplOutScale[u1, 3]
/Channel/GenericCoupling/aaCplOutScale[u1, 4]
/Channel/GenericCoupling/aaCplOutScale[u1, 5]
/Channel/GenericCoupling/aaCplOutScale[u1, 6]
/Channel/GenericCoupling/aaCplOutScale[u1, 10]
/Channel/GenericCoupling/aaCplOutScale[u1, 12]
/Channel/GenericCoupling/aaCplOutScale[u1, 13]
/Channel/GenericCoupling/aaCplOutScale[u1, 14]
/Channel/GenericCoupling/aaCplOutScale[u1, 15]
/Channel/GenericCoupling/aaCplOutScale[u1, 16]
/Channel/GenericCoupling/aaCplOutScale[u1, 17]
/Channel/GenericCoupling/aaCplOutScale[u1, 18]
/Channel/GenericCoupling/aaCplOutScale[u1, 22]
/Channel/GenericCoupling/aaCplOutScale[u1, 24]
/Channel/GenericCoupling/aaCplOutScale[u1, 25]
/Channel/GenericCoupling/aaCplOutScale[u1, 26]
/Channel/GenericCoupling/aaCplOutScale[u1, 27]
/Channel/GenericCoupling/aaCplOutScale[u1, 28]
/Channel/GenericCoupling/aaCplOutScale[u1, 29]
/Channel/GenericCoupling/aaCplOutScale[u1, 30]
/Channel/GenericCoupling/aaCplOutScale[u1, 34]
/Channel/GenericCoupling/aaCplOutScale[u1, 36]
/Channel/GenericCoupling/aaCplOutScale[u1, 37]
/Channel/GenericCoupling/aaCplOutScale[u1, 38]
/Channel/GenericCoupling/aaCplOutScale[u1, 39]
/Channel/GenericCoupling/aaCplOutScale[u1, 40]
/Channel/GenericCoupling/aaCplOutScale[u1, 41]
/Channel/GenericCoupling/aaCplOutScale[u1, 42]
/Channel/GenericCoupling/aaCplOutScale[u1, 46]
/Channel/GenericCoupling/aaCplOutScale[u1, 48]
/Channel/GenericCoupling/aaCplOutScale[u1, 49]
/Channel/GenericCoupling/aaCplOutScale[u1, 50]
/Channel/GenericCoupling/aaCplOutScale[u1, 51]
/Channel/GenericCoupling/aaCplOutScale[u1, 52]
/Channel/GenericCoupling/aaCplOutScale[u1, 53]
/Channel/GenericCoupling/aaCplOutScale[u1, 54]
/Channel/GenericCoupling/aaCplOutScale[u1, 58]
/Channel/GenericCoupling/aaCplOutScale[u1, 60]
/Channel/GenericCoupling/aaCplOutScale[u1, 61]
/Channel/GenericCoupling/aaCplOutScale[u1, 62]
/Channel/GenericCoupling/aaCplOutScale[u1, 63]
/Channel/GenericCoupling/aaCplOutScale[u1, 64]
/Channel/GenericCoupling/aaCplOutScale[u1, 65]
/Channel/GenericCoupling/aaCplOutScale[u1, 66]
/Channel/GenericCoupling/aaCplOutScale[u1, 70]
/Channel/GenericCoupling/aaCplOutScale[u1, 72]";False
aaCplOutTrans;Output transmission correction of coupling factor;$AA_CPLOUTTR[a,b];;33;(Axis index of the slave axis) * numMachAxes + (axis index of the master axis);numMachAxes * numMachAxes;Output transmission correction of coupling factor;TYPE_DOUBLE;No unit;;;;/Channel/GenericCoupling/aaCplOutTrans[u<Channel numb>, <Line Index>];"/Channel/GenericCoupling/aaCplOutTrans[u1, 1]
/Channel/GenericCoupling/aaCplOutTrans[u1, 2]
/Channel/GenericCoupling/aaCplOutTrans[u1, 3]
/Channel/GenericCoupling/aaCplOutTrans[u1, 4]
/Channel/GenericCoupling/aaCplOutTrans[u1, 5]
/Channel/GenericCoupling/aaCplOutTrans[u1, 6]
/Channel/GenericCoupling/aaCplOutTrans[u1, 10]
/Channel/GenericCoupling/aaCplOutTrans[u1, 12]
/Channel/GenericCoupling/aaCplOutTrans[u1, 13]
/Channel/GenericCoupling/aaCplOutTrans[u1, 14]
/Channel/GenericCoupling/aaCplOutTrans[u1, 15]
/Channel/GenericCoupling/aaCplOutTrans[u1, 16]
/Channel/GenericCoupling/aaCplOutTrans[u1, 17]
/Channel/GenericCoupling/aaCplOutTrans[u1, 18]
/Channel/GenericCoupling/aaCplOutTrans[u1, 22]
/Channel/GenericCoupling/aaCplOutTrans[u1, 24]
/Channel/GenericCoupling/aaCplOutTrans[u1, 25]
/Channel/GenericCoupling/aaCplOutTrans[u1, 26]
/Channel/GenericCoupling/aaCplOutTrans[u1, 27]
/Channel/GenericCoupling/aaCplOutTrans[u1, 28]
/Channel/GenericCoupling/aaCplOutTrans[u1, 29]
/Channel/GenericCoupling/aaCplOutTrans[u1, 30]
/Channel/GenericCoupling/aaCplOutTrans[u1, 34]
/Channel/GenericCoupling/aaCplOutTrans[u1, 36]
/Channel/GenericCoupling/aaCplOutTrans[u1, 37]
/Channel/GenericCoupling/aaCplOutTrans[u1, 38]
/Channel/GenericCoupling/aaCplOutTrans[u1, 39]
/Channel/GenericCoupling/aaCplOutTrans[u1, 40]
/Channel/GenericCoupling/aaCplOutTrans[u1, 41]
/Channel/GenericCoupling/aaCplOutTrans[u1, 42]
/Channel/GenericCoupling/aaCplOutTrans[u1, 46]
/Channel/GenericCoupling/aaCplOutTrans[u1, 48]
/Channel/GenericCoupling/aaCplOutTrans[u1, 49]
/Channel/GenericCoupling/aaCplOutTrans[u1, 50]
/Channel/GenericCoupling/aaCplOutTrans[u1, 51]
/Channel/GenericCoupling/aaCplOutTrans[u1, 52]
/Channel/GenericCoupling/aaCplOutTrans[u1, 53]
/Channel/GenericCoupling/aaCplOutTrans[u1, 54]
/Channel/GenericCoupling/aaCplOutTrans[u1, 58]
/Channel/GenericCoupling/aaCplOutTrans[u1, 60]
/Channel/GenericCoupling/aaCplOutTrans[u1, 61]
/Channel/GenericCoupling/aaCplOutTrans[u1, 62]
/Channel/GenericCoupling/aaCplOutTrans[u1, 63]
/Channel/GenericCoupling/aaCplOutTrans[u1, 64]
/Channel/GenericCoupling/aaCplOutTrans[u1, 65]
/Channel/GenericCoupling/aaCplOutTrans[u1, 66]
/Channel/GenericCoupling/aaCplOutTrans[u1, 70]
/Channel/GenericCoupling/aaCplOutTrans[u1, 72]";False
aaCplInScale;Input scaling factor of coupling factor;$AA_CPLINSC[a,b];;32;(Axis index of the slave axis) * numMachAxes + (axis index of the master axis);numMachAxes * numMachAxes;Input scaling factor of coupling factor;TYPE_DOUBLE;No unit;;;;/Channel/GenericCoupling/aaCplInScale[u<Channel numb>, <Line Index>];"/Channel/GenericCoupling/aaCplInScale[u1, 1]
/Channel/GenericCoupling/aaCplInScale[u1, 2]
/Channel/GenericCoupling/aaCplInScale[u1, 3]
/Channel/GenericCoupling/aaCplInScale[u1, 4]
/Channel/GenericCoupling/aaCplInScale[u1, 5]
/Channel/GenericCoupling/aaCplInScale[u1, 6]
/Channel/GenericCoupling/aaCplInScale[u1, 10]
/Channel/GenericCoupling/aaCplInScale[u1, 12]
/Channel/GenericCoupling/aaCplInScale[u1, 13]
/Channel/GenericCoupling/aaCplInScale[u1, 14]
/Channel/GenericCoupling/aaCplInScale[u1, 15]
/Channel/GenericCoupling/aaCplInScale[u1, 16]
/Channel/GenericCoupling/aaCplInScale[u1, 17]
/Channel/GenericCoupling/aaCplInScale[u1, 18]
/Channel/GenericCoupling/aaCplInScale[u1, 22]
/Channel/GenericCoupling/aaCplInScale[u1, 24]
/Channel/GenericCoupling/aaCplInScale[u1, 25]
/Channel/GenericCoupling/aaCplInScale[u1, 26]
/Channel/GenericCoupling/aaCplInScale[u1, 27]
/Channel/GenericCoupling/aaCplInScale[u1, 28]
/Channel/GenericCoupling/aaCplInScale[u1, 29]
/Channel/GenericCoupling/aaCplInScale[u1, 30]
/Channel/GenericCoupling/aaCplInScale[u1, 34]
/Channel/GenericCoupling/aaCplInScale[u1, 36]
/Channel/GenericCoupling/aaCplInScale[u1, 37]
/Channel/GenericCoupling/aaCplInScale[u1, 38]
/Channel/GenericCoupling/aaCplInScale[u1, 39]
/Channel/GenericCoupling/aaCplInScale[u1, 40]
/Channel/GenericCoupling/aaCplInScale[u1, 41]
/Channel/GenericCoupling/aaCplInScale[u1, 42]
/Channel/GenericCoupling/aaCplInScale[u1, 46]
/Channel/GenericCoupling/aaCplInScale[u1, 48]
/Channel/GenericCoupling/aaCplInScale[u1, 49]
/Channel/GenericCoupling/aaCplInScale[u1, 50]
/Channel/GenericCoupling/aaCplInScale[u1, 51]
/Channel/GenericCoupling/aaCplInScale[u1, 52]
/Channel/GenericCoupling/aaCplInScale[u1, 53]
/Channel/GenericCoupling/aaCplInScale[u1, 54]
/Channel/GenericCoupling/aaCplInScale[u1, 58]
/Channel/GenericCoupling/aaCplInScale[u1, 60]
/Channel/GenericCoupling/aaCplInScale[u1, 61]
/Channel/GenericCoupling/aaCplInScale[u1, 62]
/Channel/GenericCoupling/aaCplInScale[u1, 63]
/Channel/GenericCoupling/aaCplInScale[u1, 64]
/Channel/GenericCoupling/aaCplInScale[u1, 65]
/Channel/GenericCoupling/aaCplInScale[u1, 66]
/Channel/GenericCoupling/aaCplInScale[u1, 70]
/Channel/GenericCoupling/aaCplInScale[u1, 72]";False
aaCplInTrans;Input transmission correction of coupling factor;$AA_CPLINTR[a,b];;31;(Axis index of the slave axis) * numMachAxes + (axis index of the master axis);numMachAxes * numMachAxes;Input transmission correction of coupling factor;TYPE_DOUBLE;No unit;;;;/Channel/GenericCoupling/aaCplInTrans[u<Channel numb>, <Line Index>];"/Channel/GenericCoupling/aaCplInTrans[u1, 1]
/Channel/GenericCoupling/aaCplInTrans[u1, 2]
/Channel/GenericCoupling/aaCplInTrans[u1, 3]
/Channel/GenericCoupling/aaCplInTrans[u1, 4]
/Channel/GenericCoupling/aaCplInTrans[u1, 5]
/Channel/GenericCoupling/aaCplInTrans[u1, 6]
/Channel/GenericCoupling/aaCplInTrans[u1, 10]
/Channel/GenericCoupling/aaCplInTrans[u1, 12]
/Channel/GenericCoupling/aaCplInTrans[u1, 13]
/Channel/GenericCoupling/aaCplInTrans[u1, 14]
/Channel/GenericCoupling/aaCplInTrans[u1, 15]
/Channel/GenericCoupling/aaCplInTrans[u1, 16]
/Channel/GenericCoupling/aaCplInTrans[u1, 17]
/Channel/GenericCoupling/aaCplInTrans[u1, 18]
/Channel/GenericCoupling/aaCplInTrans[u1, 22]
/Channel/GenericCoupling/aaCplInTrans[u1, 24]
/Channel/GenericCoupling/aaCplInTrans[u1, 25]
/Channel/GenericCoupling/aaCplInTrans[u1, 26]
/Channel/GenericCoupling/aaCplInTrans[u1, 27]
/Channel/GenericCoupling/aaCplInTrans[u1, 28]
/Channel/GenericCoupling/aaCplInTrans[u1, 29]
/Channel/GenericCoupling/aaCplInTrans[u1, 30]
/Channel/GenericCoupling/aaCplInTrans[u1, 34]
/Channel/GenericCoupling/aaCplInTrans[u1, 36]
/Channel/GenericCoupling/aaCplInTrans[u1, 37]
/Channel/GenericCoupling/aaCplInTrans[u1, 38]
/Channel/GenericCoupling/aaCplInTrans[u1, 39]
/Channel/GenericCoupling/aaCplInTrans[u1, 40]
/Channel/GenericCoupling/aaCplInTrans[u1, 41]
/Channel/GenericCoupling/aaCplInTrans[u1, 42]
/Channel/GenericCoupling/aaCplInTrans[u1, 46]
/Channel/GenericCoupling/aaCplInTrans[u1, 48]
/Channel/GenericCoupling/aaCplInTrans[u1, 49]
/Channel/GenericCoupling/aaCplInTrans[u1, 50]
/Channel/GenericCoupling/aaCplInTrans[u1, 51]
/Channel/GenericCoupling/aaCplInTrans[u1, 52]
/Channel/GenericCoupling/aaCplInTrans[u1, 53]
/Channel/GenericCoupling/aaCplInTrans[u1, 54]
/Channel/GenericCoupling/aaCplInTrans[u1, 58]
/Channel/GenericCoupling/aaCplInTrans[u1, 60]
/Channel/GenericCoupling/aaCplInTrans[u1, 61]
/Channel/GenericCoupling/aaCplInTrans[u1, 62]
/Channel/GenericCoupling/aaCplInTrans[u1, 63]
/Channel/GenericCoupling/aaCplInTrans[u1, 64]
/Channel/GenericCoupling/aaCplInTrans[u1, 65]
/Channel/GenericCoupling/aaCplInTrans[u1, 66]
/Channel/GenericCoupling/aaCplInTrans[u1, 70]
/Channel/GenericCoupling/aaCplInTrans[u1, 72]";False
aaCpSetType;Coupling set coupling type;$AA_CPSETTYPE[a];;30;Axis index of the following axis;numMachAxes;"Coupling set coupling type

Value Range:
NONE
TRAIL
LEAD
EG
COUP";TYPE_STRING;No unit;;;;/Channel/GenericCoupling/aaCpSetType[u<Channel numb>, <Line Index>];"/Channel/GenericCoupling/aaCpSetType[u1, 1]
/Channel/GenericCoupling/aaCpSetType[u1, 2]
/Channel/GenericCoupling/aaCpSetType[u1, 3]
/Channel/GenericCoupling/aaCpSetType[u1, 4]
/Channel/GenericCoupling/aaCpSetType[u1, 5]
/Channel/GenericCoupling/aaCpSetType[u1, 6]
/Channel/GenericCoupling/aaCpSetType[u1, 10]
/Channel/GenericCoupling/aaCpSetType[u1, 12]";False
aaCpMStart;Coupling mode through program start;$AA_CPMSTART[a];;28;Axis index of the following axis;numMachAxes;"Coupling mode through program start

Value Range:
NONE
ON
OFF
DEL";TYPE_STRING;No unit;;;;/Channel/GenericCoupling/aaCpMStart[u<Channel numb>, <Line Index>];"/Channel/GenericCoupling/aaCpMStart[u1, 1]
/Channel/GenericCoupling/aaCpMStart[u1, 2]
/Channel/GenericCoupling/aaCpMStart[u1, 3]
/Channel/GenericCoupling/aaCpMStart[u1, 4]
/Channel/GenericCoupling/aaCpMStart[u1, 5]
/Channel/GenericCoupling/aaCpMStart[u1, 6]
/Channel/GenericCoupling/aaCpMStart[u1, 10]
/Channel/GenericCoupling/aaCpMStart[u1, 12]";False
aaCpMReset;Coupling mode through RESET;$AA_CPMRESET[a];;27;Axis index of the following axis;numMachAxes;"Coupling mode through RESET

Value Range:
NONE
ON
OFF
DEL";TYPE_STRING;No unit;;;;/Channel/GenericCoupling/aaCpMReset[u<Channel numb>, <Line Index>];"/Channel/GenericCoupling/aaCpMReset[u1, 1]
/Channel/GenericCoupling/aaCpMReset[u1, 2]
/Channel/GenericCoupling/aaCpMReset[u1, 3]
/Channel/GenericCoupling/aaCpMReset[u1, 4]
/Channel/GenericCoupling/aaCpMReset[u1, 5]
/Channel/GenericCoupling/aaCpMReset[u1, 6]
/Channel/GenericCoupling/aaCpMReset[u1, 10]
/Channel/GenericCoupling/aaCpMReset[u1, 12]";False
aaCpfMSOn;Following axis mode On strategy;$AA_CPFMSON[a];;26;Axis index of the following axis;numMachAxes;"Indicates the activation strategy of the following axis

Value Range:
CNONE
CFAST
COARSE
NTG
ACN
ACP
DCT
NTGP
DCP";TYPE_STRING;No unit;;;;/Channel/GenericCoupling/aaCpfMSOn[u<Channel numb>, <Line Index>];"/Channel/GenericCoupling/aaCpfMSOn[u1, 1]
/Channel/GenericCoupling/aaCpfMSOn[u1, 2]
/Channel/GenericCoupling/aaCpfMSOn[u1, 3]
/Channel/GenericCoupling/aaCpfMSOn[u1, 4]
/Channel/GenericCoupling/aaCpfMSOn[u1, 5]
/Channel/GenericCoupling/aaCpfMSOn[u1, 6]
/Channel/GenericCoupling/aaCpfMSOn[u1, 10]
/Channel/GenericCoupling/aaCpfMSOn[u1, 12]";False
aaCpfModeOn;Coupling activation mode;$AA_CPFMON[a];;25;Axis index of the following axis;numMachAxes;"Indicates the behavior of the following axis, FAx, when the coupling is activated.

Value Range:
STOP - Stop following axis/spindle
CON - Continue motion of the FAx with the current velocity
ADD";TYPE_STRING;No unit;;;;/Channel/GenericCoupling/aaCpfModeOn[u<Channel numb>, <Line Index>];"/Channel/GenericCoupling/aaCpfModeOn[u1, 1]
/Channel/GenericCoupling/aaCpfModeOn[u1, 2]
/Channel/GenericCoupling/aaCpfModeOn[u1, 3]
/Channel/GenericCoupling/aaCpfModeOn[u1, 4]
/Channel/GenericCoupling/aaCpfModeOn[u1, 5]
/Channel/GenericCoupling/aaCpfModeOn[u1, 6]
/Channel/GenericCoupling/aaCpfModeOn[u1, 10]
/Channel/GenericCoupling/aaCpfModeOn[u1, 12]";False
aaCplSetVal;Type of defined value for the coupling;$AA_CPLSETVAL[a,b];;24;(Axis index of the slave axis) * numMachAxes + (axis index of the master axis);numMachAxes * numMachAxes;"Indicates the type of defined value used for the coupling

Value Range:
ACTPOS = Actual position
CMDPOS = Setpoint position
CMDVEL = Setpoint velocity";TYPE_STRING;No unit;;;;/Channel/GenericCoupling/aaCplSetVal[u<Channel numb>, <Line Index>];"/Channel/GenericCoupling/aaCplSetVal[u1, 1]
/Channel/GenericCoupling/aaCplSetVal[u1, 2]
/Channel/GenericCoupling/aaCplSetVal[u1, 3]
/Channel/GenericCoupling/aaCplSetVal[u1, 4]
/Channel/GenericCoupling/aaCplSetVal[u1, 5]
/Channel/GenericCoupling/aaCplSetVal[u1, 6]
/Channel/GenericCoupling/aaCplSetVal[u1, 10]
/Channel/GenericCoupling/aaCplSetVal[u1, 12]
/Channel/GenericCoupling/aaCplSetVal[u1, 13]
/Channel/GenericCoupling/aaCplSetVal[u1, 14]
/Channel/GenericCoupling/aaCplSetVal[u1, 15]
/Channel/GenericCoupling/aaCplSetVal[u1, 16]
/Channel/GenericCoupling/aaCplSetVal[u1, 17]
/Channel/GenericCoupling/aaCplSetVal[u1, 18]
/Channel/GenericCoupling/aaCplSetVal[u1, 22]
/Channel/GenericCoupling/aaCplSetVal[u1, 24]
/Channel/GenericCoupling/aaCplSetVal[u1, 25]
/Channel/GenericCoupling/aaCplSetVal[u1, 26]
/Channel/GenericCoupling/aaCplSetVal[u1, 27]
/Channel/GenericCoupling/aaCplSetVal[u1, 28]
/Channel/GenericCoupling/aaCplSetVal[u1, 29]
/Channel/GenericCoupling/aaCplSetVal[u1, 30]
/Channel/GenericCoupling/aaCplSetVal[u1, 34]
/Channel/GenericCoupling/aaCplSetVal[u1, 36]
/Channel/GenericCoupling/aaCplSetVal[u1, 37]
/Channel/GenericCoupling/aaCplSetVal[u1, 38]
/Channel/GenericCoupling/aaCplSetVal[u1, 39]
/Channel/GenericCoupling/aaCplSetVal[u1, 40]
/Channel/GenericCoupling/aaCplSetVal[u1, 41]
/Channel/GenericCoupling/aaCplSetVal[u1, 42]
/Channel/GenericCoupling/aaCplSetVal[u1, 46]
/Channel/GenericCoupling/aaCplSetVal[u1, 48]
/Channel/GenericCoupling/aaCplSetVal[u1, 49]
/Channel/GenericCoupling/aaCplSetVal[u1, 50]
/Channel/GenericCoupling/aaCplSetVal[u1, 51]
/Channel/GenericCoupling/aaCplSetVal[u1, 52]
/Channel/GenericCoupling/aaCplSetVal[u1, 53]
/Channel/GenericCoupling/aaCplSetVal[u1, 54]
/Channel/GenericCoupling/aaCplSetVal[u1, 58]
/Channel/GenericCoupling/aaCplSetVal[u1, 60]
/Channel/GenericCoupling/aaCplSetVal[u1, 61]
/Channel/GenericCoupling/aaCplSetVal[u1, 62]
/Channel/GenericCoupling/aaCplSetVal[u1, 63]
/Channel/GenericCoupling/aaCplSetVal[u1, 64]
/Channel/GenericCoupling/aaCplSetVal[u1, 65]
/Channel/GenericCoupling/aaCplSetVal[u1, 66]
/Channel/GenericCoupling/aaCplSetVal[u1, 70]
/Channel/GenericCoupling/aaCplSetVal[u1, 72]";False
aaCplAccel;Acceleration proportion of the leading axis;$AA_CPLACC[a,b];;23;(Axis index of the slave axis) * numMachAxes + (axis index of the master axis);numMachAxes * numMachAxes;Acceleration proportion of the following axis caused by an active coupling to the specified leading axis;TYPE_DOUBLE;No unit;;;;/Channel/GenericCoupling/aaCplAccel[u<Channel numb>, <Line Index>];"/Channel/GenericCoupling/aaCplAccel[u1, 1]
/Channel/GenericCoupling/aaCplAccel[u1, 2]
/Channel/GenericCoupling/aaCplAccel[u1, 3]
/Channel/GenericCoupling/aaCplAccel[u1, 4]
/Channel/GenericCoupling/aaCplAccel[u1, 5]
/Channel/GenericCoupling/aaCplAccel[u1, 6]
/Channel/GenericCoupling/aaCplAccel[u1, 10]
/Channel/GenericCoupling/aaCplAccel[u1, 12]
/Channel/GenericCoupling/aaCplAccel[u1, 13]
/Channel/GenericCoupling/aaCplAccel[u1, 14]
/Channel/GenericCoupling/aaCplAccel[u1, 15]
/Channel/GenericCoupling/aaCplAccel[u1, 16]
/Channel/GenericCoupling/aaCplAccel[u1, 17]
/Channel/GenericCoupling/aaCplAccel[u1, 18]
/Channel/GenericCoupling/aaCplAccel[u1, 22]
/Channel/GenericCoupling/aaCplAccel[u1, 24]
/Channel/GenericCoupling/aaCplAccel[u1, 25]
/Channel/GenericCoupling/aaCplAccel[u1, 26]
/Channel/GenericCoupling/aaCplAccel[u1, 27]
/Channel/GenericCoupling/aaCplAccel[u1, 28]
/Channel/GenericCoupling/aaCplAccel[u1, 29]
/Channel/GenericCoupling/aaCplAccel[u1, 30]
/Channel/GenericCoupling/aaCplAccel[u1, 34]
/Channel/GenericCoupling/aaCplAccel[u1, 36]
/Channel/GenericCoupling/aaCplAccel[u1, 37]
/Channel/GenericCoupling/aaCplAccel[u1, 38]
/Channel/GenericCoupling/aaCplAccel[u1, 39]
/Channel/GenericCoupling/aaCplAccel[u1, 40]
/Channel/GenericCoupling/aaCplAccel[u1, 41]
/Channel/GenericCoupling/aaCplAccel[u1, 42]
/Channel/GenericCoupling/aaCplAccel[u1, 46]
/Channel/GenericCoupling/aaCplAccel[u1, 48]
/Channel/GenericCoupling/aaCplAccel[u1, 49]
/Channel/GenericCoupling/aaCplAccel[u1, 50]
/Channel/GenericCoupling/aaCplAccel[u1, 51]
/Channel/GenericCoupling/aaCplAccel[u1, 52]
/Channel/GenericCoupling/aaCplAccel[u1, 53]
/Channel/GenericCoupling/aaCplAccel[u1, 54]
/Channel/GenericCoupling/aaCplAccel[u1, 58]
/Channel/GenericCoupling/aaCplAccel[u1, 60]
/Channel/GenericCoupling/aaCplAccel[u1, 61]
/Channel/GenericCoupling/aaCplAccel[u1, 62]
/Channel/GenericCoupling/aaCplAccel[u1, 63]
/Channel/GenericCoupling/aaCplAccel[u1, 64]
/Channel/GenericCoupling/aaCplAccel[u1, 65]
/Channel/GenericCoupling/aaCplAccel[u1, 66]
/Channel/GenericCoupling/aaCplAccel[u1, 70]
/Channel/GenericCoupling/aaCplAccel[u1, 72]";False
aaCplCmdVel;Velocity command of the stated coupling;$AA_CPLCMDV[a,b];;20;(Axis index of the slave axis) * numMachAxes + (axis index of the master axis);numMachAxes * numMachAxes;The proportion of the axis acceration command assigned to the stated coupling.;TYPE_DOUBLE;No unit;;;;/Channel/GenericCoupling/aaCplCmdVel[u<Channel numb>, <Line Index>];"/Channel/GenericCoupling/aaCplCmdVel[u1, 1]
/Channel/GenericCoupling/aaCplCmdVel[u1, 2]
/Channel/GenericCoupling/aaCplCmdVel[u1, 3]
/Channel/GenericCoupling/aaCplCmdVel[u1, 4]
/Channel/GenericCoupling/aaCplCmdVel[u1, 5]
/Channel/GenericCoupling/aaCplCmdVel[u1, 6]
/Channel/GenericCoupling/aaCplCmdVel[u1, 10]
/Channel/GenericCoupling/aaCplCmdVel[u1, 12]
/Channel/GenericCoupling/aaCplCmdVel[u1, 13]
/Channel/GenericCoupling/aaCplCmdVel[u1, 14]
/Channel/GenericCoupling/aaCplCmdVel[u1, 15]
/Channel/GenericCoupling/aaCplCmdVel[u1, 16]
/Channel/GenericCoupling/aaCplCmdVel[u1, 17]
/Channel/GenericCoupling/aaCplCmdVel[u1, 18]
/Channel/GenericCoupling/aaCplCmdVel[u1, 22]
/Channel/GenericCoupling/aaCplCmdVel[u1, 24]
/Channel/GenericCoupling/aaCplCmdVel[u1, 25]
/Channel/GenericCoupling/aaCplCmdVel[u1, 26]
/Channel/GenericCoupling/aaCplCmdVel[u1, 27]
/Channel/GenericCoupling/aaCplCmdVel[u1, 28]
/Channel/GenericCoupling/aaCplCmdVel[u1, 29]
/Channel/GenericCoupling/aaCplCmdVel[u1, 30]
/Channel/GenericCoupling/aaCplCmdVel[u1, 34]
/Channel/GenericCoupling/aaCplCmdVel[u1, 36]
/Channel/GenericCoupling/aaCplCmdVel[u1, 37]
/Channel/GenericCoupling/aaCplCmdVel[u1, 38]
/Channel/GenericCoupling/aaCplCmdVel[u1, 39]
/Channel/GenericCoupling/aaCplCmdVel[u1, 40]
/Channel/GenericCoupling/aaCplCmdVel[u1, 41]
/Channel/GenericCoupling/aaCplCmdVel[u1, 42]
/Channel/GenericCoupling/aaCplCmdVel[u1, 46]
/Channel/GenericCoupling/aaCplCmdVel[u1, 48]
/Channel/GenericCoupling/aaCplCmdVel[u1, 49]
/Channel/GenericCoupling/aaCplCmdVel[u1, 50]
/Channel/GenericCoupling/aaCplCmdVel[u1, 51]
/Channel/GenericCoupling/aaCplCmdVel[u1, 52]
/Channel/GenericCoupling/aaCplCmdVel[u1, 53]
/Channel/GenericCoupling/aaCplCmdVel[u1, 54]
/Channel/GenericCoupling/aaCplCmdVel[u1, 58]
/Channel/GenericCoupling/aaCplCmdVel[u1, 60]
/Channel/GenericCoupling/aaCplCmdVel[u1, 61]
/Channel/GenericCoupling/aaCplCmdVel[u1, 62]
/Channel/GenericCoupling/aaCplCmdVel[u1, 63]
/Channel/GenericCoupling/aaCplCmdVel[u1, 64]
/Channel/GenericCoupling/aaCplCmdVel[u1, 65]
/Channel/GenericCoupling/aaCplCmdVel[u1, 66]
/Channel/GenericCoupling/aaCplCmdVel[u1, 70]
/Channel/GenericCoupling/aaCplCmdVel[u1, 72]";False
aaCpMVdi;Behavior of the coupl. module regard. VDI signals;$AA_CPMVDI[a];;39;Axis index of the following axis;numMachAxes;Behavior of the coupling module regarding VDI signals;TYPE_UWORD;No unit;0;0.0;;/Channel/GenericCoupling/aaCpMVdi[u<Channel numb>, <Line Index>];"/Channel/GenericCoupling/aaCpMVdi[u1, 1]
/Channel/GenericCoupling/aaCpMVdi[u1, 2]
/Channel/GenericCoupling/aaCpMVdi[u1, 3]
/Channel/GenericCoupling/aaCpMVdi[u1, 4]
/Channel/GenericCoupling/aaCpMVdi[u1, 5]
/Channel/GenericCoupling/aaCpMVdi[u1, 6]
/Channel/GenericCoupling/aaCpMVdi[u1, 10]
/Channel/GenericCoupling/aaCpMVdi[u1, 12]";False
aaCplCmdPos;Position command of the stated coupling;$AA_CPLCMDP[a,b];;19;(Axis index of the slave axis) * numMachAxes + (axis index of the master axis);numMachAxes * numMachAxes;The proportion of the axis position command assigned to the stated coupling.;TYPE_DOUBLE;No unit;;;;/Channel/GenericCoupling/aaCplCmdPos[u<Channel numb>, <Line Index>];"/Channel/GenericCoupling/aaCplCmdPos[u1, 1]
/Channel/GenericCoupling/aaCplCmdPos[u1, 2]
/Channel/GenericCoupling/aaCplCmdPos[u1, 3]
/Channel/GenericCoupling/aaCplCmdPos[u1, 4]
/Channel/GenericCoupling/aaCplCmdPos[u1, 5]
/Channel/GenericCoupling/aaCplCmdPos[u1, 6]
/Channel/GenericCoupling/aaCplCmdPos[u1, 10]
/Channel/GenericCoupling/aaCplCmdPos[u1, 12]
/Channel/GenericCoupling/aaCplCmdPos[u1, 13]
/Channel/GenericCoupling/aaCplCmdPos[u1, 14]
/Channel/GenericCoupling/aaCplCmdPos[u1, 15]
/Channel/GenericCoupling/aaCplCmdPos[u1, 16]
/Channel/GenericCoupling/aaCplCmdPos[u1, 17]
/Channel/GenericCoupling/aaCplCmdPos[u1, 18]
/Channel/GenericCoupling/aaCplCmdPos[u1, 22]
/Channel/GenericCoupling/aaCplCmdPos[u1, 24]
/Channel/GenericCoupling/aaCplCmdPos[u1, 25]
/Channel/GenericCoupling/aaCplCmdPos[u1, 26]
/Channel/GenericCoupling/aaCplCmdPos[u1, 27]
/Channel/GenericCoupling/aaCplCmdPos[u1, 28]
/Channel/GenericCoupling/aaCplCmdPos[u1, 29]
/Channel/GenericCoupling/aaCplCmdPos[u1, 30]
/Channel/GenericCoupling/aaCplCmdPos[u1, 34]
/Channel/GenericCoupling/aaCplCmdPos[u1, 36]
/Channel/GenericCoupling/aaCplCmdPos[u1, 37]
/Channel/GenericCoupling/aaCplCmdPos[u1, 38]
/Channel/GenericCoupling/aaCplCmdPos[u1, 39]
/Channel/GenericCoupling/aaCplCmdPos[u1, 40]
/Channel/GenericCoupling/aaCplCmdPos[u1, 41]
/Channel/GenericCoupling/aaCplCmdPos[u1, 42]
/Channel/GenericCoupling/aaCplCmdPos[u1, 46]
/Channel/GenericCoupling/aaCplCmdPos[u1, 48]
/Channel/GenericCoupling/aaCplCmdPos[u1, 49]
/Channel/GenericCoupling/aaCplCmdPos[u1, 50]
/Channel/GenericCoupling/aaCplCmdPos[u1, 51]
/Channel/GenericCoupling/aaCplCmdPos[u1, 52]
/Channel/GenericCoupling/aaCplCmdPos[u1, 53]
/Channel/GenericCoupling/aaCplCmdPos[u1, 54]
/Channel/GenericCoupling/aaCplCmdPos[u1, 58]
/Channel/GenericCoupling/aaCplCmdPos[u1, 60]
/Channel/GenericCoupling/aaCplCmdPos[u1, 61]
/Channel/GenericCoupling/aaCplCmdPos[u1, 62]
/Channel/GenericCoupling/aaCplCmdPos[u1, 63]
/Channel/GenericCoupling/aaCplCmdPos[u1, 64]
/Channel/GenericCoupling/aaCplCmdPos[u1, 65]
/Channel/GenericCoupling/aaCplCmdPos[u1, 66]
/Channel/GenericCoupling/aaCplCmdPos[u1, 70]
/Channel/GenericCoupling/aaCplCmdPos[u1, 72]";False
aaCplDenominator;Denominator of coupling factor;$AA_CPLDEN[a,b];;18;(Axis index of the slave axis) * numMachAxes + (axis index of the master axis);numMachAxes * numMachAxes;Denominator of coupling factor;TYPE_DOUBLE;No unit;;;;/Channel/GenericCoupling/aaCplDenominator[u<Channel numb>, <Line Index>];"/Channel/GenericCoupling/aaCplDenominator[u1, 1]
/Channel/GenericCoupling/aaCplDenominator[u1, 2]
/Channel/GenericCoupling/aaCplDenominator[u1, 3]
/Channel/GenericCoupling/aaCplDenominator[u1, 4]
/Channel/GenericCoupling/aaCplDenominator[u1, 5]
/Channel/GenericCoupling/aaCplDenominator[u1, 6]
/Channel/GenericCoupling/aaCplDenominator[u1, 10]
/Channel/GenericCoupling/aaCplDenominator[u1, 12]
/Channel/GenericCoupling/aaCplDenominator[u1, 13]
/Channel/GenericCoupling/aaCplDenominator[u1, 14]
/Channel/GenericCoupling/aaCplDenominator[u1, 15]
/Channel/GenericCoupling/aaCplDenominator[u1, 16]
/Channel/GenericCoupling/aaCplDenominator[u1, 17]
/Channel/GenericCoupling/aaCplDenominator[u1, 18]
/Channel/GenericCoupling/aaCplDenominator[u1, 22]
/Channel/GenericCoupling/aaCplDenominator[u1, 24]
/Channel/GenericCoupling/aaCplDenominator[u1, 25]
/Channel/GenericCoupling/aaCplDenominator[u1, 26]
/Channel/GenericCoupling/aaCplDenominator[u1, 27]
/Channel/GenericCoupling/aaCplDenominator[u1, 28]
/Channel/GenericCoupling/aaCplDenominator[u1, 29]
/Channel/GenericCoupling/aaCplDenominator[u1, 30]
/Channel/GenericCoupling/aaCplDenominator[u1, 34]
/Channel/GenericCoupling/aaCplDenominator[u1, 36]
/Channel/GenericCoupling/aaCplDenominator[u1, 37]
/Channel/GenericCoupling/aaCplDenominator[u1, 38]
/Channel/GenericCoupling/aaCplDenominator[u1, 39]
/Channel/GenericCoupling/aaCplDenominator[u1, 40]
/Channel/GenericCoupling/aaCplDenominator[u1, 41]
/Channel/GenericCoupling/aaCplDenominator[u1, 42]
/Channel/GenericCoupling/aaCplDenominator[u1, 46]
/Channel/GenericCoupling/aaCplDenominator[u1, 48]
/Channel/GenericCoupling/aaCplDenominator[u1, 49]
/Channel/GenericCoupling/aaCplDenominator[u1, 50]
/Channel/GenericCoupling/aaCplDenominator[u1, 51]
/Channel/GenericCoupling/aaCplDenominator[u1, 52]
/Channel/GenericCoupling/aaCplDenominator[u1, 53]
/Channel/GenericCoupling/aaCplDenominator[u1, 54]
/Channel/GenericCoupling/aaCplDenominator[u1, 58]
/Channel/GenericCoupling/aaCplDenominator[u1, 60]
/Channel/GenericCoupling/aaCplDenominator[u1, 61]
/Channel/GenericCoupling/aaCplDenominator[u1, 62]
/Channel/GenericCoupling/aaCplDenominator[u1, 63]
/Channel/GenericCoupling/aaCplDenominator[u1, 64]
/Channel/GenericCoupling/aaCplDenominator[u1, 65]
/Channel/GenericCoupling/aaCplDenominator[u1, 66]
/Channel/GenericCoupling/aaCplDenominator[u1, 70]
/Channel/GenericCoupling/aaCplDenominator[u1, 72]";False
aaCplNumerator;Counter of coupling factor;$AA_CPLNUM[a,b];;17;(Axis index of the slave axis) * numMachAxes + (axis index of the master axis);numMachAxes * numMachAxes;Counter of coupling factor;TYPE_DOUBLE;No unit;;;;/Channel/GenericCoupling/aaCplNumerator[u<Channel numb>, <Line Index>];"/Channel/GenericCoupling/aaCplNumerator[u1, 1]
/Channel/GenericCoupling/aaCplNumerator[u1, 2]
/Channel/GenericCoupling/aaCplNumerator[u1, 3]
/Channel/GenericCoupling/aaCplNumerator[u1, 4]
/Channel/GenericCoupling/aaCplNumerator[u1, 5]
/Channel/GenericCoupling/aaCplNumerator[u1, 6]
/Channel/GenericCoupling/aaCplNumerator[u1, 10]
/Channel/GenericCoupling/aaCplNumerator[u1, 12]
/Channel/GenericCoupling/aaCplNumerator[u1, 13]
/Channel/GenericCoupling/aaCplNumerator[u1, 14]
/Channel/GenericCoupling/aaCplNumerator[u1, 15]
/Channel/GenericCoupling/aaCplNumerator[u1, 16]
/Channel/GenericCoupling/aaCplNumerator[u1, 17]
/Channel/GenericCoupling/aaCplNumerator[u1, 18]
/Channel/GenericCoupling/aaCplNumerator[u1, 22]
/Channel/GenericCoupling/aaCplNumerator[u1, 24]
/Channel/GenericCoupling/aaCplNumerator[u1, 25]
/Channel/GenericCoupling/aaCplNumerator[u1, 26]
/Channel/GenericCoupling/aaCplNumerator[u1, 27]
/Channel/GenericCoupling/aaCplNumerator[u1, 28]
/Channel/GenericCoupling/aaCplNumerator[u1, 29]
/Channel/GenericCoupling/aaCplNumerator[u1, 30]
/Channel/GenericCoupling/aaCplNumerator[u1, 34]
/Channel/GenericCoupling/aaCplNumerator[u1, 36]
/Channel/GenericCoupling/aaCplNumerator[u1, 37]
/Channel/GenericCoupling/aaCplNumerator[u1, 38]
/Channel/GenericCoupling/aaCplNumerator[u1, 39]
/Channel/GenericCoupling/aaCplNumerator[u1, 40]
/Channel/GenericCoupling/aaCplNumerator[u1, 41]
/Channel/GenericCoupling/aaCplNumerator[u1, 42]
/Channel/GenericCoupling/aaCplNumerator[u1, 46]
/Channel/GenericCoupling/aaCplNumerator[u1, 48]
/Channel/GenericCoupling/aaCplNumerator[u1, 49]
/Channel/GenericCoupling/aaCplNumerator[u1, 50]
/Channel/GenericCoupling/aaCplNumerator[u1, 51]
/Channel/GenericCoupling/aaCplNumerator[u1, 52]
/Channel/GenericCoupling/aaCplNumerator[u1, 53]
/Channel/GenericCoupling/aaCplNumerator[u1, 54]
/Channel/GenericCoupling/aaCplNumerator[u1, 58]
/Channel/GenericCoupling/aaCplNumerator[u1, 60]
/Channel/GenericCoupling/aaCplNumerator[u1, 61]
/Channel/GenericCoupling/aaCplNumerator[u1, 62]
/Channel/GenericCoupling/aaCplNumerator[u1, 63]
/Channel/GenericCoupling/aaCplNumerator[u1, 64]
/Channel/GenericCoupling/aaCplNumerator[u1, 65]
/Channel/GenericCoupling/aaCplNumerator[u1, 66]
/Channel/GenericCoupling/aaCplNumerator[u1, 70]
/Channel/GenericCoupling/aaCplNumerator[u1, 72]";False
aaCplCTabId;The ID of the active curve table;$AA_CPLCTID[a,b];;16;(Axis index of the slave axis) * numMachAxes + (axis index of the master axis);numMachAxes * numMachAxes;ID number of the curve table which is used with the coupling of the stated axes.;TYPE_UWORD;No unit;;;;/Channel/GenericCoupling/aaCplCTabId[u<Channel numb>, <Line Index>];"/Channel/GenericCoupling/aaCplCTabId[u1, 1]
/Channel/GenericCoupling/aaCplCTabId[u1, 2]
/Channel/GenericCoupling/aaCplCTabId[u1, 3]
/Channel/GenericCoupling/aaCplCTabId[u1, 4]
/Channel/GenericCoupling/aaCplCTabId[u1, 5]
/Channel/GenericCoupling/aaCplCTabId[u1, 6]
/Channel/GenericCoupling/aaCplCTabId[u1, 10]
/Channel/GenericCoupling/aaCplCTabId[u1, 12]
/Channel/GenericCoupling/aaCplCTabId[u1, 13]
/Channel/GenericCoupling/aaCplCTabId[u1, 14]
/Channel/GenericCoupling/aaCplCTabId[u1, 15]
/Channel/GenericCoupling/aaCplCTabId[u1, 16]
/Channel/GenericCoupling/aaCplCTabId[u1, 17]
/Channel/GenericCoupling/aaCplCTabId[u1, 18]
/Channel/GenericCoupling/aaCplCTabId[u1, 22]
/Channel/GenericCoupling/aaCplCTabId[u1, 24]
/Channel/GenericCoupling/aaCplCTabId[u1, 25]
/Channel/GenericCoupling/aaCplCTabId[u1, 26]
/Channel/GenericCoupling/aaCplCTabId[u1, 27]
/Channel/GenericCoupling/aaCplCTabId[u1, 28]
/Channel/GenericCoupling/aaCplCTabId[u1, 29]
/Channel/GenericCoupling/aaCplCTabId[u1, 30]
/Channel/GenericCoupling/aaCplCTabId[u1, 34]
/Channel/GenericCoupling/aaCplCTabId[u1, 36]
/Channel/GenericCoupling/aaCplCTabId[u1, 37]
/Channel/GenericCoupling/aaCplCTabId[u1, 38]
/Channel/GenericCoupling/aaCplCTabId[u1, 39]
/Channel/GenericCoupling/aaCplCTabId[u1, 40]
/Channel/GenericCoupling/aaCplCTabId[u1, 41]
/Channel/GenericCoupling/aaCplCTabId[u1, 42]
/Channel/GenericCoupling/aaCplCTabId[u1, 46]
/Channel/GenericCoupling/aaCplCTabId[u1, 48]
/Channel/GenericCoupling/aaCplCTabId[u1, 49]
/Channel/GenericCoupling/aaCplCTabId[u1, 50]
/Channel/GenericCoupling/aaCplCTabId[u1, 51]
/Channel/GenericCoupling/aaCplCTabId[u1, 52]
/Channel/GenericCoupling/aaCplCTabId[u1, 53]
/Channel/GenericCoupling/aaCplCTabId[u1, 54]
/Channel/GenericCoupling/aaCplCTabId[u1, 58]
/Channel/GenericCoupling/aaCplCTabId[u1, 60]
/Channel/GenericCoupling/aaCplCTabId[u1, 61]
/Channel/GenericCoupling/aaCplCTabId[u1, 62]
/Channel/GenericCoupling/aaCplCTabId[u1, 63]
/Channel/GenericCoupling/aaCplCTabId[u1, 64]
/Channel/GenericCoupling/aaCplCTabId[u1, 65]
/Channel/GenericCoupling/aaCplCTabId[u1, 66]
/Channel/GenericCoupling/aaCplCTabId[u1, 70]
/Channel/GenericCoupling/aaCplCTabId[u1, 72]";False
aaCplState;The status of the coupling;$AA_CPLSTATE[a,b];;15;(Axis index of the slave axis) * numMachAxes + (axis index of the master axis);numMachAxes * numMachAxes;"A string which describes the actual status of the coupling

Value Range:
DEF = Defined (but not yet activated)
ON = Active
OF = Deactivated";TYPE_STRING;No unit;;;;/Channel/GenericCoupling/aaCplState[u<Channel numb>, <Line Index>];"/Channel/GenericCoupling/aaCplState[u1, 1]
/Channel/GenericCoupling/aaCplState[u1, 2]
/Channel/GenericCoupling/aaCplState[u1, 3]
/Channel/GenericCoupling/aaCplState[u1, 4]
/Channel/GenericCoupling/aaCplState[u1, 5]
/Channel/GenericCoupling/aaCplState[u1, 6]
/Channel/GenericCoupling/aaCplState[u1, 10]
/Channel/GenericCoupling/aaCplState[u1, 12]
/Channel/GenericCoupling/aaCplState[u1, 13]
/Channel/GenericCoupling/aaCplState[u1, 14]
/Channel/GenericCoupling/aaCplState[u1, 15]
/Channel/GenericCoupling/aaCplState[u1, 16]
/Channel/GenericCoupling/aaCplState[u1, 17]
/Channel/GenericCoupling/aaCplState[u1, 18]
/Channel/GenericCoupling/aaCplState[u1, 22]
/Channel/GenericCoupling/aaCplState[u1, 24]
/Channel/GenericCoupling/aaCplState[u1, 25]
/Channel/GenericCoupling/aaCplState[u1, 26]
/Channel/GenericCoupling/aaCplState[u1, 27]
/Channel/GenericCoupling/aaCplState[u1, 28]
/Channel/GenericCoupling/aaCplState[u1, 29]
/Channel/GenericCoupling/aaCplState[u1, 30]
/Channel/GenericCoupling/aaCplState[u1, 34]
/Channel/GenericCoupling/aaCplState[u1, 36]
/Channel/GenericCoupling/aaCplState[u1, 37]
/Channel/GenericCoupling/aaCplState[u1, 38]
/Channel/GenericCoupling/aaCplState[u1, 39]
/Channel/GenericCoupling/aaCplState[u1, 40]
/Channel/GenericCoupling/aaCplState[u1, 41]
/Channel/GenericCoupling/aaCplState[u1, 42]
/Channel/GenericCoupling/aaCplState[u1, 46]
/Channel/GenericCoupling/aaCplState[u1, 48]
/Channel/GenericCoupling/aaCplState[u1, 49]
/Channel/GenericCoupling/aaCplState[u1, 50]
/Channel/GenericCoupling/aaCplState[u1, 51]
/Channel/GenericCoupling/aaCplState[u1, 52]
/Channel/GenericCoupling/aaCplState[u1, 53]
/Channel/GenericCoupling/aaCplState[u1, 54]
/Channel/GenericCoupling/aaCplState[u1, 58]
/Channel/GenericCoupling/aaCplState[u1, 60]
/Channel/GenericCoupling/aaCplState[u1, 61]
/Channel/GenericCoupling/aaCplState[u1, 62]
/Channel/GenericCoupling/aaCplState[u1, 63]
/Channel/GenericCoupling/aaCplState[u1, 64]
/Channel/GenericCoupling/aaCplState[u1, 65]
/Channel/GenericCoupling/aaCplState[u1, 66]
/Channel/GenericCoupling/aaCplState[u1, 70]
/Channel/GenericCoupling/aaCplState[u1, 72]";False
aaCplType;Type of coupling;$AA_CPLTYPE[a,b];;14;(Axis index of the slave axis) * numMachAxes + (axis index of the master axis);numMachAxes * numMachAxes;"Indicates the process that is used with the coupling of the stated following axis with the stated leading axis.

Value Range:
0 = NONE - No defined coupling with these axes
Bit 0 (0x0001) - TRAIL - Uses a coupling factor
Bit 1 (0x0002) - LEAD - Uses a curve table
Bit 2 (0x0004) - ELG - An electronic gearbox link
Bit 3 (0x0008) - Reserved
Bit 4 (0x0010) - COUP - Spindle/partial spindle coupling
Bit 5 (0x0020) - GANTRY - Coupling of the split axes (axes mechanically bound)
Bit 6 (0x0040) - TANG - Tangential coupling with the aid of a curve table
Bit 7 (0x0080) - GEN_CP - Generic coupling";TYPE_UWORD;No unit;;;;/Channel/GenericCoupling/aaCplType[u<Channel numb>, <Line Index>];"/Channel/GenericCoupling/aaCplType[u1, 1]
/Channel/GenericCoupling/aaCplType[u1, 2]
/Channel/GenericCoupling/aaCplType[u1, 3]
/Channel/GenericCoupling/aaCplType[u1, 4]
/Channel/GenericCoupling/aaCplType[u1, 5]
/Channel/GenericCoupling/aaCplType[u1, 6]
/Channel/GenericCoupling/aaCplType[u1, 10]
/Channel/GenericCoupling/aaCplType[u1, 12]
/Channel/GenericCoupling/aaCplType[u1, 13]
/Channel/GenericCoupling/aaCplType[u1, 14]
/Channel/GenericCoupling/aaCplType[u1, 15]
/Channel/GenericCoupling/aaCplType[u1, 16]
/Channel/GenericCoupling/aaCplType[u1, 17]
/Channel/GenericCoupling/aaCplType[u1, 18]
/Channel/GenericCoupling/aaCplType[u1, 22]
/Channel/GenericCoupling/aaCplType[u1, 24]
/Channel/GenericCoupling/aaCplType[u1, 25]
/Channel/GenericCoupling/aaCplType[u1, 26]
/Channel/GenericCoupling/aaCplType[u1, 27]
/Channel/GenericCoupling/aaCplType[u1, 28]
/Channel/GenericCoupling/aaCplType[u1, 29]
/Channel/GenericCoupling/aaCplType[u1, 30]
/Channel/GenericCoupling/aaCplType[u1, 34]
/Channel/GenericCoupling/aaCplType[u1, 36]
/Channel/GenericCoupling/aaCplType[u1, 37]
/Channel/GenericCoupling/aaCplType[u1, 38]
/Channel/GenericCoupling/aaCplType[u1, 39]
/Channel/GenericCoupling/aaCplType[u1, 40]
/Channel/GenericCoupling/aaCplType[u1, 41]
/Channel/GenericCoupling/aaCplType[u1, 42]
/Channel/GenericCoupling/aaCplType[u1, 46]
/Channel/GenericCoupling/aaCplType[u1, 48]
/Channel/GenericCoupling/aaCplType[u1, 49]
/Channel/GenericCoupling/aaCplType[u1, 50]
/Channel/GenericCoupling/aaCplType[u1, 51]
/Channel/GenericCoupling/aaCplType[u1, 52]
/Channel/GenericCoupling/aaCplType[u1, 53]
/Channel/GenericCoupling/aaCplType[u1, 54]
/Channel/GenericCoupling/aaCplType[u1, 58]
/Channel/GenericCoupling/aaCplType[u1, 60]
/Channel/GenericCoupling/aaCplType[u1, 61]
/Channel/GenericCoupling/aaCplType[u1, 62]
/Channel/GenericCoupling/aaCplType[u1, 63]
/Channel/GenericCoupling/aaCplType[u1, 64]
/Channel/GenericCoupling/aaCplType[u1, 65]
/Channel/GenericCoupling/aaCplType[u1, 66]
/Channel/GenericCoupling/aaCplType[u1, 70]
/Channel/GenericCoupling/aaCplType[u1, 72]";False
aaCpfCmdVelTotal;Sum of all velocity commands of all leading axes;$AA_CPFCMDVT[a];;12;Axis index of the following axis;numMachAxes;"Proportion of the axis position command due to 
the coupled axes. The sum of the dependent proportion of the velocity command
for all leading axes for the specified following axis.";TYPE_DOUBLE;No unit;;;;/Channel/GenericCoupling/aaCpfCmdVelTotal[u<Channel numb>, <Line Index>];"/Channel/GenericCoupling/aaCpfCmdVelTotal[u1, 1]
/Channel/GenericCoupling/aaCpfCmdVelTotal[u1, 2]
/Channel/GenericCoupling/aaCpfCmdVelTotal[u1, 3]
/Channel/GenericCoupling/aaCpfCmdVelTotal[u1, 4]
/Channel/GenericCoupling/aaCpfCmdVelTotal[u1, 5]
/Channel/GenericCoupling/aaCpfCmdVelTotal[u1, 6]
/Channel/GenericCoupling/aaCpfCmdVelTotal[u1, 10]
/Channel/GenericCoupling/aaCpfCmdVelTotal[u1, 12]";False
aaCpfCmdPosTotal;Sum of all position commands of all leading axes;$AA_CPFCMDPT[a];;11;Axis index of the following axis;numMachAxes;"Proportion of the axis position command due to the coupled axes.
The sum of the dependent proportion of the position command
for all leading axes for the stated following axis, FAx.";TYPE_DOUBLE;No unit;;;;/Channel/GenericCoupling/aaCpfCmdPosTotal[u<Channel numb>, <Line Index>];"/Channel/GenericCoupling/aaCpfCmdPosTotal[u1, 1]
/Channel/GenericCoupling/aaCpfCmdPosTotal[u1, 2]
/Channel/GenericCoupling/aaCpfCmdPosTotal[u1, 3]
/Channel/GenericCoupling/aaCpfCmdPosTotal[u1, 4]
/Channel/GenericCoupling/aaCpfCmdPosTotal[u1, 5]
/Channel/GenericCoupling/aaCpfCmdPosTotal[u1, 6]
/Channel/GenericCoupling/aaCpfCmdPosTotal[u1, 10]
/Channel/GenericCoupling/aaCpfCmdPosTotal[u1, 12]";False
aaCpfRS;Reference system for the following axis;$AA_CPFRS[a];;10;Axis index of the following axis;numMachAxes;"The reference system indicates the point at which the coupling process is applied

Value Range:
BCS - Basic coordinate system
MCS - Machine coordinate system";TYPE_STRING;No unit;;;;/Channel/GenericCoupling/aaCpfRS[u<Channel numb>, <Line Index>];"/Channel/GenericCoupling/aaCpfRS[u1, 1]
/Channel/GenericCoupling/aaCpfRS[u1, 2]
/Channel/GenericCoupling/aaCpfRS[u1, 3]
/Channel/GenericCoupling/aaCpfRS[u1, 4]
/Channel/GenericCoupling/aaCpfRS[u1, 5]
/Channel/GenericCoupling/aaCpfRS[u1, 6]
/Channel/GenericCoupling/aaCpfRS[u1, 10]
/Channel/GenericCoupling/aaCpfRS[u1, 12]";False
aaCpfActive;Types of active coupling;$AA_CPFACT[a];;9;Axis index of the following axis;numMachAxes;"Bit-coded for identifying all types of coupling which are active for the stated following axis, FAx

Value Range:
0 = NONE - No active coupling to the following axis
Bit 0 (0x0001) - TRAIL - Uses a coupling factor
Bit 1 (0x0002) - LEAD - Uses a curve table
Bit 2 (0x0004) - ELG - An electronic gearbox link
Bit 3 (0x0008) - Reserved
Bit 4 (0x0010) - COUP - Spindle/partial spindle coupling
Bit 5 (0x0020) - GANTRY - Coupling of the split axes (axes mechanically bound)
Bit 6 (0x0040) - TANG - Tangential coupling using a curve table
Bit 7 (0x0080) - GEN_CP - Generic coupling";TYPE_UWORD;No unit;;;;/Channel/GenericCoupling/aaCpfActive[u<Channel numb>, <Line Index>];"/Channel/GenericCoupling/aaCpfActive[u1, 1]
/Channel/GenericCoupling/aaCpfActive[u1, 2]
/Channel/GenericCoupling/aaCpfActive[u1, 3]
/Channel/GenericCoupling/aaCpfActive[u1, 4]
/Channel/GenericCoupling/aaCpfActive[u1, 5]
/Channel/GenericCoupling/aaCpfActive[u1, 6]
/Channel/GenericCoupling/aaCpfActive[u1, 10]
/Channel/GenericCoupling/aaCpfActive[u1, 12]";False
aaCpfModeOff;Coupling deactivation mode;$AA_CPFMOF[a];;8;Axis index of the following axis;numMachAxes;"Identifies the behavior of the following axis if the coupling is deactivated

Value Range:
STOP - Stop following axis/spindle
CON - Continue movement with the current velocity
ADD";TYPE_STRING;No unit;;;;/Channel/GenericCoupling/aaCpfModeOff[u<Channel numb>, <Line Index>];"/Channel/GenericCoupling/aaCpfModeOff[u1, 1]
/Channel/GenericCoupling/aaCpfModeOff[u1, 2]
/Channel/GenericCoupling/aaCpfModeOff[u1, 3]
/Channel/GenericCoupling/aaCpfModeOff[u1, 4]
/Channel/GenericCoupling/aaCpfModeOff[u1, 5]
/Channel/GenericCoupling/aaCpfModeOff[u1, 6]
/Channel/GenericCoupling/aaCpfModeOff[u1, 10]
/Channel/GenericCoupling/aaCpfModeOff[u1, 12]";False
aaCpBlockChg;Block change criterion for the following axis;$AA_CPBC[a];;7;Axis index of the following axis;numMachAxes;"The block change criterion indicates the condition that has to be fulfilled 
before one can continue with the next block of the NC program
if a coupling has been activated for the stated following axis, FAx

Value Range:
NONE - Block change is performed immediately
FINE - Block change is performed with 'Synchronism fine'
COARSE - Block change is performed with 'Synchronism coarse'
IPOSTOP - Block change is performed with 'Setpoint synchronism'";TYPE_STRING;No unit;;;;/Channel/GenericCoupling/aaCpBlockChg[u<Channel numb>, <Line Index>];"/Channel/GenericCoupling/aaCpBlockChg[u1, 1]
/Channel/GenericCoupling/aaCpBlockChg[u1, 2]
/Channel/GenericCoupling/aaCpBlockChg[u1, 3]
/Channel/GenericCoupling/aaCpBlockChg[u1, 4]
/Channel/GenericCoupling/aaCpBlockChg[u1, 5]
/Channel/GenericCoupling/aaCpBlockChg[u1, 6]
/Channel/GenericCoupling/aaCpBlockChg[u1, 10]
/Channel/GenericCoupling/aaCpBlockChg[u1, 12]";False
aaCpActFa;Active following axis of the leading axis;$AA_CPACTFA[ax,n];;6;See description below;;"The axis index of the following axis of the nth coupling, in which the specified axis LAx is active as leading axis

Value Range:
-1 = the following axis found is unknown in the channel
or n == 0
or n > aaCpNumActFa (= number of active couplings of the axis as leading axis) 

Line index:
(low byte: axis index of leading axis (>= 1)
high byte: serial number of following axis n (>= 1)";TYPE_UWORD;No unit;-1;-1.0;;/Channel/GenericCoupling/aaCpActFa[u<Channel numb>, <Line Index>];"/Channel/GenericCoupling/aaCpActFa[u1, 1]
/Channel/GenericCoupling/aaCpActFa[u1, 2]
/Channel/GenericCoupling/aaCpActFa[u1, 3]
/Channel/GenericCoupling/aaCpActFa[u1, 4]
/Channel/GenericCoupling/aaCpActFa[u1, 5]
/Channel/GenericCoupling/aaCpActFa[u1, 6]
/Channel/GenericCoupling/aaCpActFa[u1, 10]
/Channel/GenericCoupling/aaCpActFa[u1, 12]";False
aaCpActLa;Active leading axis of the following axis;$AA_CPACTLA[ax,n];;4;See description below;;"The axis index of the nth leading axis which is active for the specified following axis

Value Range:
-1 = the specified coupling is not active
or n == 0
or n > aaCpNumActLa (= number of active leading axes of the following axis) 

Line index:
low byte: axis index of following axis (>= 1)
high byte: serial number of leading axis n (>= 1)";TYPE_UWORD;No unit;-1;-1.0;;/Channel/GenericCoupling/aaCpActLa[u<Channel numb>, <Line Index>];"/Channel/GenericCoupling/aaCpActLa[u1, 1]
/Channel/GenericCoupling/aaCpActLa[u1, 2]
/Channel/GenericCoupling/aaCpActLa[u1, 3]
/Channel/GenericCoupling/aaCpActLa[u1, 4]
/Channel/GenericCoupling/aaCpActLa[u1, 5]
/Channel/GenericCoupling/aaCpActLa[u1, 6]
/Channel/GenericCoupling/aaCpActLa[u1, 10]
/Channel/GenericCoupling/aaCpActLa[u1, 12]";False
aaCpSynFiVel;Synchronization fine velocity tolerance;$AA_CPSYNFIV[a];;38;Axis index of the following axis;numMachAxes;Fine velocity tolerance for coupling synchronization;TYPE_DOUBLE;No unit;;;;/Channel/GenericCoupling/aaCpSynFiVel[u<Channel numb>, <Line Index>];"/Channel/GenericCoupling/aaCpSynFiVel[u1, 1]
/Channel/GenericCoupling/aaCpSynFiVel[u1, 2]
/Channel/GenericCoupling/aaCpSynFiVel[u1, 3]
/Channel/GenericCoupling/aaCpSynFiVel[u1, 4]
/Channel/GenericCoupling/aaCpSynFiVel[u1, 5]
/Channel/GenericCoupling/aaCpSynFiVel[u1, 6]
/Channel/GenericCoupling/aaCpSynFiVel[u1, 10]
/Channel/GenericCoupling/aaCpSynFiVel[u1, 12]";False
aaCpSynCoPos2;Threshold value second synchr. monitoring coarse;$AA_CPSYNCOP2[a];;40;Axis index of the following axis;numMachAxes;Second synchronism monitoring of the following axis / spindle: threshold value coarse;TYPE_DOUBLE;No unit;;;;/Channel/GenericCoupling/aaCpSynCoPos2[u<Channel numb>, <Line Index>];"/Channel/GenericCoupling/aaCpSynCoPos2[u1, 1]
/Channel/GenericCoupling/aaCpSynCoPos2[u1, 2]
/Channel/GenericCoupling/aaCpSynCoPos2[u1, 3]
/Channel/GenericCoupling/aaCpSynCoPos2[u1, 4]
/Channel/GenericCoupling/aaCpSynCoPos2[u1, 5]
/Channel/GenericCoupling/aaCpSynCoPos2[u1, 6]
/Channel/GenericCoupling/aaCpSynCoPos2[u1, 10]
/Channel/GenericCoupling/aaCpSynCoPos2[u1, 12]";False
maxCycleTimeBrutPo;Maximum gross run time;;;15;See description below;100;"Maximum gross run time since cold restart in ms.

Line index:
Selects a specific SW task on the NCK:
Line index 1: SERVO
Line index 2: IPO
Line index 3: VL
Line index 4: PLC
Line index 5: SYNACT
Line index 6: COS
Line index 7: DRIVE (low prior.)
Line index 8: EXCOM (domain services)
Line index 9: CYCLE (SERVO+IPO times related to an IPO cycle)
Line index 10: NCK (NCK in total related to an IPO cycle)
This value is only available for solution line systems.
This time is restricted by MD $NCK_PCOS_TIME_RATIO
to a portion of the IPO cycle.
Line index 11: INT (compile cycles in the interpreter)
Line index 100: ALL (all task, only for write access)
Line index 12: EES (EES - async. - subtask)
Line index 13: PREPJOB (non-cyclic task on an auxiliary core)";TYPE_DOUBLE;Time (ms);;;;/Channel/ChannelDiagnose/maxCycleTimeBrutPo[u<Channel numb>, <Line Index>];"/Channel/ChannelDiagnose/maxCycleTimeBrutPo[u1, 1]
/Channel/ChannelDiagnose/maxCycleTimeBrutPo[u1, 2]
/Channel/ChannelDiagnose/maxCycleTimeBrutPo[u1, 3]
/Channel/ChannelDiagnose/maxCycleTimeBrutPo[u1, 4]
/Channel/ChannelDiagnose/maxCycleTimeBrutPo[u1, 5]
/Channel/ChannelDiagnose/maxCycleTimeBrutPo[u1, 6]
/Channel/ChannelDiagnose/maxCycleTimeBrutPo[u1, 7]
/Channel/ChannelDiagnose/maxCycleTimeBrutPo[u1, 8]
/Channel/ChannelDiagnose/maxCycleTimeBrutPo[u1, 9]
/Channel/ChannelDiagnose/maxCycleTimeBrutPo[u1, 10]
/Channel/ChannelDiagnose/maxCycleTimeBrutPo[u1, 11]
/Channel/ChannelDiagnose/maxCycleTimeBrutPo[u1, 100]";False
ncscTraceCounter;ncscTraceCounter;;;18;;;ncscTraceCounter;TYPE_UWORD;No unit;;;;/Channel/Diagnose/ncscTraceCounter[u<Channel numb>];/Channel/Diagnose/ncscTraceCounter[u1];False
cycleTime;Runtime of selected NC program;$AC_CYCLE_TIME;;9;1;1;"Runtime of selected NC program ( in seconds ):
The runtime between NC Start and Program End / NC
Reset is measured in the selected NC program.
The timer is cleared when a new NC program is
started.";TYPE_DOUBLE;Time (s or user defined);0.0;;;/Channel/ChannelDiagnose/cycleTime[u<Channel numb>, <Line Index>];"/Channel/ChannelDiagnose/cycleTime[u1, 1]
/Channel/ChannelDiagnose/cycleTime[u1, 2]
/Channel/ChannelDiagnose/cycleTime[u1, 3]
/Channel/ChannelDiagnose/cycleTime[u1, 4]
/Channel/ChannelDiagnose/cycleTime[u1, 5]
/Channel/ChannelDiagnose/cycleTime[u1, 6]
/Channel/ChannelDiagnose/cycleTime[u1, 7]
/Channel/ChannelDiagnose/cycleTime[u1, 8]
/Channel/ChannelDiagnose/cycleTime[u1, 9]
/Channel/ChannelDiagnose/cycleTime[u1, 10]
/Channel/ChannelDiagnose/cycleTime[u1, 11]
/Channel/ChannelDiagnose/cycleTime[u1, 100]";False
cuttingTime;Tool operating time ( in seconds ).;$AC_CUTTING_TIME;;10;1;1;"Tool operating time ( in seconds ):
The operating time of the path axes excluding active
rapid traverse is measured in all NC programs between 
NC Start and Program End/NC Reset.
The measurement is also interrupted during an active
dwell time. The timer is automatically set to zero
every time the control boots on default values.";TYPE_DOUBLE;Time (s or user defined);0.0;;;/Channel/ChannelDiagnose/cuttingTime[u<Channel numb>, <Line Index>];"/Channel/ChannelDiagnose/cuttingTime[u1, 1]
/Channel/ChannelDiagnose/cuttingTime[u1, 2]
/Channel/ChannelDiagnose/cuttingTime[u1, 3]
/Channel/ChannelDiagnose/cuttingTime[u1, 4]
/Channel/ChannelDiagnose/cuttingTime[u1, 5]
/Channel/ChannelDiagnose/cuttingTime[u1, 6]
/Channel/ChannelDiagnose/cuttingTime[u1, 7]
/Channel/ChannelDiagnose/cuttingTime[u1, 8]
/Channel/ChannelDiagnose/cuttingTime[u1, 9]
/Channel/ChannelDiagnose/cuttingTime[u1, 10]
/Channel/ChannelDiagnose/cuttingTime[u1, 11]
/Channel/ChannelDiagnose/cuttingTime[u1, 100]";False
acIpoBuf;Level of IPO buffer;$AC_IPO_BUF;;11;1;1;Level of IPO buffer (number of blocks);TYPE_UWORD;No unit;0;0.0;;/Channel/ChannelDiagnose/acIpoBuf[u<Channel numb>, <Line Index>];/Channel/ChannelDiagnose/acIpoBuf[u1, 1];False
interferenceCheckOn;interferenceCheckOn;;;30;;;interferenceCheckOn;TYPE_DWORD;No unit;;;;/Channel/Diagnose/interferenceCheckOn[u<Channel numb>];/Channel/Diagnose/interferenceCheckOn[u1];False
protocVLTime;protocVLTime;;;29;;;protocVLTime;TYPE_DOUBLE;Time (s or user defined);;;;/Channel/Diagnose/protocVLTime[u<Channel numb>];/Channel/Diagnose/protocVLTime[u1];False
coCliTimestampMaxStartup;coCliTimestampMaxStartup;;;28;;;coCliTimestampMaxStartup;TYPE_DWORD;Time (s or user defined);;;;/Channel/Diagnose/coCliTimestampMaxStartup[u<Channel numb>];/Channel/Diagnose/coCliTimestampMaxStartup[u1];False
coCliTimestampMax;coCliTimestampMax;;;27;;;coCliTimestampMax;TYPE_DWORD;Time (ms);;;;/Channel/Diagnose/coCliTimestampMax[u<Channel numb>];/Channel/Diagnose/coCliTimestampMax[u1];False
coCliStiCounterMax;coCliStiCounterMax;;;26;;;coCliStiCounterMax;TYPE_DWORD;No unit;;;;/Channel/Diagnose/coCliStiCounterMax[u<Channel numb>];/Channel/Diagnose/coCliStiCounterMax[u1];False
COTraceFlags;COTraceFlags;;;25;;;COTraceFlags;TYPE_DWORD;No unit;;;;/Channel/Diagnose/COTraceFlags[u<Channel numb>];/Channel/Diagnose/COTraceFlags[u1];False
nextSLSubtype;nextSLSubtype;;;24;;;nextSLSubtype;TYPE_STRING;No unit;;;;/Channel/Diagnose/nextSLSubtype[u<Channel numb>];/Channel/Diagnose/nextSLSubtype[u1];False
stackSizeUsed;stackSizeUsed;;;23;;;stackSizeUsed;TYPE_STRING;No unit;;;;/Channel/Diagnose/stackSizeUsed[u<Channel numb>];/Channel/Diagnose/stackSizeUsed[u1];False
testInchMetr;testInchMetr;;;22;;;testInchMetr;TYPE_UWORD;No unit;;;;/Channel/Diagnose/testInchMetr[u<Channel numb>];/Channel/Diagnose/testInchMetr[u1];False
testReqVarServerSuppr;testReqVarServerSuppr;;;21;;;testReqVarServerSuppr;TYPE_UWORD;No unit;;;;/Channel/Diagnose/testReqVarServerSuppr[u<Channel numb>];/Channel/Diagnose/testReqVarServerSuppr[u1];False
theErrorObjOK;theErrorObjOK;;;20;;;theErrorObjOK;TYPE_UWORD;No unit;;;;/Channel/Diagnose/theErrorObjOK[u<Channel numb>];/Channel/Diagnose/theErrorObjOK[u1];False
countOfFreeByteBrut;countOfFreeByteBrut;;;17;;;countOfFreeByteBrut;TYPE_DWORD;No unit;;;;/Channel/Diagnose/countOfFreeByteBrut[u<Channel numb>];/Channel/Diagnose/countOfFreeByteBrut[u1];False
aaCpSynFiPos2;Threshold value second synchr. monitoring fine;$AA_CPSYNFIP2[a];;41;Axis index of the following axis;numMachAxes;Second synchronism monitoring of the following axis / spindle: threshold value fine;TYPE_DOUBLE;No unit;;;;/Channel/GenericCoupling/aaCpSynFiPos2[u<Channel numb>, <Line Index>];"/Channel/GenericCoupling/aaCpSynFiPos2[u1, 1]
/Channel/GenericCoupling/aaCpSynFiPos2[u1, 2]
/Channel/GenericCoupling/aaCpSynFiPos2[u1, 3]
/Channel/GenericCoupling/aaCpSynFiPos2[u1, 4]
/Channel/GenericCoupling/aaCpSynFiPos2[u1, 5]
/Channel/GenericCoupling/aaCpSynFiPos2[u1, 6]
/Channel/GenericCoupling/aaCpSynFiPos2[u1, 10]
/Channel/GenericCoupling/aaCpSynFiPos2[u1, 12]";False
fifoFileActNetData;fifoFileActNetData;;;16;;;fifoFileActNetData;TYPE_DWORD;No unit;;;;/Channel/Diagnose/fifoFileActNetData[u<Channel numb>];/Channel/Diagnose/fifoFileActNetData[u1];False
reposCounter;reposCounter;;;15;;;reposCounter;TYPE_UWORD;No unit;;;;/Channel/Diagnose/reposCounter[u<Channel numb>];/Channel/Diagnose/reposCounter[u1];False
resetCounter;resetCounter;;;14;;;resetCounter;TYPE_UWORD;No unit;;;;/Channel/Diagnose/resetCounter[u<Channel numb>];/Channel/Diagnose/resetCounter[u1];False
internalBlockNumber;internalBlockNumber;;;13;;;internalBlockNumber;TYPE_DWORD;No unit;;;;/Channel/Diagnose/internalBlockNumber[u<Channel numb>];/Channel/Diagnose/internalBlockNumber[u1];False
handleDebugFlags;handleDebugFlags;;;12;;;handleDebugFlags;TYPE_UWORD;No unit;;;;/Channel/Diagnose/handleDebugFlags[u<Channel numb>];/Channel/Diagnose/handleDebugFlags[u1];False
ipoBufLevel;Fill level of the IPO buffer (integer value in %);;;7;1;1;Fill level of the IPO buffer (integer value in %);TYPE_UWORD;per cent;;0.0;100;/Channel/ChannelDiagnose/ipoBufLevel[u<Channel numb>, <Line Index>];/Channel/ChannelDiagnose/ipoBufLevel[u1, 1];False
bodySize;bodySize;;;10;;;bodySize;TYPE_UWORD;No unit;;;;/Channel/Diagnose/bodySize[u<Channel numb>];/Channel/Diagnose/bodySize[u1];False
maxAllocBodies;maxAllocBodies;;;9;;;maxAllocBodies;TYPE_UWORD;No unit;;;;/Channel/Diagnose/maxAllocBodies[u<Channel numb>];/Channel/Diagnose/maxAllocBodies[u1];False
numConfigBodies;numConfigBodies;;;8;;;numConfigBodies;TYPE_UWORD;No unit;;;;/Channel/Diagnose/numConfigBodies[u<Channel numb>];/Channel/Diagnose/numConfigBodies[u1];False
availableBodies;availableBodies;;;7;;;availableBodies;TYPE_UWORD;No unit;;;;/Channel/Diagnose/availableBodies[u<Channel numb>];/Channel/Diagnose/availableBodies[u1];False
minCycleTimeBrut;minimum gross cycle time;;;5;See description below;100;"Minimum gross run time in ms.

Line index:
Selects a specific SW task on the NCK:
Line index 1: SERVO
Line index 2: IPO
Line index 3: VL
Line index 4: PLC
Line index 5: SYNACT
Line index 6: COS
Line index 7: DRIVE (low prior.)
Line index 8: EXCOM (domain services)
Line index 9: Reserved
Line index 10: Reserved
Line index 11: INT (compile cycles in the interpreter)
Line index 100: ALL (all tasks, only for write accesses)
Line index 12: EES (EES - async. - subtask)
Line index 13: PREPJOB (non-cyclic task on an auxiliary core)";TYPE_DOUBLE;Time (ms);;;;/Channel/ChannelDiagnose/minCycleTimeBrut[u<Channel numb>, <Line Index>];"/Channel/ChannelDiagnose/minCycleTimeBrut[u1, 1]
/Channel/ChannelDiagnose/minCycleTimeBrut[u1, 2]
/Channel/ChannelDiagnose/minCycleTimeBrut[u1, 3]
/Channel/ChannelDiagnose/minCycleTimeBrut[u1, 4]
/Channel/ChannelDiagnose/minCycleTimeBrut[u1, 5]
/Channel/ChannelDiagnose/minCycleTimeBrut[u1, 6]
/Channel/ChannelDiagnose/minCycleTimeBrut[u1, 7]
/Channel/ChannelDiagnose/minCycleTimeBrut[u1, 8]
/Channel/ChannelDiagnose/minCycleTimeBrut[u1, 9]
/Channel/ChannelDiagnose/minCycleTimeBrut[u1, 10]
/Channel/ChannelDiagnose/minCycleTimeBrut[u1, 11]
/Channel/ChannelDiagnose/minCycleTimeBrut[u1, 100]";False
minCycleTimeNet;Minimum net cycle time;;;2;See description below;100;"Minimum net run time in ms.

Line index:
Selects a specific SW task on the NCK:
Line index 1: SERVO
Line index 2: IPO
Line index 3: VL
Line index 4: PLC
Line index 5: SYNACT
Line index 6: COS
Line index 7: DRIVE (low prior.)
Line index 8: EXCOM (domain services)
Line index 9: CYCLE (SERVO+IPO times related to an IPO cycle)
Line index 10: NCK (NCK in total related to an IPO cycle)
This value is only available for solution line systems.
This time is restricted by MD $NCK_PCOS_TIME_RATIO
to a portion of the IPO cycle.
Line index 11: INT (compile cycles in the interpreter)
Line index 100: ALL (all task, only for write access)
Line index 12: EES (EES - async. - subtask)
Line index 13: PREPJOB (non-cyclic task on an auxiliary core)";TYPE_DOUBLE;Time (ms);;;;/Channel/ChannelDiagnose/minCycleTimeNet[u<Channel numb>, <Line Index>];"/Channel/ChannelDiagnose/minCycleTimeNet[u1, 1]
/Channel/ChannelDiagnose/minCycleTimeNet[u1, 2]
/Channel/ChannelDiagnose/minCycleTimeNet[u1, 3]
/Channel/ChannelDiagnose/minCycleTimeNet[u1, 4]
/Channel/ChannelDiagnose/minCycleTimeNet[u1, 5]
/Channel/ChannelDiagnose/minCycleTimeNet[u1, 6]
/Channel/ChannelDiagnose/minCycleTimeNet[u1, 7]
/Channel/ChannelDiagnose/minCycleTimeNet[u1, 8]
/Channel/ChannelDiagnose/minCycleTimeNet[u1, 9]
/Channel/ChannelDiagnose/minCycleTimeNet[u1, 10]
/Channel/ChannelDiagnose/minCycleTimeNet[u1, 11]
/Channel/ChannelDiagnose/minCycleTimeNet[u1, 100]";False
actCycleTimeNet;Current net cycle time;;;1;See description below;(1000 * numCores) + 13;"Current net run time in ms.

Line index:
Selects a specific SW task on the NCK:
Line index 1: SERVO
Line index 2: IPO
Line index 3: VL
Line index 4: PLC
Line index 5: SYNACT
Line index 6: COS
Line index 7: DRIVE (low prior.)
Line index 8: EXCOM (domain services)
Line index 9: CYCLE (SERVO+IPO times related to an IPO cycle)
Line index 10: NCK (NCK in total related to an IPO cycle)
This value is only available for solution line systems.
This time is restricted by MD $NCK_PCOS_TIME_RATIO
to a portion of the IPO cycle.
Line index 11: INT (compile cycles in the interpreter)
Line index 12: EES (EES - async. - subtask)
Line index 13: PREPJOB (non-cyclic task on an auxiliary core)

An offset to the above line index determines the core on which the task runs: 
0: Any core 
1000: Main core 
2000: Additional core 1 
3000: Additional core 2";TYPE_DOUBLE;Time (ms);;;;/Channel/ChannelDiagnose/actCycleTimeNet[u<Channel numb>, <Line Index>];"/Channel/ChannelDiagnose/actCycleTimeNet[u1, 1]
/Channel/ChannelDiagnose/actCycleTimeNet[u1, 2]
/Channel/ChannelDiagnose/actCycleTimeNet[u1, 3]
/Channel/ChannelDiagnose/actCycleTimeNet[u1, 4]
/Channel/ChannelDiagnose/actCycleTimeNet[u1, 5]
/Channel/ChannelDiagnose/actCycleTimeNet[u1, 6]
/Channel/ChannelDiagnose/actCycleTimeNet[u1, 7]
/Channel/ChannelDiagnose/actCycleTimeNet[u1, 8]
/Channel/ChannelDiagnose/actCycleTimeNet[u1, 9]
/Channel/ChannelDiagnose/actCycleTimeNet[u1, 10]
/Channel/ChannelDiagnose/actCycleTimeNet[u1, 11]
/Channel/ChannelDiagnose/actCycleTimeNet[u1, 100]";False
aaCpMAlarm;Behavior of coupling module re handling of alarms;$AA_CPMALARM[a];;42;Axis index of the following axis;numMachAxes;Behavior of coupling module regarding suppression of alarms;TYPE_UWORD;No unit;0;0.0;;/Channel/GenericCoupling/aaCpMAlarm[u<Channel numb>, <Line Index>];"/Channel/GenericCoupling/aaCpMAlarm[u1, 1]
/Channel/GenericCoupling/aaCpMAlarm[u1, 2]
/Channel/GenericCoupling/aaCpMAlarm[u1, 3]
/Channel/GenericCoupling/aaCpMAlarm[u1, 4]
/Channel/GenericCoupling/aaCpMAlarm[u1, 5]
/Channel/GenericCoupling/aaCpMAlarm[u1, 6]
/Channel/GenericCoupling/aaCpMAlarm[u1, 10]
/Channel/GenericCoupling/aaCpMAlarm[u1, 12]";False
aTcDistance;Distance of the MT place of the loaded tool;$AC_TC_DISTANCE;;346;1;1;Distance of the multitool place of the loaded tool to the reference point;TYPE_DOUBLE;No unit;;;;/Channel/State/aTcDistance[u<Channel numb>, <Line Index>];/Channel/State/aTcDistance[u1, 1];False
aTcMttn;Number of the multitool of the tool;$AC_TC_MTTN;;347;1;1;Number of the multitool of the loaded tool;TYPE_UWORD;No unit;;;;/Channel/State/aTcMttn[u<Channel numb>, <Line Index>];/Channel/State/aTcMttn[u1, 1];False
aTcMtptn;Number of the multitool place of the tool;$AC_TC_MTLTN;;348;1;1;Number of the multitool place of the loaded tool;TYPE_UWORD;No unit;;;;/Channel/State/aTcMtptn[u<Channel numb>, <Line Index>];/Channel/State/aTcMtptn[u1, 1];False
acOvr;Path override for synchronous actions;$AC_OVR;;45;1;1;Path override for synchronous actions (Note: for SYNACT only);TYPE_DOUBLE;No unit;;;;/Channel/State/acOvr[u<Channel numb>, <Line Index>];/Channel/State/acOvr[u1, 1];False
acSyncActLoad;Current runtime for synchronized actions;$AC_SYNC_ACT_LOAD;;265;1;1;Current runtime for synchronized actions of the last IPO cycle in the channel;TYPE_DOUBLE;No unit;0;0.0;;/Channel/State/acSyncActLoad[u<Channel numb>, <Line Index>];/Channel/State/acSyncActLoad[u1, 1];False
acSynaMem;Free memory for synchronous actions;$AC_SYNA_MEM;;39;1;1;Free memory for synchronous actions: Shows how many elements of the memory set with $MC_MM_NUM_SYNC_ELEMENTS are still free.;TYPE_UWORD;No unit;;;;/Channel/State/acSynaMem[u<Channel numb>, <Line Index>];/Channel/State/acSynaMem[u1, 1];False
acStat;Channel status according to;"$AC_STAT
$AC_STAT";;110;1;1;"Channel status
(identical to chanStatus but with coding that corresponds to $AC_STAT)

Value Range:
0: reset
1: interrupted
2: active";TYPE_UWORD;No unit;0;;;/Channel/State/acStat[u<Channel numb>, <Line Index>];/Channel/State/acStat[u1, 1];False
acPtpSup;Cart. PTP travel is supported;;;118;1;1;"Cartesian point-to-point travel (PTP) is supported by transformation

Value Range:
0: Cart. PTP travel is not supported
1: Cart. PTP travel is supported";TYPE_UWORD;No unit;0;0.0;1;/Channel/State/acPtpSup[u<Channel numb>, <Line Index>];/Channel/State/acPtpSup[u1, 1];False
acProg;Program status according to;"$AC_PROG
$AC_PROG";;111;1;1;"Program status
(identical to progStatus but with coding that corresponds to $AC_PROG)

Value Range:
0: aborted (reset)
1: halted (stop)
2: running (active)
3: waiting
4: interrupted";TYPE_UWORD;No unit;0;;;/Channel/State/acProg[u<Channel numb>, <Line Index>];/Channel/State/acProg[u1, 1];False
acPlteb;Path to the end of the block in the BCS;$AC_PLTEB;;58;1;1;Path length to the end of the block in the BCS (Note: for SYNACT only);TYPE_DOUBLE;No unit;;;;/Channel/State/acPlteb[u<Channel numb>, <Line Index>];/Channel/State/acPlteb[u1, 1];False
acPltbb;Path from beginning of the block in the BCS;$AC_PLTBB;;57;1;1;Path length from the beginning of the block in the BCS (Note: for SYNACT only);TYPE_DOUBLE;No unit;;;;/Channel/State/acPltbb[u<Channel numb>, <Line Index>];/Channel/State/acPltbb[u1, 1];False
acPlcOvr;PLC override for synchronized actions;$AC_PLC_OVR;;217;1;1;Path override for synchronized actions specified by the PLC;TYPE_DOUBLE;No unit;100;0.0;;/Channel/State/acPlcOvr[u<Channel numb>, <Line Index>];/Channel/State/acPlcOvr[u1, 1];False
acPathn;Normalized path parameter;$AC_PATHN;;54;1;1;Normalized path parameter (Note: for SYNACT only);TYPE_DOUBLE;No unit;;;;/Channel/State/acPathn[u<Channel numb>, <Line Index>];/Channel/State/acPathn[u1, 1];False
acPathJerk;Path jerk for real-time events;$AC_PATHJERK;;270;1;1;Path jerk for real-time events;TYPE_DOUBLE;Linear jerk (mm/s3, 1000 inch / s3 or user defined);0;0.0;;/Channel/State/acPathJerk[u<Channel numb>, <Line Index>];/Channel/State/acPathJerk[u1, 1];False
acPathAcc;Path acceleration for real-time events;$AC_PATHACC;;269;1;1;Path acceleration for real-time events;TYPE_DOUBLE;Linear acceleration (m/s2, 1000 inch/ s2 or user defined);0;0.0;;/Channel/State/acPathAcc[u<Channel numb>, <Line Index>];/Channel/State/acPathAcc[u1, 1];False
acPRTimeB;Machining time of the block;;;344;1;1;In automatic mode: Exact recording of machining time of the block. For simulation: Estimation of machining time of the block in seconds.;TYPE_DOUBLE;Time (s or user defined);;;;/Channel/State/acPRTimeB[u<Channel numb>, <Line Index>];/Channel/State/acPRTimeB[u1, 1];False
acPRTimeM;Program runtime - machining time;;;68;1;1;In automatic mode: Exact recording of machining time. For simulation: Estimation of machining time in seconds.;TYPE_DOUBLE;Time (s or user defined);;;;/Channel/State/acPRTimeM[u<Channel numb>, <Line Index>];/Channel/State/acPRTimeM[u1, 1];False
acPRTimeA;Program runtime - downtime;;;69;1;1;In automatic mode: Exact recording of downtime. For simulation: Estimation of downtime in seconds.;TYPE_DOUBLE;Time (s or user defined);;;;/Channel/State/acPRTimeA[u<Channel numb>, <Line Index>];/Channel/State/acPRTimeA[u1, 1];False
acMthNum;Number of the current master tool holder;$AC_MTHNUM;;261;1;1;"Number of the current master tool holder.
Is only meaningful with active magazine management.

Value Range:
0: No master tool holder available
1..n: Number of the master tool holder";TYPE_UWORD;No unit;0;0.0;;/Channel/State/acMthNum[u<Channel numb>, <Line Index>];/Channel/State/acMthNum[u1, 1];False
acSyncMaxLoad;Longest runtime for synchronized actions;$AC_SYNC_MAX_LOAD;;266;1;1;Longest runtime for synchronized actions of an IPO cycle in the channel;TYPE_DOUBLE;No unit;0;0.0;;/Channel/State/acSyncMaxLoad[u<Channel numb>, <Line Index>];/Channel/State/acSyncMaxLoad[u1, 1];False
acMsNum;Number of the master spindle;$AC_MSNUM;;260;1;1;"Returns the number of the current master spindle.

Value Range:
o = no spindle available
o = 1 ... n = number of the master spindle";TYPE_UWORD;No unit;0;0.0;;/Channel/State/acMsNum[u<Channel numb>, <Line Index>];/Channel/State/acMsNum[u1, 1];False
acMonMin;Actual tool monitoring value to the setpoint;$AC_MONMIN;;263;1;1;Ratio of the actual tool monitoring value to the setpoint;TYPE_DOUBLE;No unit;0;0.0;;/Channel/State/acMonMin[u<Channel numb>, <Line Index>];/Channel/State/acMonMin[u1, 1];False
acMeasWpSetangle;Setpoint workpiece position angle;$AC_MEAS_WP_SETANGLE;;139;1;1;"User-selectable setpoint workpiece position angle

Value Range:
Permissible input range less than +/- 90 degrees";TYPE_DOUBLE;Angular position (degree or user defined);;-90.0;90.0;/Channel/State/acMeasWpSetangle[u<Channel numb>, <Line Index>];/Channel/State/acMeasWpSetangle[u1, 1];False
acMeasWpAngle;Workpiece position angle;$AC_MEAS_WP_ANGLE;;148;1;1;Calculated workpiece position angle;TYPE_DOUBLE;Angular position (degree or user defined);;;;/Channel/State/acMeasWpAngle[u<Channel numb>, <Line Index>];/Channel/State/acMeasWpAngle[u1, 1];False
acMeasValid;Validity bits;$AC_MEAS_VALID;;147;1;1;"Validity bits for measurement input values

Value Range:
Bit 0: $AA_MEAS_POINT1[axis] 
Bit 1: $AA_MEAS_POINT2[axis] 
Bit 2: $AA_MEAS_POINT3[axis] 
Bit 3: $AA_MEAS_POINT4[axis] 
Bit 4: $AA_MEAS_SETPOINT[axis] 
Bit 5: $AC_MEAS_WP_SETANGLE 
Bit 6: $AC_MEAS_CORNER_SETANGLE 
Bit 7: $AC_MEAS_T_NUMBER 
Bit 8: $AC_MEAS_D_NUMBER 
Bit 9: $AC_MEAS_DIR_APPROACH
Bit 10: $AC_MEAS_ACT_PLANE
Bit 11: $AC_MEAS_FRAME_SELECT
Bit 12: $AC_MEAS_TYPE
Bit 13: $AC_MEAS_FINE_TRANS";TYPE_DWORD;No unit;;0.0;;/Channel/State/acMeasValid[u<Channel numb>, <Line Index>];/Channel/State/acMeasValid[u1, 1];False
acMeasUifr;Settable data management frame;$AC_MEAS_UIFR;;202;;;Settable data management frame for setting up the new frame;TYPE_DWORD;No unit;0;0.0;99;/Channel/State/acMeasUifr[u<Channel numb>];/Channel/State/acMeasUifr[u1];False
acMeasType;Measurement type;$AC_MEAS_TYPE;;146;1;1;"Measurement type specification

Value Range:
0: Default
1: x edge
2: y edge 
3: z edge 
4: Corner 1 
5: Corner 2,
6: Corner 3 
7: Corner 4 
8: Hole 
9: Shaft 
10: Tool length 
11: Tool diameter 
12: Groove
13: Web
14: Actual value setting for geo and special axes
15: Actual value setting for special axes only
16: Edge_2P
17: Plane_Angles
18: Plane_Normal
19: Dimension_1
20: Dimension_2
21: Dimension_3";TYPE_DWORD;No unit;0;0.0;21;/Channel/State/acMeasType[u<Channel numb>, <Line Index>];/Channel/State/acMeasType[u1, 1];False
acMeasToolMask;Tool setting;$AC_MEAS_TOOL_MASK;;193;;;"Tool setting for the measurement calculation

Value Range:
Bit 0: Tool radius is not included in the calculation";TYPE_DWORD;No unit;0;0.0;;/Channel/State/acMeasToolMask[u<Channel numb>];/Channel/State/acMeasToolMask[u1];False
acMeasToolLength;Tool length;$AC_MEAS_TOOL_LENGTH;;151;1;1;Calculated tool length;TYPE_DOUBLE;Linear position (mm, inch or user defined);;;;/Channel/State/acMeasToolLength[u<Channel numb>, <Line Index>];/Channel/State/acMeasToolLength[u1, 1];False
acMeasTNumber;Tool number;$AC_MEAS_T_NUMBER;;144;1;1;Selected tool number;TYPE_DWORD;No unit;;0.0;;/Channel/State/acMeasTNumber[u<Channel numb>, <Line Index>];/Channel/State/acMeasTNumber[u1, 1];False
acMeasSetCoord;Coordinate system of the set point;$AC_MEAS_SET_COORD;;198;;;"Coordinate system of the set point

Value Range:
0: Work 1: BCS 2: MCS";TYPE_DWORD;No unit;0;0.0;;/Channel/State/acMeasSetCoord[u<Channel numb>];/Channel/State/acMeasSetCoord[u1];False
acMeasSema;Workpiece measurement semaphore;$AC_MEAS_SEMA;;158;1;1;"Variable for disabling and enabling the measurement interface

Value Range:
0: Not assigned
1: Assigned";TYPE_DWORD;No unit;0;0.0;1;/Channel/State/acMeasSema[u<Channel numb>, <Line Index>];/Channel/State/acMeasSema[u1, 1];False
acMeasScaleunit;Unit of measurement;$AC_MEAS_SCALEUNIT;;178;1;1;"Unit of measurement for input and output values

Value Range:
0: Unit of measurement as configured
1: Unit of measurement in relation to active G code G70/G700/G71/G710";TYPE_DWORD;No unit;;0.0;;/Channel/State/acMeasScaleunit[u<Channel numb>, <Line Index>];/Channel/State/acMeasScaleunit[u1, 1];False
acMeasResults;Measurement results;$AC_MEAS_RESULTS[n];;173;Index;10;Measurement results;TYPE_DOUBLE;No unit;;;;/Channel/State/acMeasResults[u<Channel numb>, <Line Index>];"/Channel/State/acMeasResults[u1, 1]
/Channel/State/acMeasResults[u1, 2]
/Channel/State/acMeasResults[u1, 3]
/Channel/State/acMeasResults[u1, 4]
/Channel/State/acMeasResults[u1, 5]
/Channel/State/acMeasResults[u1, 6]
/Channel/State/acMeasResults[u1, 7]
/Channel/State/acMeasResults[u1, 8]
/Channel/State/acMeasResults[u1, 9]
/Channel/State/acMeasResults[u1, 10]";False
acSyncAverageLoad;Average runtime for synchronized actions;$AC_SYNC_AVERAGE_LOAD;;267;1;1;Average runtime for synchronized actions of an IPO cycle in the channel;TYPE_DOUBLE;No unit;0;0.0;;/Channel/State/acSyncAverageLoad[u<Channel numb>, <Line Index>];/Channel/State/acSyncAverageLoad[u1, 1];False
acTaneb;Tangent angle at the block end point;$AC_TANEB;;264;1;1;Tangent angle at the block end point;TYPE_DOUBLE;No unit;0;0.0;;/Channel/State/acTaneb[u<Channel numb>, <Line Index>];/Channel/State/acTaneb[u1, 1];False
acMeasP4Coord;Coordinate system of the 4th measuring point;$AC_MEAS_P4_COORD;;197;;;"Coordinate system of the 4th measuring point

Value Range:
0: Work 1: BCS 2: MCS";TYPE_DWORD;No unit;0;0.0;;/Channel/State/acMeasP4Coord[u<Channel numb>];/Channel/State/acMeasP4Coord[u1];False
acVactw;Path velocity in the WCS (SYNACT);$AC_VACTW;;47;1;1;Path velocity in the work piece coordinate system (Note: for SYNACT only);TYPE_DOUBLE;No unit;;;;/Channel/State/acVactw[u<Channel numb>, <Line Index>];/Channel/State/acVactw[u1, 1];False
actOriToolLength1;X component of tool in WCS;;;113;1;1;"X component in workpiece coordinate system (WCS) of active tool length,
taking into account the tool orientation, incl. adapter data, mirroring and TCARR 
(orientable toolholder).";TYPE_DOUBLE;No unit;0;;;/Channel/State/actOriToolLength1[u<Channel numb>, <Line Index>];/Channel/State/actOriToolLength1[u1, 1];False
actMasterToolHolderNo;Active no. of the master tool holder;;;126;1;1;"Active number of the master tool holder.
Especially for $MC_RESET_MODE_MASK, Bit0=0, this is the value of
SETMS or SETMTH last programmed in the RESET status of the NCK.
Especially for $MC_RESET_MODE_MASK, Bit0=1, this is the value in the RESET status of the NCK for
$MC_SPIND_DEF_MASTER_SPIND (if $MC_TOOL_MANAGEMENT_TOOLHOLDER=0);
or $MC_TOOL_MANAGEMENT_TOOLHOLDER (if $MC_TOOL_MANAGEMENT_TOOLHOLDER > 0)";TYPE_UWORD;No unit;;1.0;max. Anzahl der Kanalachsen;/Channel/State/actMasterToolHolderNo[u<Channel numb>, <Line Index>];/Channel/State/actMasterToolHolderNo[u1, 1];False
actIpoTypeS;Active interpolation mode;;;74;1;1;"Active mode of interpolation applied during block searches.
This data is very similar to SNCF:ncFktBinS for the 1st G group.
Its value is different only in the case of automatically generated intermediate blocks,
such as when, for example, two straight lines are connected to an arc
by means of command RND.
The value is the index of the active G function (analogous to SNCF:ncFktBinS).";TYPE_UWORD;No unit;;;;/Channel/State/actIpoTypeS[u<Channel numb>, <Line Index>];/Channel/State/actIpoTypeS[u1, 1];False
actIpoType;Active interpolation mode search run;;;64;1;1;"Active interpolation mode used for the path motion. This date corresponds to a large degree to the SNCF:ncFktBin for the first G-group.
The value differs for automatically generated intermediate blocks only. This is e.g. the case if two lines are connected with an arc by the command RND. The value is the index of the active G-code (analog with SNCF:ncFktBin)";TYPE_UWORD;No unit;;;;/Channel/State/actIpoType[u<Channel numb>, <Line Index>];/Channel/State/actIpoType[u1, 1];False
actHNumberFanuc;Replaced by actHNumberFanuc32;;;98;1;1;Replaced by actHNumberFanuc32;TYPE_UWORD;No unit;;;;/Channel/State/actHNumberFanuc[u<Channel numb>, <Line Index>];/Channel/State/actHNumberFanuc[u1, 1];False
actFrameIndex;Index of the active set frame;$P_UIFRNUM;;16;;;"Index of the active set frame (index in G group 8 'Settable work offset'). Frames 0 - 4 (corresponds to G500 ... G57) can be set in the standard version. The number of frames can be changed via machine data MM_NUM_USER_FRAMES.

Value Range:
0 = no frame selected
1 = G54
2 = G55
3 = G56
4 = G57
5 = G505
to
99 = G599";TYPE_UWORD;No unit;;;;/Channel/State/actFrameIndex[u<Channel numb>];/Channel/State/actFrameIndex[u1];False
actFeedRateTechIpo;Interpolation feed extended, actual value;;;353;;;Interpolation feed extended, actual value. The actual value is the actually traversed feed rate (depends on the acceleration profiles, LookAhead, velocity limits etc.). The variable 'feedRateIpoUnit' defines the physical unit (mm/min, mm/rev or mm/tooth).;TYPE_DOUBLE;Linear velocity (mm/min, inch/min or user defined);;;;/Channel/State/actFeedRateTechIpo[u<Channel numb>];/Channel/State/actFeedRateTechIpo[u1];False
actFeedRateIpo;Actual value of the interpolation feedrate;;;1;;;Actual value of the interpolation feedrate. The actual value is the feed actually moved with. (depends on the acceleration profiles, LookAhead, velocity limits etc. ) The variable 'feedRateIpoUnit' defines the physical unit.;TYPE_DOUBLE;Linear velocity (mm/min, inch/min or user defined);;;;/Channel/State/actFeedRateIpo[u<Channel numb>];/Channel/State/actFeedRateIpo[u1];False
actDuploNumber;Duplo number of active tool;;;34;;1;Duplo number of active tool;TYPE_UWORD;No unit;0;;;/Channel/State/actDuploNumber[u<Channel numb>];/Channel/State/actDuploNumber[u1];False
actDNumberS;Corresp. to actNumber for block search with calc.;;;71;1;1;"Corresponds to actNumber for block search with calculation
Attention: This variable is available for protocolling block search events only, not for the Variable Service!";TYPE_UWORD;No unit;;;;/Channel/State/actDNumberS[u<Channel numb>, <Line Index>];/Channel/State/actDNumberS[u1, 1];False
actDNumberFanuc;Replaced by actDNumberFanuc32;;;97;1;1;Replaced by actDNumberFanuc32;TYPE_UWORD;No unit;;;;/Channel/State/actDNumberFanuc[u<Channel numb>, <Line Index>];/Channel/State/actDNumberFanuc[u1, 1];False
actDNumber;Number of active tool edge;$P_TOOL;;24;;;"Number of active tool edge (Dx).
Value range: D0 ... DMax.
Max corresponds to the value of MD18105 $MN_MM_MAX_CUTTING_EDGE_NO";TYPE_UWORD;No unit;;0.0;9;/Channel/State/actDNumber[u<Channel numb>];/Channel/State/actDNumber[u1];False
actDLNumber;Active total offset;$P_DLNO;;93;1;;Number of active total offset DL;TYPE_UWORD;No unit;;;;/Channel/State/actDLNumber[u<Channel numb>, <Line Index>];/Channel/State/actDLNumber[u1, 1];False
acVc;Add. path feed correction for synchronous actions;$AC_VC;;46;1;1;Additive path feedrate correction value for synchronous actions (Note: for SYNACT only);TYPE_DOUBLE;No unit;;;;/Channel/State/acVc[u<Channel numb>, <Line Index>];/Channel/State/acVc[u1, 1];False
acVactWf;Path velocity in the workpiece coordinate system;$AC_VACTWF;;272;1;1;"Path velocity in the workpiece coordinate system.
FGroup and FGREF are taken into account.";TYPE_DOUBLE;Linear or angular velocity, as a function of axis type;0;0.0;;/Channel/State/acVactWf[u<Channel numb>, <Line Index>];/Channel/State/acVactWf[u1, 1];False
acTc;Active tool carrier;$AC_TC;;255;1;1;Active tool carrier;TYPE_DWORD;No unit;0;0.0;;/Channel/State/acTc[u<Channel numb>, <Line Index>];/Channel/State/acTc[u1, 1];False
acVactBf;Path velocity in the BCS;$AC_VACTBF;;271;1;1;"Path velocity in the BCS.
FGroup and FGREF are taken into account.";TYPE_DOUBLE;Linear or angular velocity, as a function of axis type;0;0.0;;/Channel/State/acVactBf[u<Channel numb>, <Line Index>];/Channel/State/acVactBf[u1, 1];False
acVactB;Path veloc. in basic coordinate system;$AC_VACTB;;124;1;1;Path velocity in basic coordinate system;TYPE_DOUBLE;Linear or angular velocity, as a function of axis type;0;;;/Channel/State/acVactB[u<Channel numb>, <Line Index>];/Channel/State/acVactB[u1, 1];False
acTrafoParSet;Number of current transformer data record;$AC_TRAFO_PARSET;;169;1;1;"The variable is '0' if no transformation is active.
If a conventionally defined (i.e. not by kinematic chains) transformation is active, the variable contains the number of the current transformation data record.
If a transformation defined by kinematic chains is active, the variable contains the number of the $NT data record with an offset of 1000, i.e. the first transformation returns the value 1001.";TYPE_UWORD;No unit;0;;;/Channel/State/acTrafoParSet[u<Channel numb>, <Line Index>];/Channel/State/acTrafoParSet[u1, 1];False
acTrafoChain;Active chained transformation;$AC_TRAFO_CHAIN;;262;Index of the chained transformation;4;"Active chained transformation
Code numbers of the chained transformations of the active TRACON corresponding
to machine data $MC_TRAFO_TYPE_m.

Value Range:
0: No master tool holder available
1..n: Number of the master tool holder";TYPE_UWORD;No unit;0;0.0;;/Channel/State/acTrafoChain[u<Channel numb>, <Line Index>];"/Channel/State/acTrafoChain[u1, 1]
/Channel/State/acTrafoChain[u1, 2]
/Channel/State/acTrafoChain[u1, 3]
/Channel/State/acTrafoChain[u1, 4]
/Channel/State/acTrafoChain[u1, 5]
/Channel/State/acTrafoChain[u1, 6]
/Channel/State/acTrafoChain[u1, 7]
/Channel/State/acTrafoChain[u1, 8]
/Channel/State/acTrafoChain[u1, 9]
/Channel/State/acTrafoChain[u1, 10]
/Channel/State/acTrafoChain[u1, 11]
/Channel/State/acTrafoChain[u1, 12]
/Channel/State/acTrafoChain[u1, 13]
/Channel/State/acTrafoChain[u1, 14]
/Channel/State/acTrafoChain[u1, 15]
/Channel/State/acTrafoChain[u1, 16]
/Channel/State/acTrafoChain[u1, 17]
/Channel/State/acTrafoChain[u1, 18]
/Channel/State/acTrafoChain[u1, 19]
/Channel/State/acTrafoChain[u1, 20]
/Channel/State/acTrafoChain[u1, 21]
/Channel/State/acTrafoChain[u1, 22]
/Channel/State/acTrafoChain[u1, 23]
/Channel/State/acTrafoChain[u1, 24]
/Channel/State/acTrafoChain[u1, 25]
/Channel/State/acTrafoChain[u1, 26]
/Channel/State/acTrafoChain[u1, 27]
/Channel/State/acTrafoChain[u1, 28]
/Channel/State/acTrafoChain[u1, 29]
/Channel/State/acTrafoChain[u1, 30]
/Channel/State/acTrafoChain[u1, 31]
/Channel/State/acTrafoChain[u1, 32]
/Channel/State/acTrafoChain[u1, 33]
/Channel/State/acTrafoChain[u1, 34]
/Channel/State/acTrafoChain[u1, 35]
/Channel/State/acTrafoChain[u1, 36]
/Channel/State/acTrafoChain[u1, 37]
/Channel/State/acTrafoChain[u1, 38]
/Channel/State/acTrafoChain[u1, 39]
/Channel/State/acTrafoChain[u1, 40]
/Channel/State/acTrafoChain[u1, 41]
/Channel/State/acTrafoChain[u1, 42]
/Channel/State/acTrafoChain[u1, 43]
/Channel/State/acTrafoChain[u1, 44]
/Channel/State/acTrafoChain[u1, 45]
/Channel/State/acTrafoChain[u1, 46]
/Channel/State/acTrafoChain[u1, 47]
/Channel/State/acTrafoChain[u1, 48]
/Channel/State/acTrafoChain[u1, 49]
/Channel/State/acTrafoChain[u1, 50]
/Channel/State/acTrafoChain[u1, 51]
/Channel/State/acTrafoChain[u1, 52]
/Channel/State/acTrafoChain[u1, 53]
/Channel/State/acTrafoChain[u1, 54]
/Channel/State/acTrafoChain[u1, 55]
/Channel/State/acTrafoChain[u1, 56]
/Channel/State/acTrafoChain[u1, 57]
/Channel/State/acTrafoChain[u1, 58]
/Channel/State/acTrafoChain[u1, 59]
/Channel/State/acTrafoChain[u1, 60]
/Channel/State/acTrafoChain[u1, 61]
/Channel/State/acTrafoChain[u1, 62]
/Channel/State/acTrafoChain[u1, 63]
/Channel/State/acTrafoChain[u1, 64]
/Channel/State/acTrafoChain[u1, 65]
/Channel/State/acTrafoChain[u1, 66]
/Channel/State/acTrafoChain[u1, 67]
/Channel/State/acTrafoChain[u1, 68]
/Channel/State/acTrafoChain[u1, 69]
/Channel/State/acTrafoChain[u1, 70]
/Channel/State/acTrafoChain[u1, 71]
/Channel/State/acTrafoChain[u1, 72]
/Channel/State/acTrafoChain[u1, 73]
/Channel/State/acTrafoChain[u1, 74]
/Channel/State/acTrafoChain[u1, 75]
/Channel/State/acTrafoChain[u1, 76]
/Channel/State/acTrafoChain[u1, 77]
/Channel/State/acTrafoChain[u1, 78]
/Channel/State/acTrafoChain[u1, 79]
/Channel/State/acTrafoChain[u1, 80]
/Channel/State/acTrafoChain[u1, 81]
/Channel/State/acTrafoChain[u1, 82]
/Channel/State/acTrafoChain[u1, 83]
/Channel/State/acTrafoChain[u1, 84]
/Channel/State/acTrafoChain[u1, 85]
/Channel/State/acTrafoChain[u1, 86]
/Channel/State/acTrafoChain[u1, 87]
/Channel/State/acTrafoChain[u1, 88]
/Channel/State/acTrafoChain[u1, 89]
/Channel/State/acTrafoChain[u1, 90]
/Channel/State/acTrafoChain[u1, 91]
/Channel/State/acTrafoChain[u1, 92]
/Channel/State/acTrafoChain[u1, 93]
/Channel/State/acTrafoChain[u1, 94]
/Channel/State/acTrafoChain[u1, 95]
/Channel/State/acTrafoChain[u1, 96]
/Channel/State/acTrafoChain[u1, 97]
/Channel/State/acTrafoChain[u1, 98]
/Channel/State/acTrafoChain[u1, 99]
/Channel/State/acTrafoChain[u1, 100]";False
acTrafo;Code number of the active transformation;$AC_TRAFO;;40;1;1;Code number of the active transformation (encoded as for $AC_TRAFO);TYPE_UWORD;No unit;;;;/Channel/State/acTrafo[u<Channel numb>, <Line Index>];/Channel/State/acTrafo[u1, 1];False
acTotalOvr;Total path override for synchronized actions;$AC_TOTAL_OVR;;218;1;1;Total path override for synchronized actions;TYPE_DOUBLE;No unit;100;0.0;;/Channel/State/acTotalOvr[u<Channel numb>, <Line Index>];/Channel/State/acTotalOvr[u1, 1];False
acTimer;Time variable in seconds;"$AC_TIMER[x]
x
=
TimerNo";;42;"TimeVariabNo
Number of the time variable";$MN_MM_NUM_AC_TIMER;Time variable in seconds (Note: for SYNACT only);TYPE_DOUBLE;Time (s);;;;/Channel/State/acTimer[u<Channel numb>, <Line Index>];"/Channel/State/acTimer[u1, 1]
/Channel/State/acTimer[u1, 2]";False
acTimec;Time from begin. of block in interpolation cycles;$AC_TIMEC;;44;1;1;Time from the beginning of the block in interpolation cycles (Note: for SYNACT only);TYPE_DOUBLE;Interpolation cycles;;;;/Channel/State/acTimec[u<Channel numb>, <Line Index>];/Channel/State/acTimec[u1, 1];False
acTime;Time from the beginning of the block in seconds;$AC_TIME;;43;1;1;Time from the beginning of the block in seconds (Note: for SYNACT only);TYPE_DOUBLE;Time (s);;;;/Channel/State/acTime[u<Channel numb>, <Line Index>];/Channel/State/acTime[u1, 1];False
acThreadPitchInc;Current lead change;$AC_THREAD_PITCH_INC;;239;1;1;Current lead change;TYPE_DOUBLE;No unit;0;;;/Channel/State/acThreadPitchInc[u<Channel numb>, <Line Index>];/Channel/State/acThreadPitchInc[u1, 1];False
acThreadPitchAct;Current lead;$AC_THREAD_PITCH_ACT;;240;1;1;Current lead;TYPE_DOUBLE;No unit;0;;;/Channel/State/acThreadPitchAct[u<Channel numb>, <Line Index>];/Channel/State/acThreadPitchAct[u1, 1];False
acThreadPitch;Programmed lead;$AC_THREAD_PITCH;;238;1;1;Programmed lead;TYPE_DOUBLE;No unit;0;;;/Channel/State/acThreadPitch[u<Channel numb>, <Line Index>];/Channel/State/acThreadPitch[u1, 1];False
acTcCmdt;Trigger variable: CoMmadTrigger;$AC_TC_CMDT;;258;1;1;"Trigger variable: CoMmadTrigger always assumes a value of 1 for an 
IPO cycle when a new command of the magazine management is output to the PLC.";TYPE_DWORD;No unit;0;;;/Channel/State/acTcCmdt[u<Channel numb>, <Line Index>];/Channel/State/acTcCmdt[u1, 1];False
acTcAckt;Trigger variable ACKnowledgeTrigger;$AC_TC_ACKT;;259;1;1;"Trigger variable ACKnowledgeTrigger always assumes a value of 1 
for an IPO cycle when the PLC acknowledges a command of the tool management.";TYPE_DWORD;No unit;0;;;/Channel/State/acTcAckt[u<Channel numb>, <Line Index>];/Channel/State/acTcAckt[u1, 1];False
acMeasPframe;Programmable frame;$AC_MEAS_PFRAME;;203;;;Programmable frame is not included;TYPE_DWORD;No unit;0;0.0;1;/Channel/State/acMeasPframe[u<Channel numb>];/Channel/State/acMeasPframe[u1];False
acMeasP3Coord;Coordinate system of the 3rd measuring point;$AC_MEAS_P3_COORD;;196;;;"Coordinate system of the 3rd measuring point

Value Range:
0: Work 1: BCS 2: MCS";TYPE_DWORD;No unit;0;0.0;;/Channel/State/acMeasP3Coord[u<Channel numb>];/Channel/State/acMeasP3Coord[u1];False
aTcNumPlaces;Number of defined places in the multitool;$AC_TC_MTNLOC;;349;1;1;Number of defined places in the multitool;TYPE_UWORD;No unit;;;;/Channel/State/aTcNumPlaces[u<Channel numb>, <Line Index>];/Channel/State/aTcNumPlaces[u1, 1];False
aaMeasPoint2;2nd measuring point;$AA_MEAS_POINT2;;135;Axis index;numMachAxes;2nd measuring point for workpiece and tool measurement;TYPE_DOUBLE;Linear position (mm, inch or user defined);;;;/Channel/State/aaMeasPoint2[u<Channel numb>, <Line Index>];"/Channel/State/aaMeasPoint2[u1, 1]
/Channel/State/aaMeasPoint2[u1, 2]
/Channel/State/aaMeasPoint2[u1, 3]
/Channel/State/aaMeasPoint2[u1, 4]
/Channel/State/aaMeasPoint2[u1, 5]
/Channel/State/aaMeasPoint2[u1, 6]
/Channel/State/aaMeasPoint2[u1, 7]
/Channel/State/aaMeasPoint2[u1, 8]
/Channel/State/aaMeasPoint2[u1, 9]
/Channel/State/aaMeasPoint2[u1, 10]
/Channel/State/aaMeasPoint2[u1, 11]
/Channel/State/aaMeasPoint2[u1, 12]";False
acDteb;Distance to the end of the block in the BCS;$AC_DTEB;;56;1;1;Distance to the end of the block in the BCS (Note: for SYNACT only);TYPE_DOUBLE;No unit;;;;/Channel/State/acDteb[u<Channel numb>, <Line Index>];/Channel/State/acDteb[u1, 1];False
acDtbw;Distance from the beginning of block in the WCS;$AC_DTBW;;60;1;1;"Distance from the beginning of the block in the WCS
(Note: for SYNACT only)";TYPE_DOUBLE;No unit;;;;/Channel/State/acDtbw[u<Channel numb>, <Line Index>];/Channel/State/acDtbw[u1, 1];False
acDtbb;Distance from beginning of the block in the BCS;$AC_DTBB;;55;1;1;Distance from the beginning of the block in the BCS (Note: SYNACT only);TYPE_DOUBLE;No unit;;;;/Channel/State/acDtbb[u<Channel numb>, <Line Index>];/Channel/State/acDtbb[u1, 1];False
acDelt;Stored distance-to-go of the path in the WCS;$AC_DELT;;63;1;1;Stored distance-to-go of the path in the WCS after delete-distance-to-go of the path DELDTG for synchronous action (Note: for SYNACT only);TYPE_DOUBLE;No unit;;;;/Channel/State/acDelt[u<Channel numb>, <Line Index>];/Channel/State/acDelt[u1, 1];False
acConeAngle;Taper angle;$AC_CONE_ANGLE;;275;1;1;"Currently effective taper angle for taper turning.
The taper angle is specified by the setting data $SC_CONE_ANGLE and is
effective in the operating mode JOG only.";TYPE_DOUBLE;Angle (degree);0;-90.0;90;/Channel/State/acConeAngle[u<Channel numb>, <Line Index>];/Channel/State/acConeAngle[u1, 1];False
acAxCtSwA;Status of axis container;$AC_AXCTSWA[CTn];;89;"ContainerNo
Container no.";numContainer;"Channel status of axis container rotation

Value Range:
TRUE: The channel has enabled rotation for the axis container
and rotation is still in progress.
FALSE: Axis container rotation is already finished";TYPE_UWORD;No unit;0;0.0;1;/Channel/State/acAxCtSwA[u<Channel numb>, <Line Index>];"/Channel/State/acAxCtSwA[u1, 1]
/Channel/State/acAxCtSwA[u1, 2]
/Channel/State/acAxCtSwA[u1, 3]
/Channel/State/acAxCtSwA[u1, 4]
/Channel/State/acAxCtSwA[u1, 5]
/Channel/State/acAxCtSwA[u1, 6]
/Channel/State/acAxCtSwA[u1, 7]
/Channel/State/acAxCtSwA[u1, 8]
/Channel/State/acAxCtSwA[u1, 9]
/Channel/State/acAxCtSwA[u1, 10]
/Channel/State/acAxCtSwA[u1, 11]
/Channel/State/acAxCtSwA[u1, 12]
/Channel/State/acAxCtSwA[u1, 13]
/Channel/State/acAxCtSwA[u1, 14]
/Channel/State/acAxCtSwA[u1, 15]
/Channel/State/acAxCtSwA[u1, 16]";False
acAsup;Reason for the activation of an ASUB;$AC_ASUP;;257;1;1;"Code number for the cause of activation of an ASUB

Value Range:
The reasons are bit-coded.
BIT0: Activation because of: User interrupt 'ASUB with Blsync'.
BIT1: Activation because of: User interrupt 'ASUB'.
BIT2: Activation because of: User interrupt 'ASUB from channel state Ready'.
BIT3: Activation because of: User interrupt 'ASUB in manual mode'.
BIT4: Activation because of: Activation because of: User interrupt 'ASUB'.
BIT5: Activation because of: Abort of the subroutine repetition.
BIT6: Activation because of: Activation of decoding single block.
BIT7: Activation because of: Activation of DDTG.
BIT8: Activation because of: Activation of axis synchronization.
BIT9: Activation because of: Change of operating mode.
BIT10: Activation because of: Program continuation under TeachIn or after TeachIn deactivation.
BIT11: Activation because of: Selection overstore.
BIT12: Activation because of: Alarm with reaction compensation block with REPOS ( COMPBLOCKWITHREORG).
BIT13: Activation because of: Retraction motion with G33 and Stop.
BIT14: Activation because of: Activation of dry run feed.
BIT15: Activation because of: Deactivation of dry run feed.
BIT16: Activation because of: Activation of skip block.
BIT17: Activation because of: Deactivation of skip block.
BIT18: Activation because of: Activate machine data.
BIT19: Activation because of: Activate tool offset.
BIT20: Activation because of: System ASUB after search type SERUPRO has reached the search target.";TYPE_DWORD;No unit;0;0.0;;/Channel/State/acAsup[u<Channel numb>, <Line Index>];/Channel/State/acAsup[u1, 1];False
acAlarmStat;ESR alarm status;$AC_ALARM_STAT;;109;1;1;"!=0: Alarms are pending, the appropriate coded alarm reactions can be used as source for
'Extended stop and retract'.

Value Range:
The data is bit-coded. Individual states can therefore be masked or
evaluated separately if necessary (bits excluded below produce a value of 0)
Bit2 = 1: NOREADY (active rapid deceleration + cancellation of servo enable)
Bit6 = 1: STOPBYALARM (ramp stop of all channel axes)
Bit9 = 1: SETVDI (VDI interface signal alarm setting)
Bit13 = 1: FOLLOWUPBYALARM (follow-up)";TYPE_UWORD;No unit;0;;;/Channel/State/acAlarmStat[u<Channel numb>, <Line Index>];/Channel/State/acAlarmStat[u1, 1];False
aaVeloLimA;Axial velocity overr. main run;$AA_VELOLIMA[a];;188;(Axis index );numMachAxes;"Axial velocity override in main run

Value Range:
1-200";TYPE_UWORD;No unit;100;1.0;200;/Channel/State/aaVeloLimA[u<Channel numb>, <Line Index>];"/Channel/State/aaVeloLimA[u1, 1]
/Channel/State/aaVeloLimA[u1, 2]
/Channel/State/aaVeloLimA[u1, 3]
/Channel/State/aaVeloLimA[u1, 4]
/Channel/State/aaVeloLimA[u1, 5]
/Channel/State/aaVeloLimA[u1, 6]
/Channel/State/aaVeloLimA[u1, 7]
/Channel/State/aaVeloLimA[u1, 8]
/Channel/State/aaVeloLimA[u1, 9]
/Channel/State/aaVeloLimA[u1, 10]
/Channel/State/aaVeloLimA[u1, 11]
/Channel/State/aaVeloLimA[u1, 12]";False
aaMeasSpValid;Save axial setpoint;$AA_MEAS_SP_VALID;;157;Axis index;numMachAxes;"Save axial setpoint for workpiece and
tool measurement

Value Range:
0: Clear axial setpoint 
1: Validate axial setpoint";TYPE_DWORD;No unit;0;0.0;1;/Channel/State/aaMeasSpValid[u<Channel numb>, <Line Index>];"/Channel/State/aaMeasSpValid[u1, 1]
/Channel/State/aaMeasSpValid[u1, 2]
/Channel/State/aaMeasSpValid[u1, 3]
/Channel/State/aaMeasSpValid[u1, 4]
/Channel/State/aaMeasSpValid[u1, 5]
/Channel/State/aaMeasSpValid[u1, 6]
/Channel/State/aaMeasSpValid[u1, 7]
/Channel/State/aaMeasSpValid[u1, 8]
/Channel/State/aaMeasSpValid[u1, 9]
/Channel/State/aaMeasSpValid[u1, 10]
/Channel/State/aaMeasSpValid[u1, 11]
/Channel/State/aaMeasSpValid[u1, 12]";False
aaMeasSetpoint;Measurement setpoint position;$AA_MEAS_SETPOINT;;138;Axis index;numMachAxes;Setpoint position of edge, corner or hole;TYPE_DOUBLE;Linear position (mm, inch or user defined);;;;/Channel/State/aaMeasSetpoint[u<Channel numb>, <Line Index>];"/Channel/State/aaMeasSetpoint[u1, 1]
/Channel/State/aaMeasSetpoint[u1, 2]
/Channel/State/aaMeasSetpoint[u1, 3]
/Channel/State/aaMeasSetpoint[u1, 4]
/Channel/State/aaMeasSetpoint[u1, 5]
/Channel/State/aaMeasSetpoint[u1, 6]
/Channel/State/aaMeasSetpoint[u1, 7]
/Channel/State/aaMeasSetpoint[u1, 8]
/Channel/State/aaMeasSetpoint[u1, 9]
/Channel/State/aaMeasSetpoint[u1, 10]
/Channel/State/aaMeasSetpoint[u1, 11]
/Channel/State/aaMeasSetpoint[u1, 12]";False
aaMeasSetangle;Measurement setpoint angle;$AA_MEAS_SETANGLE;;177;Axis index;;Setpoint angle of an axis;TYPE_DOUBLE;Angular position (degree or user defined);;;;/Channel/State/aaMeasSetangle[u<Channel numb>, <Line Index>];"/Channel/State/aaMeasSetangle[u1, 1]
/Channel/State/aaMeasSetangle[u1, 2]
/Channel/State/aaMeasSetangle[u1, 3]
/Channel/State/aaMeasSetangle[u1, 4]
/Channel/State/aaMeasSetangle[u1, 5]
/Channel/State/aaMeasSetangle[u1, 6]
/Channel/State/aaMeasSetangle[u1, 7]
/Channel/State/aaMeasSetangle[u1, 8]
/Channel/State/aaMeasSetangle[u1, 9]
/Channel/State/aaMeasSetangle[u1, 10]
/Channel/State/aaMeasSetangle[u1, 11]
/Channel/State/aaMeasSetangle[u1, 12]";False
aaMeasPoint4;4th measuring point;$AA_MEAS_POINT4;;137;Axis index;numMachAxes;4th measuring point for workpiece and tool measurement;TYPE_DOUBLE;Linear position (mm, inch or user defined);;;;/Channel/State/aaMeasPoint4[u<Channel numb>, <Line Index>];"/Channel/State/aaMeasPoint4[u1, 1]
/Channel/State/aaMeasPoint4[u1, 2]
/Channel/State/aaMeasPoint4[u1, 3]
/Channel/State/aaMeasPoint4[u1, 4]
/Channel/State/aaMeasPoint4[u1, 5]
/Channel/State/aaMeasPoint4[u1, 6]
/Channel/State/aaMeasPoint4[u1, 7]
/Channel/State/aaMeasPoint4[u1, 8]
/Channel/State/aaMeasPoint4[u1, 9]
/Channel/State/aaMeasPoint4[u1, 10]
/Channel/State/aaMeasPoint4[u1, 11]
/Channel/State/aaMeasPoint4[u1, 12]";False
aaMeasPoint3;3rd measuring point;$AA_MEAS_POINT3;;136;Axis index;numMachAxes;3rd measuring point for workpiece and tool measurement;TYPE_DOUBLE;Linear position (mm, inch or user defined);;;;/Channel/State/aaMeasPoint3[u<Channel numb>, <Line Index>];"/Channel/State/aaMeasPoint3[u1, 1]
/Channel/State/aaMeasPoint3[u1, 2]
/Channel/State/aaMeasPoint3[u1, 3]
/Channel/State/aaMeasPoint3[u1, 4]
/Channel/State/aaMeasPoint3[u1, 5]
/Channel/State/aaMeasPoint3[u1, 6]
/Channel/State/aaMeasPoint3[u1, 7]
/Channel/State/aaMeasPoint3[u1, 8]
/Channel/State/aaMeasPoint3[u1, 9]
/Channel/State/aaMeasPoint3[u1, 10]
/Channel/State/aaMeasPoint3[u1, 11]
/Channel/State/aaMeasPoint3[u1, 12]";False
aaMeasPoint1;1st measuring point;$AA_MEAS_POINT1;;134;Axis index;numMachAxes;1st measuring point for workpiece and tool measurement;TYPE_DOUBLE;Linear position (mm, inch or user defined);0;;;/Channel/State/aaMeasPoint1[u<Channel numb>, <Line Index>];"/Channel/State/aaMeasPoint1[u1, 1]
/Channel/State/aaMeasPoint1[u1, 2]
/Channel/State/aaMeasPoint1[u1, 3]
/Channel/State/aaMeasPoint1[u1, 4]
/Channel/State/aaMeasPoint1[u1, 5]
/Channel/State/aaMeasPoint1[u1, 6]
/Channel/State/aaMeasPoint1[u1, 7]
/Channel/State/aaMeasPoint1[u1, 8]
/Channel/State/aaMeasPoint1[u1, 9]
/Channel/State/aaMeasPoint1[u1, 10]
/Channel/State/aaMeasPoint1[u1, 11]
/Channel/State/aaMeasPoint1[u1, 12]";False
acSimTimeBlock;Block processing time in the simulation;;;364;1;1;For the simulation: block processing time in seconds;TYPE_DOUBLE;Time (s or user defined);;;;/Channel/State/acSimTimeBlock[u<Channel numb>, <Line Index>];/Channel/State/acSimTimeBlock[u1, 1];False
aaMeasP4Valid;Save axial measuring point 4;$AA_MEAS_P4_VALID;;156;Axis index;numMachAxes;"Save axial measuring point P4 for workpiece and
tool measurement

Value Range:
0: Clear axial measuring point 
1: Write actual axial values to axial measuring point";TYPE_DWORD;No unit;0;0.0;1;/Channel/State/aaMeasP4Valid[u<Channel numb>, <Line Index>];"/Channel/State/aaMeasP4Valid[u1, 1]
/Channel/State/aaMeasP4Valid[u1, 2]
/Channel/State/aaMeasP4Valid[u1, 3]
/Channel/State/aaMeasP4Valid[u1, 4]
/Channel/State/aaMeasP4Valid[u1, 5]
/Channel/State/aaMeasP4Valid[u1, 6]
/Channel/State/aaMeasP4Valid[u1, 7]
/Channel/State/aaMeasP4Valid[u1, 8]
/Channel/State/aaMeasP4Valid[u1, 9]
/Channel/State/aaMeasP4Valid[u1, 10]
/Channel/State/aaMeasP4Valid[u1, 11]
/Channel/State/aaMeasP4Valid[u1, 12]";False
aaMeasP3Valid;Save axial measuring point 3;$AA_MEAS_P3_VALID;;155;Axis index;numMachAxes;"Save axial measuring point P3 for workpiece and
tool measurement

Value Range:
0: Clear axial measuring point 
1: Write actual axial values to axial measuring point";TYPE_DWORD;No unit;0;0.0;1;/Channel/State/aaMeasP3Valid[u<Channel numb>, <Line Index>];"/Channel/State/aaMeasP3Valid[u1, 1]
/Channel/State/aaMeasP3Valid[u1, 2]
/Channel/State/aaMeasP3Valid[u1, 3]
/Channel/State/aaMeasP3Valid[u1, 4]
/Channel/State/aaMeasP3Valid[u1, 5]
/Channel/State/aaMeasP3Valid[u1, 6]
/Channel/State/aaMeasP3Valid[u1, 7]
/Channel/State/aaMeasP3Valid[u1, 8]
/Channel/State/aaMeasP3Valid[u1, 9]
/Channel/State/aaMeasP3Valid[u1, 10]
/Channel/State/aaMeasP3Valid[u1, 11]
/Channel/State/aaMeasP3Valid[u1, 12]";False
aaMeasP2Valid;Save axial measuring point 2;$AA_MEAS_P2_VALID;;154;Axis index;numMachAxes;"Save axial measuring point P2 for workpiece and
tool measurement

Value Range:
0: Clear axial measuring point 
1: Write actual axial values to axial measuring point";TYPE_DWORD;No unit;0;0.0;1;/Channel/State/aaMeasP2Valid[u<Channel numb>, <Line Index>];"/Channel/State/aaMeasP2Valid[u1, 1]
/Channel/State/aaMeasP2Valid[u1, 2]
/Channel/State/aaMeasP2Valid[u1, 3]
/Channel/State/aaMeasP2Valid[u1, 4]
/Channel/State/aaMeasP2Valid[u1, 5]
/Channel/State/aaMeasP2Valid[u1, 6]
/Channel/State/aaMeasP2Valid[u1, 7]
/Channel/State/aaMeasP2Valid[u1, 8]
/Channel/State/aaMeasP2Valid[u1, 9]
/Channel/State/aaMeasP2Valid[u1, 10]
/Channel/State/aaMeasP2Valid[u1, 11]
/Channel/State/aaMeasP2Valid[u1, 12]";False
aaMeasP1Valid;Save axial measuring point 1;$AA_MEAS_P1_VALID;;153;Axis index;numMachAxes;"Save axial measuring point P1 for workpiece and
tool measurement

Value Range:
0: Clear axial measuring point 
1: Write actual axial values to axial measuring point";TYPE_DWORD;No unit;0;0.0;1;/Channel/State/aaMeasP1Valid[u<Channel numb>, <Line Index>];"/Channel/State/aaMeasP1Valid[u1, 1]
/Channel/State/aaMeasP1Valid[u1, 2]
/Channel/State/aaMeasP1Valid[u1, 3]
/Channel/State/aaMeasP1Valid[u1, 4]
/Channel/State/aaMeasP1Valid[u1, 5]
/Channel/State/aaMeasP1Valid[u1, 6]
/Channel/State/aaMeasP1Valid[u1, 7]
/Channel/State/aaMeasP1Valid[u1, 8]
/Channel/State/aaMeasP1Valid[u1, 9]
/Channel/State/aaMeasP1Valid[u1, 10]
/Channel/State/aaMeasP1Valid[u1, 11]
/Channel/State/aaMeasP1Valid[u1, 12]";False
aaJerkLimA;Axial jerk override main run;$AA_JERKLIMA[a];;189;(Axis index );numMachAxes;"Axial jerk override in run in 

Value Range:
1-200";TYPE_UWORD;No unit;100;1.0;200;/Channel/State/aaJerkLimA[u<Channel numb>, <Line Index>];"/Channel/State/aaJerkLimA[u1, 1]
/Channel/State/aaJerkLimA[u1, 2]
/Channel/State/aaJerkLimA[u1, 3]
/Channel/State/aaJerkLimA[u1, 4]
/Channel/State/aaJerkLimA[u1, 5]
/Channel/State/aaJerkLimA[u1, 6]
/Channel/State/aaJerkLimA[u1, 7]
/Channel/State/aaJerkLimA[u1, 8]
/Channel/State/aaJerkLimA[u1, 9]
/Channel/State/aaJerkLimA[u1, 10]
/Channel/State/aaJerkLimA[u1, 11]
/Channel/State/aaJerkLimA[u1, 12]";False
aaEgType;EG link type;$AA_EG_TYPE[a,b];;104;(Axis index of the slave axis) * numMachAxes + (axis index of the master axis) + 1;numMachAxes * numMachAxes;"Electronic gear:
Type of link for the specified master axis

Value Range:
0: Actual-value linkage
1: Setpoint linkage";TYPE_UWORD;No unit;0;0.0;1;/Channel/State/aaEgType[u<Channel numb>, <Line Index>];"/Channel/State/aaEgType[u1, 1]
/Channel/State/aaEgType[u1, 2]
/Channel/State/aaEgType[u1, 3]
/Channel/State/aaEgType[u1, 4]
/Channel/State/aaEgType[u1, 5]
/Channel/State/aaEgType[u1, 6]
/Channel/State/aaEgType[u1, 7]
/Channel/State/aaEgType[u1, 8]
/Channel/State/aaEgType[u1, 9]
/Channel/State/aaEgType[u1, 10]
/Channel/State/aaEgType[u1, 11]
/Channel/State/aaEgType[u1, 12]
/Channel/State/aaEgType[u1, 13]
/Channel/State/aaEgType[u1, 14]
/Channel/State/aaEgType[u1, 15]
/Channel/State/aaEgType[u1, 16]
/Channel/State/aaEgType[u1, 17]
/Channel/State/aaEgType[u1, 18]
/Channel/State/aaEgType[u1, 19]
/Channel/State/aaEgType[u1, 20]
/Channel/State/aaEgType[u1, 21]
/Channel/State/aaEgType[u1, 22]
/Channel/State/aaEgType[u1, 23]
/Channel/State/aaEgType[u1, 24]
/Channel/State/aaEgType[u1, 25]
/Channel/State/aaEgType[u1, 26]
/Channel/State/aaEgType[u1, 27]
/Channel/State/aaEgType[u1, 28]
/Channel/State/aaEgType[u1, 29]
/Channel/State/aaEgType[u1, 30]
/Channel/State/aaEgType[u1, 31]
/Channel/State/aaEgType[u1, 32]
/Channel/State/aaEgType[u1, 33]
/Channel/State/aaEgType[u1, 34]
/Channel/State/aaEgType[u1, 35]
/Channel/State/aaEgType[u1, 36]
/Channel/State/aaEgType[u1, 37]
/Channel/State/aaEgType[u1, 38]
/Channel/State/aaEgType[u1, 39]
/Channel/State/aaEgType[u1, 40]
/Channel/State/aaEgType[u1, 41]
/Channel/State/aaEgType[u1, 42]
/Channel/State/aaEgType[u1, 43]
/Channel/State/aaEgType[u1, 44]
/Channel/State/aaEgType[u1, 45]
/Channel/State/aaEgType[u1, 46]
/Channel/State/aaEgType[u1, 47]
/Channel/State/aaEgType[u1, 48]
/Channel/State/aaEgType[u1, 49]
/Channel/State/aaEgType[u1, 50]
/Channel/State/aaEgType[u1, 51]
/Channel/State/aaEgType[u1, 52]
/Channel/State/aaEgType[u1, 53]
/Channel/State/aaEgType[u1, 54]
/Channel/State/aaEgType[u1, 55]
/Channel/State/aaEgType[u1, 56]
/Channel/State/aaEgType[u1, 57]
/Channel/State/aaEgType[u1, 58]
/Channel/State/aaEgType[u1, 59]
/Channel/State/aaEgType[u1, 60]
/Channel/State/aaEgType[u1, 61]
/Channel/State/aaEgType[u1, 62]
/Channel/State/aaEgType[u1, 63]
/Channel/State/aaEgType[u1, 64]
/Channel/State/aaEgType[u1, 65]
/Channel/State/aaEgType[u1, 66]
/Channel/State/aaEgType[u1, 67]
/Channel/State/aaEgType[u1, 68]
/Channel/State/aaEgType[u1, 69]
/Channel/State/aaEgType[u1, 70]
/Channel/State/aaEgType[u1, 71]
/Channel/State/aaEgType[u1, 72]
/Channel/State/aaEgType[u1, 73]
/Channel/State/aaEgType[u1, 74]
/Channel/State/aaEgType[u1, 75]
/Channel/State/aaEgType[u1, 76]
/Channel/State/aaEgType[u1, 77]
/Channel/State/aaEgType[u1, 78]
/Channel/State/aaEgType[u1, 79]
/Channel/State/aaEgType[u1, 80]
/Channel/State/aaEgType[u1, 81]
/Channel/State/aaEgType[u1, 82]
/Channel/State/aaEgType[u1, 83]
/Channel/State/aaEgType[u1, 84]
/Channel/State/aaEgType[u1, 85]
/Channel/State/aaEgType[u1, 86]
/Channel/State/aaEgType[u1, 87]
/Channel/State/aaEgType[u1, 88]
/Channel/State/aaEgType[u1, 89]
/Channel/State/aaEgType[u1, 90]
/Channel/State/aaEgType[u1, 91]
/Channel/State/aaEgType[u1, 92]
/Channel/State/aaEgType[u1, 93]
/Channel/State/aaEgType[u1, 94]
/Channel/State/aaEgType[u1, 95]
/Channel/State/aaEgType[u1, 96]
/Channel/State/aaEgType[u1, 97]
/Channel/State/aaEgType[u1, 98]
/Channel/State/aaEgType[u1, 99]
/Channel/State/aaEgType[u1, 100]";False
aaEgSynFa;EG synchronous position of slave axis;$AA_EG_SYNFA[a];;102;(Axis index of slave axis + 1);numMachAxes;"Electronic gear:
Synchronous position for the slave axis.";TYPE_DOUBLE;Linear or angular position, as a function of axis type (MD: linear/rotary axis);0;;;/Channel/State/aaEgSynFa[u<Channel numb>, <Line Index>];"/Channel/State/aaEgSynFa[u1, 1]
/Channel/State/aaEgSynFa[u1, 2]
/Channel/State/aaEgSynFa[u1, 3]
/Channel/State/aaEgSynFa[u1, 4]
/Channel/State/aaEgSynFa[u1, 5]
/Channel/State/aaEgSynFa[u1, 6]
/Channel/State/aaEgSynFa[u1, 7]
/Channel/State/aaEgSynFa[u1, 8]
/Channel/State/aaEgSynFa[u1, 9]
/Channel/State/aaEgSynFa[u1, 10]
/Channel/State/aaEgSynFa[u1, 11]
/Channel/State/aaEgSynFa[u1, 12]";False
aaEgSyn;EG synchronous position of master axis;$AA_EG_SYN[a,b];;101;(Axis index of the slave axis) * numMachAxes + (axis index of the master axis) + 1;numMachAxes * numMachAxes;"Electronic gear:
Synchronous position for the specified master axis.";TYPE_DOUBLE;Linear or angular position, as a function of axis type (MD: linear/rotary axis);0;;;/Channel/State/aaEgSyn[u<Channel numb>, <Line Index>];"/Channel/State/aaEgSyn[u1, 1]
/Channel/State/aaEgSyn[u1, 2]
/Channel/State/aaEgSyn[u1, 3]
/Channel/State/aaEgSyn[u1, 4]
/Channel/State/aaEgSyn[u1, 5]
/Channel/State/aaEgSyn[u1, 6]
/Channel/State/aaEgSyn[u1, 7]
/Channel/State/aaEgSyn[u1, 8]
/Channel/State/aaEgSyn[u1, 9]
/Channel/State/aaEgSyn[u1, 10]
/Channel/State/aaEgSyn[u1, 11]
/Channel/State/aaEgSyn[u1, 12]
/Channel/State/aaEgSyn[u1, 13]
/Channel/State/aaEgSyn[u1, 14]
/Channel/State/aaEgSyn[u1, 15]
/Channel/State/aaEgSyn[u1, 16]
/Channel/State/aaEgSyn[u1, 17]
/Channel/State/aaEgSyn[u1, 18]
/Channel/State/aaEgSyn[u1, 19]
/Channel/State/aaEgSyn[u1, 20]
/Channel/State/aaEgSyn[u1, 21]
/Channel/State/aaEgSyn[u1, 22]
/Channel/State/aaEgSyn[u1, 23]
/Channel/State/aaEgSyn[u1, 24]
/Channel/State/aaEgSyn[u1, 25]
/Channel/State/aaEgSyn[u1, 26]
/Channel/State/aaEgSyn[u1, 27]
/Channel/State/aaEgSyn[u1, 28]
/Channel/State/aaEgSyn[u1, 29]
/Channel/State/aaEgSyn[u1, 30]
/Channel/State/aaEgSyn[u1, 31]
/Channel/State/aaEgSyn[u1, 32]
/Channel/State/aaEgSyn[u1, 33]
/Channel/State/aaEgSyn[u1, 34]
/Channel/State/aaEgSyn[u1, 35]
/Channel/State/aaEgSyn[u1, 36]
/Channel/State/aaEgSyn[u1, 37]
/Channel/State/aaEgSyn[u1, 38]
/Channel/State/aaEgSyn[u1, 39]
/Channel/State/aaEgSyn[u1, 40]
/Channel/State/aaEgSyn[u1, 41]
/Channel/State/aaEgSyn[u1, 42]
/Channel/State/aaEgSyn[u1, 43]
/Channel/State/aaEgSyn[u1, 44]
/Channel/State/aaEgSyn[u1, 45]
/Channel/State/aaEgSyn[u1, 46]
/Channel/State/aaEgSyn[u1, 47]
/Channel/State/aaEgSyn[u1, 48]
/Channel/State/aaEgSyn[u1, 49]
/Channel/State/aaEgSyn[u1, 50]
/Channel/State/aaEgSyn[u1, 51]
/Channel/State/aaEgSyn[u1, 52]
/Channel/State/aaEgSyn[u1, 53]
/Channel/State/aaEgSyn[u1, 54]
/Channel/State/aaEgSyn[u1, 55]
/Channel/State/aaEgSyn[u1, 56]
/Channel/State/aaEgSyn[u1, 57]
/Channel/State/aaEgSyn[u1, 58]
/Channel/State/aaEgSyn[u1, 59]
/Channel/State/aaEgSyn[u1, 60]
/Channel/State/aaEgSyn[u1, 61]
/Channel/State/aaEgSyn[u1, 62]
/Channel/State/aaEgSyn[u1, 63]
/Channel/State/aaEgSyn[u1, 64]
/Channel/State/aaEgSyn[u1, 65]
/Channel/State/aaEgSyn[u1, 66]
/Channel/State/aaEgSyn[u1, 67]
/Channel/State/aaEgSyn[u1, 68]
/Channel/State/aaEgSyn[u1, 69]
/Channel/State/aaEgSyn[u1, 70]
/Channel/State/aaEgSyn[u1, 71]
/Channel/State/aaEgSyn[u1, 72]
/Channel/State/aaEgSyn[u1, 73]
/Channel/State/aaEgSyn[u1, 74]
/Channel/State/aaEgSyn[u1, 75]
/Channel/State/aaEgSyn[u1, 76]
/Channel/State/aaEgSyn[u1, 77]
/Channel/State/aaEgSyn[u1, 78]
/Channel/State/aaEgSyn[u1, 79]
/Channel/State/aaEgSyn[u1, 80]
/Channel/State/aaEgSyn[u1, 81]
/Channel/State/aaEgSyn[u1, 82]
/Channel/State/aaEgSyn[u1, 83]
/Channel/State/aaEgSyn[u1, 84]
/Channel/State/aaEgSyn[u1, 85]
/Channel/State/aaEgSyn[u1, 86]
/Channel/State/aaEgSyn[u1, 87]
/Channel/State/aaEgSyn[u1, 88]
/Channel/State/aaEgSyn[u1, 89]
/Channel/State/aaEgSyn[u1, 90]
/Channel/State/aaEgSyn[u1, 91]
/Channel/State/aaEgSyn[u1, 92]
/Channel/State/aaEgSyn[u1, 93]
/Channel/State/aaEgSyn[u1, 94]
/Channel/State/aaEgSyn[u1, 95]
/Channel/State/aaEgSyn[u1, 96]
/Channel/State/aaEgSyn[u1, 97]
/Channel/State/aaEgSyn[u1, 98]
/Channel/State/aaEgSyn[u1, 99]
/Channel/State/aaEgSyn[u1, 100]";False
aaEgNumera;EG numerator link factor;$AA_EG_NUMERA[a,b];;99;(Axis index of the slave axis) * numMachAxes + (axis index of the master axis) + 1;numMachAxes * numMachAxes;"Electronic gear:
Numerator of link factor for the specified master axis.
The link factor of the gear is the result of $AA_EG_NUMERA[a,b]/$AA_EG_DENOM[a,b].";TYPE_DOUBLE;No unit;0;;;/Channel/State/aaEgNumera[u<Channel numb>, <Line Index>];"/Channel/State/aaEgNumera[u1, 1]
/Channel/State/aaEgNumera[u1, 2]
/Channel/State/aaEgNumera[u1, 3]
/Channel/State/aaEgNumera[u1, 4]
/Channel/State/aaEgNumera[u1, 5]
/Channel/State/aaEgNumera[u1, 6]
/Channel/State/aaEgNumera[u1, 7]
/Channel/State/aaEgNumera[u1, 8]
/Channel/State/aaEgNumera[u1, 9]
/Channel/State/aaEgNumera[u1, 10]
/Channel/State/aaEgNumera[u1, 11]
/Channel/State/aaEgNumera[u1, 12]
/Channel/State/aaEgNumera[u1, 13]
/Channel/State/aaEgNumera[u1, 14]
/Channel/State/aaEgNumera[u1, 15]
/Channel/State/aaEgNumera[u1, 16]
/Channel/State/aaEgNumera[u1, 17]
/Channel/State/aaEgNumera[u1, 18]
/Channel/State/aaEgNumera[u1, 19]
/Channel/State/aaEgNumera[u1, 20]
/Channel/State/aaEgNumera[u1, 21]
/Channel/State/aaEgNumera[u1, 22]
/Channel/State/aaEgNumera[u1, 23]
/Channel/State/aaEgNumera[u1, 24]
/Channel/State/aaEgNumera[u1, 25]
/Channel/State/aaEgNumera[u1, 26]
/Channel/State/aaEgNumera[u1, 27]
/Channel/State/aaEgNumera[u1, 28]
/Channel/State/aaEgNumera[u1, 29]
/Channel/State/aaEgNumera[u1, 30]
/Channel/State/aaEgNumera[u1, 31]
/Channel/State/aaEgNumera[u1, 32]
/Channel/State/aaEgNumera[u1, 33]
/Channel/State/aaEgNumera[u1, 34]
/Channel/State/aaEgNumera[u1, 35]
/Channel/State/aaEgNumera[u1, 36]
/Channel/State/aaEgNumera[u1, 37]
/Channel/State/aaEgNumera[u1, 38]
/Channel/State/aaEgNumera[u1, 39]
/Channel/State/aaEgNumera[u1, 40]
/Channel/State/aaEgNumera[u1, 41]
/Channel/State/aaEgNumera[u1, 42]
/Channel/State/aaEgNumera[u1, 43]
/Channel/State/aaEgNumera[u1, 44]
/Channel/State/aaEgNumera[u1, 45]
/Channel/State/aaEgNumera[u1, 46]
/Channel/State/aaEgNumera[u1, 47]
/Channel/State/aaEgNumera[u1, 48]
/Channel/State/aaEgNumera[u1, 49]
/Channel/State/aaEgNumera[u1, 50]
/Channel/State/aaEgNumera[u1, 51]
/Channel/State/aaEgNumera[u1, 52]
/Channel/State/aaEgNumera[u1, 53]
/Channel/State/aaEgNumera[u1, 54]
/Channel/State/aaEgNumera[u1, 55]
/Channel/State/aaEgNumera[u1, 56]
/Channel/State/aaEgNumera[u1, 57]
/Channel/State/aaEgNumera[u1, 58]
/Channel/State/aaEgNumera[u1, 59]
/Channel/State/aaEgNumera[u1, 60]
/Channel/State/aaEgNumera[u1, 61]
/Channel/State/aaEgNumera[u1, 62]
/Channel/State/aaEgNumera[u1, 63]
/Channel/State/aaEgNumera[u1, 64]
/Channel/State/aaEgNumera[u1, 65]
/Channel/State/aaEgNumera[u1, 66]
/Channel/State/aaEgNumera[u1, 67]
/Channel/State/aaEgNumera[u1, 68]
/Channel/State/aaEgNumera[u1, 69]
/Channel/State/aaEgNumera[u1, 70]
/Channel/State/aaEgNumera[u1, 71]
/Channel/State/aaEgNumera[u1, 72]
/Channel/State/aaEgNumera[u1, 73]
/Channel/State/aaEgNumera[u1, 74]
/Channel/State/aaEgNumera[u1, 75]
/Channel/State/aaEgNumera[u1, 76]
/Channel/State/aaEgNumera[u1, 77]
/Channel/State/aaEgNumera[u1, 78]
/Channel/State/aaEgNumera[u1, 79]
/Channel/State/aaEgNumera[u1, 80]
/Channel/State/aaEgNumera[u1, 81]
/Channel/State/aaEgNumera[u1, 82]
/Channel/State/aaEgNumera[u1, 83]
/Channel/State/aaEgNumera[u1, 84]
/Channel/State/aaEgNumera[u1, 85]
/Channel/State/aaEgNumera[u1, 86]
/Channel/State/aaEgNumera[u1, 87]
/Channel/State/aaEgNumera[u1, 88]
/Channel/State/aaEgNumera[u1, 89]
/Channel/State/aaEgNumera[u1, 90]
/Channel/State/aaEgNumera[u1, 91]
/Channel/State/aaEgNumera[u1, 92]
/Channel/State/aaEgNumera[u1, 93]
/Channel/State/aaEgNumera[u1, 94]
/Channel/State/aaEgNumera[u1, 95]
/Channel/State/aaEgNumera[u1, 96]
/Channel/State/aaEgNumera[u1, 97]
/Channel/State/aaEgNumera[u1, 98]
/Channel/State/aaEgNumera[u1, 99]
/Channel/State/aaEgNumera[u1, 100]";False
aaEgNumLa;EG number of master axes;$AA_EG_NUM_LA[a];;106;(Axis index of slave axis + 1);numMachAxes;"Electronic gear:
Number of master axes specified with EGDEF.
If the axis has not been specified with EGDEF as slave axis,
the value is 0.

Value Range:
0-5";TYPE_UWORD;No unit;0;0.0;5;/Channel/State/aaEgNumLa[u<Channel numb>, <Line Index>];"/Channel/State/aaEgNumLa[u1, 1]
/Channel/State/aaEgNumLa[u1, 2]
/Channel/State/aaEgNumLa[u1, 3]
/Channel/State/aaEgNumLa[u1, 4]
/Channel/State/aaEgNumLa[u1, 5]
/Channel/State/aaEgNumLa[u1, 6]
/Channel/State/aaEgNumLa[u1, 7]
/Channel/State/aaEgNumLa[u1, 8]
/Channel/State/aaEgNumLa[u1, 9]
/Channel/State/aaEgNumLa[u1, 10]
/Channel/State/aaEgNumLa[u1, 11]
/Channel/State/aaEgNumLa[u1, 12]";False
aaEgDenom;EG denominator link factor;$AA_EG_DENOM[a,b];;100;(Axis index of the slave axis) * numMachAxes + (axis index of the master axis) + 1;numMachAxes * numMachAxes;"Electronic gear:
Denominator of link factor for the specified master axis. 
The link factor of the gear is the result of $AA_EG_NUMERA[a,b]/$AA_EG_DENOM[a,b].";TYPE_DOUBLE;No unit;1;;;/Channel/State/aaEgDenom[u<Channel numb>, <Line Index>];"/Channel/State/aaEgDenom[u1, 1]
/Channel/State/aaEgDenom[u1, 2]
/Channel/State/aaEgDenom[u1, 3]
/Channel/State/aaEgDenom[u1, 4]
/Channel/State/aaEgDenom[u1, 5]
/Channel/State/aaEgDenom[u1, 6]
/Channel/State/aaEgDenom[u1, 7]
/Channel/State/aaEgDenom[u1, 8]
/Channel/State/aaEgDenom[u1, 9]
/Channel/State/aaEgDenom[u1, 10]
/Channel/State/aaEgDenom[u1, 11]
/Channel/State/aaEgDenom[u1, 12]
/Channel/State/aaEgDenom[u1, 13]
/Channel/State/aaEgDenom[u1, 14]
/Channel/State/aaEgDenom[u1, 15]
/Channel/State/aaEgDenom[u1, 16]
/Channel/State/aaEgDenom[u1, 17]
/Channel/State/aaEgDenom[u1, 18]
/Channel/State/aaEgDenom[u1, 19]
/Channel/State/aaEgDenom[u1, 20]
/Channel/State/aaEgDenom[u1, 21]
/Channel/State/aaEgDenom[u1, 22]
/Channel/State/aaEgDenom[u1, 23]
/Channel/State/aaEgDenom[u1, 24]
/Channel/State/aaEgDenom[u1, 25]
/Channel/State/aaEgDenom[u1, 26]
/Channel/State/aaEgDenom[u1, 27]
/Channel/State/aaEgDenom[u1, 28]
/Channel/State/aaEgDenom[u1, 29]
/Channel/State/aaEgDenom[u1, 30]
/Channel/State/aaEgDenom[u1, 31]
/Channel/State/aaEgDenom[u1, 32]
/Channel/State/aaEgDenom[u1, 33]
/Channel/State/aaEgDenom[u1, 34]
/Channel/State/aaEgDenom[u1, 35]
/Channel/State/aaEgDenom[u1, 36]
/Channel/State/aaEgDenom[u1, 37]
/Channel/State/aaEgDenom[u1, 38]
/Channel/State/aaEgDenom[u1, 39]
/Channel/State/aaEgDenom[u1, 40]
/Channel/State/aaEgDenom[u1, 41]
/Channel/State/aaEgDenom[u1, 42]
/Channel/State/aaEgDenom[u1, 43]
/Channel/State/aaEgDenom[u1, 44]
/Channel/State/aaEgDenom[u1, 45]
/Channel/State/aaEgDenom[u1, 46]
/Channel/State/aaEgDenom[u1, 47]
/Channel/State/aaEgDenom[u1, 48]
/Channel/State/aaEgDenom[u1, 49]
/Channel/State/aaEgDenom[u1, 50]
/Channel/State/aaEgDenom[u1, 51]
/Channel/State/aaEgDenom[u1, 52]
/Channel/State/aaEgDenom[u1, 53]
/Channel/State/aaEgDenom[u1, 54]
/Channel/State/aaEgDenom[u1, 55]
/Channel/State/aaEgDenom[u1, 56]
/Channel/State/aaEgDenom[u1, 57]
/Channel/State/aaEgDenom[u1, 58]
/Channel/State/aaEgDenom[u1, 59]
/Channel/State/aaEgDenom[u1, 60]
/Channel/State/aaEgDenom[u1, 61]
/Channel/State/aaEgDenom[u1, 62]
/Channel/State/aaEgDenom[u1, 63]
/Channel/State/aaEgDenom[u1, 64]
/Channel/State/aaEgDenom[u1, 65]
/Channel/State/aaEgDenom[u1, 66]
/Channel/State/aaEgDenom[u1, 67]
/Channel/State/aaEgDenom[u1, 68]
/Channel/State/aaEgDenom[u1, 69]
/Channel/State/aaEgDenom[u1, 70]
/Channel/State/aaEgDenom[u1, 71]
/Channel/State/aaEgDenom[u1, 72]
/Channel/State/aaEgDenom[u1, 73]
/Channel/State/aaEgDenom[u1, 74]
/Channel/State/aaEgDenom[u1, 75]
/Channel/State/aaEgDenom[u1, 76]
/Channel/State/aaEgDenom[u1, 77]
/Channel/State/aaEgDenom[u1, 78]
/Channel/State/aaEgDenom[u1, 79]
/Channel/State/aaEgDenom[u1, 80]
/Channel/State/aaEgDenom[u1, 81]
/Channel/State/aaEgDenom[u1, 82]
/Channel/State/aaEgDenom[u1, 83]
/Channel/State/aaEgDenom[u1, 84]
/Channel/State/aaEgDenom[u1, 85]
/Channel/State/aaEgDenom[u1, 86]
/Channel/State/aaEgDenom[u1, 87]
/Channel/State/aaEgDenom[u1, 88]
/Channel/State/aaEgDenom[u1, 89]
/Channel/State/aaEgDenom[u1, 90]
/Channel/State/aaEgDenom[u1, 91]
/Channel/State/aaEgDenom[u1, 92]
/Channel/State/aaEgDenom[u1, 93]
/Channel/State/aaEgDenom[u1, 94]
/Channel/State/aaEgDenom[u1, 95]
/Channel/State/aaEgDenom[u1, 96]
/Channel/State/aaEgDenom[u1, 97]
/Channel/State/aaEgDenom[u1, 98]
/Channel/State/aaEgDenom[u1, 99]
/Channel/State/aaEgDenom[u1, 100]";False
aaEgAx;EG axis number master axis;$AA_EG_AX[n,a];;107;(Axis index of slave axis) * 5 + (index of master axis) + 1;numMachAxes * 5;"Electronic gear:
Axis number of nth master axis (1-n).
(Axis index = axis number - 1)

Value Range:
1-numMachAxes";TYPE_UWORD;No unit;0;1.0;numMachAxes;/Channel/State/aaEgAx[u<Channel numb>, <Line Index>];"/Channel/State/aaEgAx[u1, 1]
/Channel/State/aaEgAx[u1, 2]
/Channel/State/aaEgAx[u1, 3]
/Channel/State/aaEgAx[u1, 4]
/Channel/State/aaEgAx[u1, 5]
/Channel/State/aaEgAx[u1, 6]
/Channel/State/aaEgAx[u1, 7]
/Channel/State/aaEgAx[u1, 8]
/Channel/State/aaEgAx[u1, 9]
/Channel/State/aaEgAx[u1, 10]
/Channel/State/aaEgAx[u1, 11]
/Channel/State/aaEgAx[u1, 12]
/Channel/State/aaEgAx[u1, 13]
/Channel/State/aaEgAx[u1, 14]
/Channel/State/aaEgAx[u1, 15]
/Channel/State/aaEgAx[u1, 16]
/Channel/State/aaEgAx[u1, 17]
/Channel/State/aaEgAx[u1, 18]
/Channel/State/aaEgAx[u1, 19]
/Channel/State/aaEgAx[u1, 20]
/Channel/State/aaEgAx[u1, 21]
/Channel/State/aaEgAx[u1, 22]
/Channel/State/aaEgAx[u1, 23]
/Channel/State/aaEgAx[u1, 24]
/Channel/State/aaEgAx[u1, 25]
/Channel/State/aaEgAx[u1, 26]
/Channel/State/aaEgAx[u1, 27]
/Channel/State/aaEgAx[u1, 28]
/Channel/State/aaEgAx[u1, 29]
/Channel/State/aaEgAx[u1, 30]
/Channel/State/aaEgAx[u1, 31]
/Channel/State/aaEgAx[u1, 32]
/Channel/State/aaEgAx[u1, 33]
/Channel/State/aaEgAx[u1, 34]
/Channel/State/aaEgAx[u1, 35]
/Channel/State/aaEgAx[u1, 36]
/Channel/State/aaEgAx[u1, 37]
/Channel/State/aaEgAx[u1, 38]
/Channel/State/aaEgAx[u1, 39]
/Channel/State/aaEgAx[u1, 40]
/Channel/State/aaEgAx[u1, 41]
/Channel/State/aaEgAx[u1, 42]
/Channel/State/aaEgAx[u1, 43]
/Channel/State/aaEgAx[u1, 44]
/Channel/State/aaEgAx[u1, 45]
/Channel/State/aaEgAx[u1, 46]
/Channel/State/aaEgAx[u1, 47]
/Channel/State/aaEgAx[u1, 48]
/Channel/State/aaEgAx[u1, 49]
/Channel/State/aaEgAx[u1, 50]
/Channel/State/aaEgAx[u1, 51]
/Channel/State/aaEgAx[u1, 52]
/Channel/State/aaEgAx[u1, 53]
/Channel/State/aaEgAx[u1, 54]
/Channel/State/aaEgAx[u1, 55]
/Channel/State/aaEgAx[u1, 56]
/Channel/State/aaEgAx[u1, 57]
/Channel/State/aaEgAx[u1, 58]
/Channel/State/aaEgAx[u1, 59]
/Channel/State/aaEgAx[u1, 60]";False
aaEgActive;EG link active;$AA_EG_ACTIVE[a,b];;108;(Axis index of the slave axis) * numMachAxes + (axis index of the master axis) + 1;numMachAxes * numMachAxes;"Electronic gear:
Link to the specified master axis is operative, i.e. activated.

Value Range:
0: Deactivated
1: Activated";TYPE_UWORD;No unit;0;0.0;1;/Channel/State/aaEgActive[u<Channel numb>, <Line Index>];"/Channel/State/aaEgActive[u1, 1]
/Channel/State/aaEgActive[u1, 2]
/Channel/State/aaEgActive[u1, 3]
/Channel/State/aaEgActive[u1, 4]
/Channel/State/aaEgActive[u1, 5]
/Channel/State/aaEgActive[u1, 6]
/Channel/State/aaEgActive[u1, 7]
/Channel/State/aaEgActive[u1, 8]
/Channel/State/aaEgActive[u1, 9]
/Channel/State/aaEgActive[u1, 10]
/Channel/State/aaEgActive[u1, 11]
/Channel/State/aaEgActive[u1, 12]
/Channel/State/aaEgActive[u1, 13]
/Channel/State/aaEgActive[u1, 14]
/Channel/State/aaEgActive[u1, 15]
/Channel/State/aaEgActive[u1, 16]
/Channel/State/aaEgActive[u1, 17]
/Channel/State/aaEgActive[u1, 18]
/Channel/State/aaEgActive[u1, 19]
/Channel/State/aaEgActive[u1, 20]
/Channel/State/aaEgActive[u1, 21]
/Channel/State/aaEgActive[u1, 22]
/Channel/State/aaEgActive[u1, 23]
/Channel/State/aaEgActive[u1, 24]
/Channel/State/aaEgActive[u1, 25]
/Channel/State/aaEgActive[u1, 26]
/Channel/State/aaEgActive[u1, 27]
/Channel/State/aaEgActive[u1, 28]
/Channel/State/aaEgActive[u1, 29]
/Channel/State/aaEgActive[u1, 30]
/Channel/State/aaEgActive[u1, 31]
/Channel/State/aaEgActive[u1, 32]
/Channel/State/aaEgActive[u1, 33]
/Channel/State/aaEgActive[u1, 34]
/Channel/State/aaEgActive[u1, 35]
/Channel/State/aaEgActive[u1, 36]
/Channel/State/aaEgActive[u1, 37]
/Channel/State/aaEgActive[u1, 38]
/Channel/State/aaEgActive[u1, 39]
/Channel/State/aaEgActive[u1, 40]
/Channel/State/aaEgActive[u1, 41]
/Channel/State/aaEgActive[u1, 42]
/Channel/State/aaEgActive[u1, 43]
/Channel/State/aaEgActive[u1, 44]
/Channel/State/aaEgActive[u1, 45]
/Channel/State/aaEgActive[u1, 46]
/Channel/State/aaEgActive[u1, 47]
/Channel/State/aaEgActive[u1, 48]
/Channel/State/aaEgActive[u1, 49]
/Channel/State/aaEgActive[u1, 50]
/Channel/State/aaEgActive[u1, 51]
/Channel/State/aaEgActive[u1, 52]
/Channel/State/aaEgActive[u1, 53]
/Channel/State/aaEgActive[u1, 54]
/Channel/State/aaEgActive[u1, 55]
/Channel/State/aaEgActive[u1, 56]
/Channel/State/aaEgActive[u1, 57]
/Channel/State/aaEgActive[u1, 58]
/Channel/State/aaEgActive[u1, 59]
/Channel/State/aaEgActive[u1, 60]
/Channel/State/aaEgActive[u1, 61]
/Channel/State/aaEgActive[u1, 62]
/Channel/State/aaEgActive[u1, 63]
/Channel/State/aaEgActive[u1, 64]
/Channel/State/aaEgActive[u1, 65]
/Channel/State/aaEgActive[u1, 66]
/Channel/State/aaEgActive[u1, 67]
/Channel/State/aaEgActive[u1, 68]
/Channel/State/aaEgActive[u1, 69]
/Channel/State/aaEgActive[u1, 70]
/Channel/State/aaEgActive[u1, 71]
/Channel/State/aaEgActive[u1, 72]
/Channel/State/aaEgActive[u1, 73]
/Channel/State/aaEgActive[u1, 74]
/Channel/State/aaEgActive[u1, 75]
/Channel/State/aaEgActive[u1, 76]
/Channel/State/aaEgActive[u1, 77]
/Channel/State/aaEgActive[u1, 78]
/Channel/State/aaEgActive[u1, 79]
/Channel/State/aaEgActive[u1, 80]
/Channel/State/aaEgActive[u1, 81]
/Channel/State/aaEgActive[u1, 82]
/Channel/State/aaEgActive[u1, 83]
/Channel/State/aaEgActive[u1, 84]
/Channel/State/aaEgActive[u1, 85]
/Channel/State/aaEgActive[u1, 86]
/Channel/State/aaEgActive[u1, 87]
/Channel/State/aaEgActive[u1, 88]
/Channel/State/aaEgActive[u1, 89]
/Channel/State/aaEgActive[u1, 90]
/Channel/State/aaEgActive[u1, 91]
/Channel/State/aaEgActive[u1, 92]
/Channel/State/aaEgActive[u1, 93]
/Channel/State/aaEgActive[u1, 94]
/Channel/State/aaEgActive[u1, 95]
/Channel/State/aaEgActive[u1, 96]
/Channel/State/aaEgActive[u1, 97]
/Channel/State/aaEgActive[u1, 98]
/Channel/State/aaEgActive[u1, 99]
/Channel/State/aaEgActive[u1, 100]";False
aaAccLimA;Axial acceleration overr. main run;$AA_ACCLIMA[a];;187;(Axis index );numMachAxes;"Axial acceleration override in main run

Value Range:
1-200";TYPE_UWORD;No unit;100;1.0;200;/Channel/State/aaAccLimA[u<Channel numb>, <Line Index>];"/Channel/State/aaAccLimA[u1, 1]
/Channel/State/aaAccLimA[u1, 2]
/Channel/State/aaAccLimA[u1, 3]
/Channel/State/aaAccLimA[u1, 4]
/Channel/State/aaAccLimA[u1, 5]
/Channel/State/aaAccLimA[u1, 6]
/Channel/State/aaAccLimA[u1, 7]
/Channel/State/aaAccLimA[u1, 8]
/Channel/State/aaAccLimA[u1, 9]
/Channel/State/aaAccLimA[u1, 10]
/Channel/State/aaAccLimA[u1, 11]
/Channel/State/aaAccLimA[u1, 12]";False
acSimMode;Simulation mode;;;365;1;1;"Variable $AC_SIM_MODE determines the simulation mode. The following values are possible:
0: Simulation not active.
1: Simulation mode active.";TYPE_DWORD;No unit;;0.0;1;/Channel/State/acSimMode[u<Channel numb>, <Line Index>];/Channel/State/acSimMode[u1, 1];False
acSimTimeStep;Time step in the simulation;;;363;1;1;For the simulation: time step in seconds;TYPE_DOUBLE;Time (s or user defined);;;;/Channel/State/acSimTimeStep[u<Channel numb>, <Line Index>];/Channel/State/acSimTimeStep[u1, 1];False
acMeasP2Coord;Coordinate system of the 2nd measuring point;$AC_MEAS_P2_COORD;;195;;;"Coordinate system of the 2nd measuring point

Value Range:
0: Work 1: BCS 2: MCS";TYPE_DWORD;No unit;0;0.0;;/Channel/State/acMeasP2Coord[u<Channel numb>];/Channel/State/acMeasP2Coord[u1];False
acMea;Touch probe has switched;$AC_MEA;;41;No. of touch probe;2;"Touch probe has switched

Value Range:
No. of touch probe";TYPE_UWORD;No unit;0;0.0;1;/Channel/State/acMea[u<Channel numb>, <Line Index>];"/Channel/State/acMea[u1, 1]
/Channel/State/acMea[u1, 2]";False
acMeasP1Coord;Coordinate system of the 1st measuring point;$AC_MEAS_P1_COORD;;194;;;"Coordinate system of the 1st measuring point

Value Range:
0: Work 1: BCS 2: MCS";TYPE_DWORD;No unit;0;0.0;;/Channel/State/acMeasP1Coord[u<Channel numb>];/Channel/State/acMeasP1Coord[u1];False
acMeasNcbfr;Global basic frame screen form;$AC_MEAS_NCBFR;;200;;;Global basic frame screen form for setting up the new frame;TYPE_DWORD;No unit;0;0.0;;/Channel/State/acMeasNcbfr[u<Channel numb>];/Channel/State/acMeasNcbfr[u1];False
acMeasLatch;Save measuring point;$AC_MEAS_LATCH;;152;Measuring point no.;4;"Save measuring points for workpiece and tool measurement


Value Range:
0: Clear measuring point
1: Write current axial values to measuring point";TYPE_DWORD;No unit;0;0.0;1;/Channel/State/acMeasLatch[u<Channel numb>, <Line Index>];"/Channel/State/acMeasLatch[u1, 1]
/Channel/State/acMeasLatch[u1, 2]
/Channel/State/acMeasLatch[u1, 3]
/Channel/State/acMeasLatch[u1, 4]";False
acMeasInput;Data for measurement;$AC_MEAS_INPUT[n];;234;Index;10;Data for the workpiece and tool measurement;TYPE_DOUBLE;No unit;0;;;/Channel/State/acMeasInput[u<Channel numb>, <Line Index>];"/Channel/State/acMeasInput[u1, 1]
/Channel/State/acMeasInput[u1, 2]
/Channel/State/acMeasInput[u1, 3]
/Channel/State/acMeasInput[u1, 4]
/Channel/State/acMeasInput[u1, 5]
/Channel/State/acMeasInput[u1, 6]
/Channel/State/acMeasInput[u1, 7]
/Channel/State/acMeasInput[u1, 8]
/Channel/State/acMeasInput[u1, 9]
/Channel/State/acMeasInput[u1, 10]";False
acMeasFrameSelect;Frame selection;$AC_MEAS_FRAME_SELECT;;143;1;1;"The frame calculated during workpiece measurement is
entered in the selected frame.

Value Range:
0: $P_SETFR
10.. 25: $P_CHBFR[0..15]
50.. 65: $P_NCBFR[0..15]
100.. 199: $P_UIFR[0..99]
1010..1025: $P_CHBFR[0..15] 
1050..1065: $P_NCBFR[0..15]";TYPE_DWORD;No unit;;0.0;1065;/Channel/State/acMeasFrameSelect[u<Channel numb>, <Line Index>];/Channel/State/acMeasFrameSelect[u1, 1];False
acMeasFineTrans;Fine offset;$AC_MEAS_FINE_TRANS;;172;1;1;"Correction in fine offset

Value Range:
0: Correction in coarse translation
1: Correction in fine translation";TYPE_DWORD;No unit;;0.0;1;/Channel/State/acMeasFineTrans[u<Channel numb>, <Line Index>];/Channel/State/acMeasFineTrans[u1, 1];False
acMeasDirApproach;Approach direction;$AC_MEAS_DIR_APPROACH;;141;1;1;"Approach direction towards workpiece

Value Range:
0: +x 1: -x 2: +y 3: -y 4: +z 5: -z";TYPE_DWORD;No unit;;0.0;5;/Channel/State/acMeasDirApproach[u<Channel numb>, <Line Index>];/Channel/State/acMeasDirApproach[u1, 1];False
acMeasDiameter;Diameter;$AC_MEAS_DIAMETER;;150;1;1;Calculated diameter;TYPE_DOUBLE;Linear position (mm, inch or user defined);;;;/Channel/State/acMeasDiameter[u<Channel numb>, <Line Index>];/Channel/State/acMeasDiameter[u1, 1];False
acMeasDNumber;Tool edge number;$AC_MEAS_D_NUMBER;;145;1;1;Selected tool edge number;TYPE_DWORD;No unit;;0.0;;/Channel/State/acMeasDNumber[u<Channel numb>, <Line Index>];/Channel/State/acMeasDNumber[u1, 1];False
acMeasCornerSetangle;Setpoint cutting angle;$AC_MEAS_CORNER_SETANGLE;;140;1;1;"User-selectable setpoint cutting angle of corner

Value Range:
Permissible input range between 0 and 180 degrees";TYPE_DOUBLE;Angular position (degree or user defined);;0.0;180.0;/Channel/State/acMeasCornerSetangle[u<Channel numb>, <Line Index>];/Channel/State/acMeasCornerSetangle[u1, 1];False
acMeasCornerAngle;Corner cutting angle;$AC_MEAS_CORNER_ANGLE;;149;1;1;Calculated cutting angle of corner;TYPE_DOUBLE;Angular position (degree or user defined);;;;/Channel/State/acMeasCornerAngle[u<Channel numb>, <Line Index>];/Channel/State/acMeasCornerAngle[u1, 1];False
acMeasChsfr;System frame bit screen form;$AC_MEAS_CHSFR;;199;;;System frame bit screen form for setting up the new frame;TYPE_DWORD;No unit;0;0.0;;/Channel/State/acMeasChsfr[u<Channel numb>];/Channel/State/acMeasChsfr[u1];False
acMeasChbfr;Channel basic frame screen form;$AC_MEAS_CHBFR;;201;;;Channel basic frame screen form for setting up the new frame;TYPE_DWORD;No unit;0;0.0;;/Channel/State/acMeasChbfr[u<Channel numb>];/Channel/State/acMeasChbfr[u1];False
acMeasActPlane;Plane setting;$AC_MEAS_ACT_PLANE;;142;1;1;"Plane setting for measurement calculation

Value Range:
0: G17, 1: G18, 2: G19";TYPE_DWORD;No unit;;0.0;2;/Channel/State/acMeasActPlane[u<Channel numb>, <Line Index>];/Channel/State/acMeasActPlane[u1, 1];False
acLiftFast;Information about LIFTFAST;$AC_LIFTFAST;;256;1;1;"Information about the execution of LIFTFAST.
At the start of the LIFTFAST operation, the variable
is set internally by the NC to the value '1'.
The variable must be reset to the initial state ($AC_LIFTFAST=0)
by the evaluating program (if available), in order to be able to
detect a subsequent LIFTFAST.

Value Range:
0: Initial state
1: LIFTFAST has been executed";TYPE_UWORD;No unit;0;0.0;1;/Channel/State/acLiftFast[u<Channel numb>, <Line Index>];/Channel/State/acLiftFast[u1, 1];False
acTrafoPar;Parameter(s) of the current transformation;$AC_TRAFO_PAR[n];;59;Number of the parameter (dependent on the transformation type);8;Supplies the value of parameter 'n' of the current transformation, e.g. the cylinder diameter in the case of TRACYL;TYPE_DOUBLE;No unit;;;;/Channel/State/acTrafoPar[u<Channel numb>, <Line Index>];"/Channel/State/acTrafoPar[u1, 1]
/Channel/State/acTrafoPar[u1, 2]
/Channel/State/acTrafoPar[u1, 3]
/Channel/State/acTrafoPar[u1, 4]
/Channel/State/acTrafoPar[u1, 5]
/Channel/State/acTrafoPar[u1, 6]
/Channel/State/acTrafoPar[u1, 7]
/Channel/State/acTrafoPar[u1, 8]
/Channel/State/acTrafoPar[u1, 9]
/Channel/State/acTrafoPar[u1, 10]
/Channel/State/acTrafoPar[u1, 11]";False
acJogCoord;Coordinate system manual travel;$AC_JOG_COORD;;192;;;"Setting the coordinate system for the manual travel

Value Range:
0: Work
1: SZS";TYPE_DWORD;No unit;0;0.0;1;/Channel/State/acJogCoord[u<Channel numb>];/Channel/State/acJogCoord[u1];False
acIwTu;Current position of channel axes;$AC_IW_TU;;117;1;1;"Current position of channel axes

Value Range:
Bit-coded:
Bit 0: Channel axis 1 position
Bit 1: Channel axis 2 position
Bit 2: Channel axis 3 position
Bit 3: Channel axis 4 position
...";TYPE_DWORD;No unit;0;;;/Channel/State/acIwTu[u<Channel numb>, <Line Index>];/Channel/State/acIwTu[u1, 1];False
acIwStat;Current position of machine;$AC_IW_STAT;;116;1;1;"Current position of machine

Value Range:
Bit-coded:
Bit 0: Tool inv. position
Bit 1: Axis 2/3 position
Bit 2: Axis 5 position
Bit 3-31: Not yet assigned";TYPE_DWORD;No unit;0;;;/Channel/State/acIwStat[u<Channel numb>, <Line Index>];/Channel/State/acIwStat[u1, 1];False
acFctul;Upper limit nth polynominal for synchronous action;"$AC_FCTUL[x]
x
=
PolynomNo";;49;"PolynomNo
Number of the polynominal";$MC_MM_NUM_FCTDEF_ELEMENTS;"Upper limit of the nth polynominal for the synchronous action SYNFCT / function FCTDEF n
(Note: for SYNACT only)";TYPE_DOUBLE;No unit;;;;/Channel/State/acFctul[u<Channel numb>, <Line Index>];"/Channel/State/acFctul[u1, 1]
/Channel/State/acFctul[u1, 2]
/Channel/State/acFctul[u1, 3]";False
acFctll;Lower limit nth polynominal for synchronous action;"$AC_FCTLL[x]
x
=
PolynomNo";;48;"PolynomNo
Number of the polynominal";$MC_MM_NUM_FCTDEF_ELEMENTS;"Lower limit of the nth polynominal for the synchronous action SYNFCT / function FCTDEF n
(Note: for SYNACT only)";TYPE_DOUBLE;No unit;;;;/Channel/State/acFctll[u<Channel numb>, <Line Index>];"/Channel/State/acFctll[u1, 1]
/Channel/State/acFctll[u1, 2]
/Channel/State/acFctll[u1, 3]";False
acFct3;a3-coeff. nth polynominal for synchonous action;"$AC_FCT3[x]
x
=
PolynomNo";;53;"PolynomNo
Number of the polynominal";$MC_MM_NUM_FCTDEF_ELEMENTS;"a3-coefficient of the nth polynominal for the synchronous action
SYNFCT / function FCTDEF n
(Note: for SYNACT only)";TYPE_DOUBLE;No unit;;;;/Channel/State/acFct3[u<Channel numb>, <Line Index>];"/Channel/State/acFct3[u1, 1]
/Channel/State/acFct3[u1, 2]
/Channel/State/acFct3[u1, 3]";False
acFct2;a2-coeff. nth polynominal for synchonous action;"$AC_FCT2[x]
x
=
PolynomNo";;52;"PolynomNo
Number of the polynominal";$MC_MM_NUM_FCTDEF_ELEMENTS;"a2-coefficient of the nth polynominal for the synchronous action
SYNFCT / function FCTDEF n
(Note: for SYNACT only)";TYPE_DOUBLE;No unit;;;;/Channel/State/acFct2[u<Channel numb>, <Line Index>];"/Channel/State/acFct2[u1, 1]
/Channel/State/acFct2[u1, 2]
/Channel/State/acFct2[u1, 3]";False
acFct1;a1-coeff. nth polynominal for synchonous action;"$AC_FCT1[x]
x
=
PolynomNo";;51;"PolynomNo
Number of the polynominal";$MC_MM_NUM_FCTDEF_ELEMENTS;"a1-coefficient of the nth polynominal for the synchronous action SYNFCT / function FCTDEF n
(Note: for SYNACT only)";TYPE_DOUBLE;No unit;;;;/Channel/State/acFct1[u<Channel numb>, <Line Index>];"/Channel/State/acFct1[u1, 1]
/Channel/State/acFct1[u1, 2]
/Channel/State/acFct1[u1, 3]";False
acFct0;a0-coeff. nth polynominal for synchonous action;"$AC_FCT0[x]
x
=
PolynomNo";;50;"PolynomNo
Number of the polynominal";$MC_MM_NUM_FCTDEF_ELEMENTS;"a0-coefficient of the nth polynominal for the synchronous action SYNFCT / function FCTDEF n
(Note: for SYNACT only)";TYPE_DOUBLE;No unit;;;;/Channel/State/acFct0[u<Channel numb>, <Line Index>];"/Channel/State/acFct0[u1, 1]
/Channel/State/acFct0[u1, 2]
/Channel/State/acFct0[u1, 3]";False
acFGo;Max. rapid traverse rate in the block;$AC_F_G0;;268;1;1;Max. rapid traverse rate in the block;TYPE_DOUBLE;Linear velocity (mm/min, inch/min or user defined);0;0.0;;/Channel/State/acFGo[u<Channel numb>, <Line Index>];/Channel/State/acFGo[u1, 1];False
acEsrTrigger;Activation of ESR;$AC_ESR_TRIGGER;;179;1;1;Activation of 'NC-controlled ESR';TYPE_UWORD;No unit;0;0.0;1;/Channel/State/acEsrTrigger[u<Channel numb>, <Line Index>];/Channel/State/acEsrTrigger[u1, 1];False
acDtew;Distance to the end of the block in the WCS;$AC_DTEW;;61;1;1;"Distance to the end of the block in the WCS
(Note: for SYNACT only)";TYPE_DOUBLE;No unit;;;;/Channel/State/acDtew[u<Channel numb>, <Line Index>];/Channel/State/acDtew[u1, 1];False
cmdTrafoParS;Parameter(s) of the programmed transformation;$P_TRAFO_PAR[n];;62;Number of the parameter (dependent on the transformation type);8;Supplies the value of parameter 'n' of the programmed transformation, e.g. the cylinder diameter in the case of TRACYL;TYPE_DOUBLE;No unit;;;;/Channel/State/cmdTrafoParS[u<Channel numb>, <Line Index>];"/Channel/State/cmdTrafoParS[u1, 1]
/Channel/State/cmdTrafoParS[u1, 2]
/Channel/State/cmdTrafoParS[u1, 3]
/Channel/State/cmdTrafoParS[u1, 4]
/Channel/State/cmdTrafoParS[u1, 5]
/Channel/State/cmdTrafoParS[u1, 6]
/Channel/State/cmdTrafoParS[u1, 7]
/Channel/State/cmdTrafoParS[u1, 8]
/Channel/State/cmdTrafoParS[u1, 9]
/Channel/State/cmdTrafoParS[u1, 10]
/Channel/State/cmdTrafoParS[u1, 11]";False
blockProgInfo;Information of active block in the interpolator;$AC_BLOCK_PROGSTATE;;354;1;1;"Returns the information of a main run block.

Value Range:
Bit-coded:
Bit 0: Block is end of main program ( M02, M17, M30 or RET(ASUB) )
Bit 1: Block is end of subprogram
Bit 2: Block is last initializing block";TYPE_DWORD;No unit;0;0.0;;/Channel/State/blockProgInfo[u<Channel numb>, <Line Index>];/Channel/State/blockProgInfo[u1, 1];False
aaCoupOffs;Pos. offset of the synchr. spindle desired value;"$AA_COUP_OFFS[x]
x
=
Spindle";;125;"Axis
Axis Number";numMachAxes;Position offset of the synchronous spindle desired value;TYPE_DOUBLE;No unit;;;;/Channel/MachineAxis/aaCoupOffs[u<Channel numb>, <Line Index>];"/Channel/MachineAxis/aaCoupOffs[u1, 1]
/Channel/MachineAxis/aaCoupOffs[u1, 2]
/Channel/MachineAxis/aaCoupOffs[u1, 3]
/Channel/MachineAxis/aaCoupOffs[u1, 4]
/Channel/MachineAxis/aaCoupOffs[u1, 5]
/Channel/MachineAxis/aaCoupOffs[u1, 6]
/Channel/MachineAxis/aaCoupOffs[u1, 7]
/Channel/MachineAxis/aaCoupOffs[u1, 8]
/Channel/MachineAxis/aaCoupOffs[u1, 9]
/Channel/MachineAxis/aaCoupOffs[u1, 10]
/Channel/MachineAxis/aaCoupOffs[u1, 11]
/Channel/MachineAxis/aaCoupOffs[u1, 12]
/Channel/MachineAxis/aaCoupOffs[u1, 13]
/Channel/MachineAxis/aaCoupOffs[u1, 14]
/Channel/MachineAxis/aaCoupOffs[u1, 15]
/Channel/MachineAxis/aaCoupOffs[u1, 16]
/Channel/MachineAxis/aaCoupOffs[u1, 17]
/Channel/MachineAxis/aaCoupOffs[u1, 18]
/Channel/MachineAxis/aaCoupOffs[u1, 19]
/Channel/MachineAxis/aaCoupOffs[u1, 20]";False
